Customer_ID,Total_Orders,Total_Units,Total_Spent,Total_Profit,Average_Order_Value,Customer_Type,Spend_Rank,Spend_Decile,Customer_Segment
CUST00001,9,11,180859.36,29299.05,20095.484444444442,Repeat Customer,2411,6,Low Value
CUST00002,10,23,320159.54,45062.840000000004,32015.953999999998,Repeat Customer,704,9,Medium Value
CUST00003,9,13,203809.48,23959.94,22645.49777777778,Repeat Customer,1983,7,Medium Value
CUST00004,9,15,148766.68,22537.87,16529.63111111111,Repeat Customer,3038,4,Low Value
CUST00005,15,21,219444.68,27041.23,14629.645333333332,Repeat Customer,1763,7,Medium Value
CUST00006,11,19,253667.59,51824.68,23060.69,Repeat Customer,1328,8,Medium Value
CUST00007,9,13,308462.59,33002.47,34273.62111111111,Repeat Customer,796,9,Medium Value
CUST00008,15,23,310616.22,58022.16,20707.748,Repeat Customer,772,9,Medium Value
CUST00009,10,19,249688.43000000002,16320.53,24968.843,Repeat Customer,1380,8,Medium Value
CUST00010,15,27,320719.4,60716.48,21381.293333333335,Repeat Customer,702,9,Medium Value
CUST00011,10,13,186842.46,23420.23,18684.246,Repeat Customer,2293,6,Low Value
CUST00012,11,22,206831.21,41989.57,18802.837272727273,Repeat Customer,1942,7,Medium Value
CUST00013,5,13,111664.76,19887.8,22332.951999999997,Repeat Customer,3827,3,Low Value
CUST00014,10,15,270354.45,43039.369999999995,27035.445,Repeat Customer,1148,8,Medium Value
CUST00015,7,12,189654.95,28190.7,27093.56428571429,Repeat Customer,2233,6,Low Value
CUST00016,7,8,38119.740000000005,7881.31,5445.677142857144,Repeat Customer,4918,1,Low Value
CUST00017,6,13,120153.55,22147.28,20025.591666666667,Repeat Customer,3658,3,Low Value
CUST00018,10,12,81213.59999999999,11760.06,8121.359999999999,Repeat Customer,4396,2,Low Value
CUST00019,11,20,419906.66000000003,60149.810000000005,38173.33272727273,Repeat Customer,261,10,High Value
CUST00020,12,25,253968.29,42641.21,21164.024166666666,Repeat Customer,1324,8,Medium Value
CUST00021,5,8,48302.4,8314.69,9660.48,Repeat Customer,4845,1,Low Value
CUST00022,10,16,246778.61,28672.62,24677.860999999997,Repeat Customer,1414,8,Medium Value
CUST00023,9,28,171339.87,36375.07,19037.763333333332,Repeat Customer,2579,5,Low Value
CUST00024,13,18,263501.21,37318.88,20269.32384615385,Repeat Customer,1226,8,Medium Value
CUST00025,9,13,203914.31,38191.78,22657.145555555555,Repeat Customer,1980,7,Medium Value
CUST00026,9,14,218066.97,39026.07,24229.663333333334,Repeat Customer,1793,7,Medium Value
CUST00027,15,22,181933.3,20880.29,12128.886666666665,Repeat Customer,2390,6,Low Value
CUST00028,8,15,210411.09,29883.920000000002,26301.38625,Repeat Customer,1888,7,Medium Value
CUST00029,11,24,272253.61,34205.58,24750.328181818182,Repeat Customer,1136,8,Medium Value
CUST00030,9,14,148125.88999999998,25916.859999999997,16458.43222222222,Repeat Customer,3059,4,Low Value
CUST00031,9,10,81046.25,11938.32,9005.138888888889,Repeat Customer,4401,2,Low Value
CUST00032,11,18,209911.07,39383.97,19082.824545454547,Repeat Customer,1899,7,Medium Value
CUST00033,9,13,68427.17,11028.08,7603.018888888889,Repeat Customer,4619,1,Low Value
CUST00034,12,18,176379.5,26435.47,14698.291666666666,Repeat Customer,2493,6,Low Value
CUST00035,13,29,478199.6,69955.35,36784.584615384614,Repeat Customer,133,10,High Value
CUST00036,9,22,215635.78,32295.43,23959.53111111111,Repeat Customer,1826,7,Medium Value
CUST00037,15,30,255051.69,42456.49,17003.446,Repeat Customer,1312,8,Medium Value
CUST00038,12,21,258432.8,46116.5,21536.066666666666,Repeat Customer,1274,8,Medium Value
CUST00039,10,11,77581.44,15235.67,7758.144,Repeat Customer,4470,2,Low Value
CUST00040,10,24,165535.86,23602.42,16553.586,Repeat Customer,2700,5,Low Value
CUST00041,10,22,208780.83,39792.52,20878.083,Repeat Customer,1911,7,Medium Value
CUST00042,11,16,238464.12,30152.899999999998,21678.556363636362,Repeat Customer,1502,7,Medium Value
CUST00043,9,18,147674.35,27505.269999999997,16408.26111111111,Repeat Customer,3074,4,Low Value
CUST00044,7,10,95796.51999999999,6751.72,13685.217142857142,Repeat Customer,4144,2,Low Value
CUST00045,11,28,400397.88,70192.94,36399.807272727274,Repeat Customer,328,10,High Value
CUST00046,3,4,151985.41999999998,30037.68,50661.806666666664,Repeat Customer,2982,5,Low Value
CUST00047,12,20,222327.02,30399.16,18527.251666666667,Repeat Customer,1720,7,Medium Value
CUST00048,12,16,218806.54,34967.62,18233.878333333334,Repeat Customer,1776,7,Medium Value
CUST00049,5,9,107418.98000000001,21317.03,21483.796000000002,Repeat Customer,3900,3,Low Value
CUST00050,11,17,165310.36,29220.53,15028.214545454544,Repeat Customer,2707,5,Low Value
CUST00051,13,18,265091.45,42552.68,20391.65,Repeat Customer,1213,8,Medium Value
CUST00052,12,17,93264.78,11848.46,7772.065,Repeat Customer,4192,2,Low Value
CUST00053,12,19,107175.92,13429.42,8931.326666666666,Repeat Customer,3903,3,Low Value
CUST00054,16,27,255864.16,53820.84,15991.51,Repeat Customer,1300,8,Medium Value
CUST00055,12,20,153613.27000000002,17290.239999999998,12801.105833333335,Repeat Customer,2942,5,Low Value
CUST00056,11,16,149681.43,29951.55,13607.402727272727,Repeat Customer,3016,4,Low Value
CUST00057,10,19,213877.94,28683.789999999997,21387.794,Repeat Customer,1846,7,Medium Value
CUST00058,10,16,151318.81,22300.4,15131.881,Repeat Customer,2988,5,Low Value
CUST00059,9,20,248388.68,40531.46,27598.742222222223,Repeat Customer,1396,8,Medium Value
CUST00060,9,12,184397.27,24842.68,20488.585555555554,Repeat Customer,2339,6,Low Value
CUST00061,16,26,303065.5,8449.34,18941.59375,Repeat Customer,841,9,Medium Value
CUST00062,13,23,249628.38,43656.18,19202.183076923076,Repeat Customer,1381,8,Medium Value
CUST00063,10,21,169206.96,25200.64,16920.696,Repeat Customer,2621,5,Low Value
CUST00064,12,28,692017.28,115978.40999999999,57668.10666666667,Repeat Customer,9,10,High Value
CUST00065,8,20,153982.48,12995.38,19247.81,Repeat Customer,2929,5,Low Value
CUST00066,6,7,91122.06,19216.25,15187.01,Repeat Customer,4230,2,Low Value
CUST00067,11,22,249223.52,43802.340000000004,22656.683636363636,Repeat Customer,1385,8,Medium Value
CUST00068,9,15,65169.630000000005,5153.18,7241.070000000001,Repeat Customer,4657,1,Low Value
CUST00069,10,16,196525.57,32013.02,19652.557,Repeat Customer,2103,6,Low Value
CUST00070,9,17,158377.33000000002,27246.83,17597.481111111112,Repeat Customer,2851,5,Low Value
CUST00071,9,18,187528.78,24330.28,20836.53111111111,Repeat Customer,2279,6,Low Value
CUST00072,20,36,330489.75,55749.630000000005,16524.4875,Repeat Customer,641,9,Medium Value
CUST00073,6,11,34139.189999999995,2954.9399999999996,5689.864999999999,Repeat Customer,4940,1,Low Value
CUST00074,17,22,221176.48,31141.32,13010.38117647059,Repeat Customer,1733,7,Medium Value
CUST00075,12,25,292335.77,39850.75,24361.314166666667,Repeat Customer,935,9,Medium Value
CUST00076,8,15,350463.58999999997,41827.75,43807.948749999996,Repeat Customer,533,9,Medium Value
CUST00077,5,8,90832.16,10224.09,18166.432,Repeat Customer,4235,2,Low Value
CUST00078,9,13,117937.55,20909.48,13104.172222222223,Repeat Customer,3706,3,Low Value
CUST00079,10,14,100763.04,13941.66,10076.304,Repeat Customer,4036,2,Low Value
CUST00080,10,19,137862.30000000002,24666.65,13786.230000000001,Repeat Customer,3280,4,Low Value
CUST00081,4,10,91315.59999999999,14494.57,22828.899999999998,Repeat Customer,4226,2,Low Value
CUST00082,10,13,91170.53,12729.97,9117.053,Repeat Customer,4229,2,Low Value
CUST00083,17,32,543573.97,68814.92,31974.939411764703,Repeat Customer,66,10,High Value
CUST00084,5,11,222356.17,32554.989999999998,44471.234000000004,Repeat Customer,1719,7,Medium Value
CUST00085,6,13,60803.39,8100.08,10133.898333333333,Repeat Customer,4713,1,Low Value
CUST00086,11,14,193503.11,15878.7,17591.19181818182,Repeat Customer,2168,6,Low Value
CUST00087,10,17,329273.3,51470.119999999995,32927.33,Repeat Customer,650,9,Medium Value
CUST00088,6,10,106682.86,-204.21000000000004,17780.476666666666,Repeat Customer,3915,3,Low Value
CUST00089,9,14,178592.46,25909.440000000002,19843.606666666667,Repeat Customer,2460,6,Low Value
CUST00090,5,9,225640.90000000002,38496.98,45128.18000000001,Repeat Customer,1675,7,Medium Value
CUST00091,11,21,170344.87,33283.7,15485.897272727272,Repeat Customer,2596,5,Low Value
CUST00092,9,18,93040.25,14707.33,10337.805555555555,Repeat Customer,4196,2,Low Value
CUST00093,4,7,60176.32,10191.42,15044.08,Repeat Customer,4724,1,Low Value
CUST00094,8,14,210967.28999999998,34869.05,26370.911249999997,Repeat Customer,1879,7,Medium Value
CUST00095,5,9,57253.67,13968.400000000001,11450.734,Repeat Customer,4771,1,Low Value
CUST00096,15,22,350888.64999999997,41880.24,23392.576666666664,Repeat Customer,529,9,Medium Value
CUST00097,7,16,280159.44,53267.29,40022.77714285714,Repeat Customer,1052,8,Medium Value
CUST00098,9,17,273807.08999999997,60104.58,30423.009999999995,Repeat Customer,1118,8,Medium Value
CUST00099,16,27,359608.67,39865.32,22475.541875,Repeat Customer,495,10,High Value
CUST00100,4,10,192087.34,46385.93,48021.835,Repeat Customer,2196,6,Low Value
CUST00101,9,13,174844.87,34591.39,19427.207777777778,Repeat Customer,2521,5,Low Value
CUST00102,10,17,269726.86,55498.380000000005,26972.685999999998,Repeat Customer,1158,8,Medium Value
CUST00103,8,13,88662.47,12882.57,11082.80875,Repeat Customer,4270,2,Low Value
CUST00104,9,19,345228.67,18837.059999999998,38358.74111111111,Repeat Customer,558,9,Medium Value
CUST00105,8,8,86026.55,10087.91,10753.31875,Repeat Customer,4318,2,Low Value
CUST00106,9,12,74283.59999999999,11633.09,8253.733333333332,Repeat Customer,4527,1,Low Value
CUST00107,14,23,103518.41,16605.22,7394.172142857143,Repeat Customer,3979,3,Low Value
CUST00108,11,20,387717.47000000003,60486.53,35247.04272727273,Repeat Customer,372,10,High Value
CUST00109,11,23,230346.93,44333.46,20940.63,Repeat Customer,1607,7,Medium Value
CUST00110,7,8,30752.79,5629.639999999999,4393.255714285714,Repeat Customer,4950,1,Low Value
CUST00111,6,12,135255.15,15239.99,22542.524999999998,Repeat Customer,3350,4,Low Value
CUST00112,10,16,202554.36000000002,35047.4,20255.436,Repeat Customer,2005,6,Low Value
CUST00113,7,10,128077.52,21696.88,18296.788571428573,Repeat Customer,3509,3,Low Value
CUST00114,5,9,118315.72,10003.77,23663.144,Repeat Customer,3698,3,Low Value
CUST00115,14,18,190334.32,32870.3,13595.308571428572,Repeat Customer,2223,6,Low Value
CUST00116,10,16,189523.97,33250.28,18952.397,Repeat Customer,2234,6,Low Value
CUST00117,11,20,451411.68,92623.84999999999,41037.42545454545,Repeat Customer,174,10,High Value
CUST00118,14,26,330140.42,24811.73,23581.45857142857,Repeat Customer,643,9,Medium Value
CUST00119,5,11,63345.91,10772.09,12669.182,Repeat Customer,4688,1,Low Value
CUST00120,8,23,201010.49000000002,15649.28,25126.311250000002,Repeat Customer,2032,6,Low Value
CUST00121,8,10,168917.6,24735.57,21114.7,Repeat Customer,2625,5,Low Value
CUST00122,11,25,188070.94,28758.5,17097.35818181818,Repeat Customer,2261,6,Low Value
CUST00123,8,10,92576.03,19288.28,11572.00375,Repeat Customer,4207,2,Low Value
CUST00124,9,16,307947.1,47853.46,34216.34444444444,Repeat Customer,802,9,Medium Value
CUST00125,7,7,90250.43000000001,13404.189999999999,12892.918571428572,Repeat Customer,4249,2,Low Value
CUST00126,15,28,608611.76,72656.91,40574.117333333335,Repeat Customer,26,10,High Value
CUST00127,10,14,128842.85,22502.28,12884.285,Repeat Customer,3495,4,Low Value
CUST00128,8,17,209332.84,37214.23,26166.605,Repeat Customer,1905,7,Medium Value
CUST00129,13,28,168159.28,34440.97,12935.32923076923,Repeat Customer,2640,5,Low Value
CUST00130,14,17,389254.41000000003,54088.16,27803.88642857143,Repeat Customer,368,10,High Value
CUST00131,9,18,288089.38,47564.4,32009.931111111113,Repeat Customer,981,9,Medium Value
CUST00132,5,6,24937.99,5255.34,4987.598,Repeat Customer,4974,1,Low Value
CUST00133,11,19,208784.86000000002,33156.5,18980.44181818182,Repeat Customer,1910,7,Medium Value
CUST00134,8,13,122019.09,16764.72,15252.38625,Repeat Customer,3628,3,Low Value
CUST00135,13,17,330822.13,53182.4,25447.856153846154,Repeat Customer,639,9,Medium Value
CUST00136,9,14,83920.05,15303.43,9324.45,Repeat Customer,4348,2,Low Value
CUST00137,3,7,23077.399999999998,2283.07,7692.466666666666,Repeat Customer,4978,1,Low Value
CUST00138,5,6,102542.89,14289.439999999999,20508.578,Repeat Customer,3994,3,Low Value
CUST00139,6,10,96750.83,15230.050000000001,16125.138333333334,Repeat Customer,4125,2,Low Value
CUST00140,5,8,40165.130000000005,4917.65,8033.026000000001,Repeat Customer,4906,1,Low Value
CUST00141,9,10,44552.63,7106.76,4950.292222222222,Repeat Customer,4877,1,Low Value
CUST00142,14,21,389688.33999999997,54182.71,27834.881428571425,Repeat Customer,365,10,High Value
CUST00143,10,18,296765.88,57828.81,29676.588,Repeat Customer,900,9,Medium Value
CUST00144,5,10,107075.9,24495.16,21415.18,Repeat Customer,3906,3,Low Value
CUST00145,7,17,148003.43,30855.57,21143.347142857143,Repeat Customer,3063,4,Low Value
CUST00146,9,21,256501.18,37752.02,28500.13111111111,Repeat Customer,1293,8,Medium Value
CUST00147,6,6,70846.39,16130.429999999998,11807.731666666667,Repeat Customer,4580,1,Low Value
CUST00148,8,13,164498.78,27472.15,20562.3475,Repeat Customer,2724,5,Low Value
CUST00149,17,35,432682.14999999997,93539.18,25451.891176470584,Repeat Customer,217,10,High Value
CUST00150,8,15,136521.68,21444.72,17065.21,Repeat Customer,3315,4,Low Value
CUST00151,13,21,160195.26,5720.610000000001,12322.712307692309,Repeat Customer,2805,5,Low Value
CUST00152,6,12,41727.37,5131.02,6954.561666666667,Repeat Customer,4895,1,Low Value
CUST00153,11,17,191350.91999999998,32571.46,17395.53818181818,Repeat Customer,2206,6,Low Value
CUST00154,14,21,191075.53,30744.61,13648.252142857144,Repeat Customer,2211,6,Low Value
CUST00155,11,17,227658.55,34974.16,20696.231818181815,Repeat Customer,1651,7,Medium Value
CUST00156,13,18,284146.03,44554.93,21857.386923076927,Repeat Customer,1016,8,Medium Value
CUST00157,6,7,82634.23,10374.97,13772.371666666666,Repeat Customer,4375,2,Low Value
CUST00158,9,12,59330.9,9396.08,6592.322222222222,Repeat Customer,4740,1,Low Value
CUST00159,8,11,85562.51999999999,15670.42,10695.314999999999,Repeat Customer,4323,2,Low Value
CUST00160,12,21,101797.27,7018.68,8483.105833333333,Repeat Customer,4019,2,Low Value
CUST00161,13,24,252664.53,46661.74,19435.733076923076,Repeat Customer,1344,8,Medium Value
CUST00162,16,23,325689.88,56201.57,20355.6175,Repeat Customer,671,9,Medium Value
CUST00163,12,23,155136.12,26063.73,12928.01,Repeat Customer,2910,5,Low Value
CUST00164,8,15,237770.26,35307.83,29721.2825,Repeat Customer,1513,7,Medium Value
CUST00165,11,20,269098.87,44532.47,24463.533636363634,Repeat Customer,1171,8,Medium Value
CUST00166,11,15,176544.58,23635.15,16049.50727272727,Repeat Customer,2492,6,Low Value
CUST00167,6,14,315580.6,55005.189999999995,52596.76666666666,Repeat Customer,733,9,Medium Value
CUST00168,9,11,109149.85,13380.61,12127.761111111111,Repeat Customer,3872,3,Low Value
CUST00169,6,12,82197.44,15132.859999999999,13699.573333333334,Repeat Customer,4381,2,Low Value
CUST00170,4,9,113259.93,14742.91,28314.9825,Repeat Customer,3797,3,Low Value
CUST00171,9,13,121550.72,20301.45,13505.635555555556,Repeat Customer,3635,3,Low Value
CUST00172,9,21,341265.91,79836.7,37918.43444444444,Repeat Customer,578,9,Medium Value
CUST00173,8,12,166788.83000000002,42549.67,20848.603750000002,Repeat Customer,2671,5,Low Value
CUST00174,9,19,226031.87,27700.07,25114.652222222223,Repeat Customer,1666,7,Medium Value
CUST00175,6,6,45082.92,6431.58,7513.82,Repeat Customer,4871,1,Low Value
CUST00176,11,15,127443.81999999999,16587.06,11585.801818181817,Repeat Customer,3523,3,Low Value
CUST00177,9,14,79660.09,11442.26,8851.121111111112,Repeat Customer,4430,2,Low Value
CUST00178,4,6,28952.96,6332.41,7238.24,Repeat Customer,4958,1,Low Value
CUST00179,12,15,230760.92,42060.93,19230.076666666668,Repeat Customer,1601,7,Medium Value
CUST00180,14,21,361074.08,16728.91,25791.005714285715,Repeat Customer,484,10,High Value
CUST00181,9,15,166951.26,31401.489999999998,18550.14,Repeat Customer,2665,5,Low Value
CUST00182,13,23,398472.5,53676.28,30651.73076923077,Repeat Customer,335,10,High Value
CUST00183,7,8,43212.72,9795.2,6173.245714285715,Repeat Customer,4886,1,Low Value
CUST00184,6,15,72195.02,11697.73,12032.503333333334,Repeat Customer,4562,1,Low Value
CUST00185,4,4,49724.100000000006,7252.339999999999,12431.025000000001,Repeat Customer,4837,1,Low Value
CUST00186,11,20,141317.95,18916.53,12847.086363636365,Repeat Customer,3208,4,Low Value
CUST00187,17,29,359232.72,55700.65,21131.336470588234,Repeat Customer,496,10,High Value
CUST00188,8,9,81274.81,15765.34,10159.35125,Repeat Customer,4393,2,Low Value
CUST00189,5,9,129208.26999999999,20265.660000000003,25841.654,Repeat Customer,3487,4,Low Value
CUST00190,8,14,112808.55,7586.75,14101.06875,Repeat Customer,3807,3,Low Value
CUST00191,9,12,116908.65,22161.93,12989.849999999999,Repeat Customer,3721,3,Low Value
CUST00192,6,12,89091.25,11589.0,14848.541666666666,Repeat Customer,4265,2,Low Value
CUST00193,10,20,285408.82,55963.08,28540.882,Repeat Customer,1005,8,Medium Value
CUST00194,11,17,246643.22999999998,47097.130000000005,22422.111818181816,Repeat Customer,1418,8,Medium Value
CUST00195,8,13,130300.72,21239.52,16287.59,Repeat Customer,3464,4,Low Value
CUST00196,10,16,237335.81999999998,40517.11,23733.582,Repeat Customer,1519,7,Medium Value
CUST00197,14,22,121210.51,8485.4,8657.89357142857,Repeat Customer,3641,3,Low Value
CUST00198,10,18,219725.93,13850.68,21972.593,Repeat Customer,1761,7,Medium Value
CUST00199,7,15,100230.37,21395.030000000002,14318.624285714284,Repeat Customer,4047,2,Low Value
CUST00200,15,22,156233.85,30239.64,10415.59,Repeat Customer,2891,5,Low Value
CUST00201,11,25,432932.37,95935.69,39357.48818181818,Repeat Customer,216,10,High Value
CUST00202,11,19,80606.15,12655.8,7327.831818181818,Repeat Customer,4409,2,Low Value
CUST00203,12,24,237553.97,24116.850000000002,19796.164166666666,Repeat Customer,1517,7,Medium Value
CUST00204,9,14,159720.77,24646.27,17746.75222222222,Repeat Customer,2818,5,Low Value
CUST00205,4,6,75996.62000000001,5479.25,18999.155000000002,Repeat Customer,4498,2,Low Value
CUST00206,10,16,209053.0,36152.01,20905.3,Repeat Customer,1908,7,Medium Value
CUST00207,6,11,48604.4,9691.17,8100.733333333334,Repeat Customer,4844,1,Low Value
CUST00208,10,25,165297.83,20393.78,16529.783,Repeat Customer,2709,5,Low Value
CUST00209,8,12,115937.44,22648.48,14492.18,Repeat Customer,3740,3,Low Value
CUST00210,10,19,218939.93000000002,33668.58,21893.993000000002,Repeat Customer,1772,7,Medium Value
CUST00211,11,19,148762.04,19966.690000000002,13523.82181818182,Repeat Customer,3039,4,Low Value
CUST00212,7,11,174391.78,27653.69,24913.11142857143,Repeat Customer,2529,5,Low Value
CUST00213,7,14,69820.04,9050.26,9974.291428571427,Repeat Customer,4595,1,Low Value
CUST00214,11,23,219912.19,29708.940000000002,19992.017272727273,Repeat Customer,1756,7,Medium Value
CUST00215,13,19,194510.33,25893.23,14962.333076923076,Repeat Customer,2144,6,Low Value
CUST00216,8,14,214899.32,42644.28,26862.415,Repeat Customer,1833,7,Medium Value
CUST00217,16,26,257716.13,54378.16,16107.258125,Repeat Customer,1281,8,Medium Value
CUST00218,16,26,399951.25,51209.409999999996,24996.953125,Repeat Customer,330,10,High Value
CUST00219,8,11,188950.41999999998,41743.93,23618.802499999998,Repeat Customer,2250,6,Low Value
CUST00220,4,5,33646.8,6370.68,8411.7,Repeat Customer,4943,1,Low Value
CUST00221,9,16,109757.46,17293.27,12195.273333333334,Repeat Customer,3862,3,Low Value
CUST00222,13,21,198852.5,21097.17,15296.346153846154,Repeat Customer,2062,6,Low Value
CUST00223,8,14,67333.7,12782.2,8416.7125,Repeat Customer,4640,1,Low Value
CUST00224,11,25,205855.97999999998,23254.309999999998,18714.179999999997,Repeat Customer,1956,7,Medium Value
CUST00225,10,21,523696.0300000001,114086.61,52369.60300000001,Repeat Customer,90,10,High Value
CUST00226,5,14,77647.56,13908.49,15529.511999999999,Repeat Customer,4468,2,Low Value
CUST00227,11,16,98517.41,18041.61,8956.128181818181,Repeat Customer,4087,2,Low Value
CUST00228,8,15,400066.79,7453.479999999999,50008.34875,Repeat Customer,329,10,High Value
CUST00229,15,23,279516.63,37319.99,18634.442,Repeat Customer,1058,8,Medium Value
CUST00230,14,26,191888.69,45798.7,13706.335000000001,Repeat Customer,2197,6,Low Value
CUST00231,6,11,175605.16,33524.46,29267.52666666667,Repeat Customer,2505,5,Low Value
CUST00232,9,11,159992.19,22570.769999999997,17776.91,Repeat Customer,2813,5,Low Value
CUST00233,10,17,144120.68,33615.99,14412.068,Repeat Customer,3144,4,Low Value
CUST00234,15,31,390665.77,58303.86,26044.38466666667,Repeat Customer,360,10,High Value
CUST00235,11,23,236913.86,35335.78,21537.623636363634,Repeat Customer,1524,7,Medium Value
CUST00236,7,10,92658.91,15720.95,13236.987142857144,Repeat Customer,4201,2,Low Value
CUST00237,10,14,122347.01,18811.21,12234.701,Repeat Customer,3620,3,Low Value
CUST00238,8,19,185834.31,39934.01,23229.28875,Repeat Customer,2310,6,Low Value
CUST00239,9,12,119883.14,20105.3,13320.34888888889,Repeat Customer,3666,3,Low Value
CUST00240,8,16,93662.6,13721.0,11707.825,Repeat Customer,4188,2,Low Value
CUST00241,8,18,291485.82,33618.47,36435.7275,Repeat Customer,947,9,Medium Value
CUST00242,12,20,196638.0,33252.86,16386.5,Repeat Customer,2100,6,Low Value
CUST00243,8,10,215914.33000000002,53416.56,26989.291250000002,Repeat Customer,1818,7,Medium Value
CUST00244,8,14,76320.48000000001,13878.17,9540.060000000001,Repeat Customer,4492,2,Low Value
CUST00245,11,17,294980.52,18422.870000000003,26816.41090909091,Repeat Customer,907,9,Medium Value
CUST00246,9,12,148984.11,23647.71,16553.789999999997,Repeat Customer,3030,4,Low Value
CUST00247,15,25,281938.24,29364.760000000002,18795.882666666665,Repeat Customer,1038,8,Medium Value
CUST00248,11,23,393870.92000000004,28533.070000000003,35806.44727272727,Repeat Customer,351,10,High Value
CUST00249,8,18,166111.8,34202.93,20763.975,Repeat Customer,2685,5,Low Value
CUST00250,18,20,251517.42,38063.37,13973.19,Repeat Customer,1363,8,Medium Value
CUST00251,11,14,120177.43,14597.26,10925.22090909091,Repeat Customer,3655,3,Low Value
CUST00252,8,14,136934.11,20324.48,17116.76375,Repeat Customer,3302,4,Low Value
CUST00253,12,19,251860.61000000002,54561.08,20988.384166666667,Repeat Customer,1355,8,Medium Value
CUST00254,7,12,245468.09,48039.99,35066.87,Repeat Customer,1431,8,Medium Value
CUST00255,12,22,317243.31,64275.84,26436.9425,Repeat Customer,728,9,Medium Value
CUST00256,10,16,137554.03,25722.86,13755.403,Repeat Customer,3288,4,Low Value
CUST00257,8,15,152973.55,30312.35,19121.69375,Repeat Customer,2959,5,Low Value
CUST00258,7,10,78920.02,18129.56,11274.288571428571,Repeat Customer,4446,2,Low Value
CUST00259,11,20,372690.58,37695.68,33880.96181818182,Repeat Customer,428,10,High Value
CUST00260,17,30,285518.87,53088.33,16795.227647058822,Repeat Customer,1004,8,Medium Value
CUST00261,9,10,189139.34999999998,35844.97,21015.48333333333,Repeat Customer,2241,6,Low Value
CUST00262,8,13,127733.03,24601.059999999998,15966.62875,Repeat Customer,3515,3,Low Value
CUST00263,16,21,147688.51,17271.11,9230.531875,Repeat Customer,3072,4,Low Value
CUST00264,12,16,207595.00999999998,23546.06,17299.584166666664,Repeat Customer,1930,7,Medium Value
CUST00265,14,24,461323.18000000005,95018.72,32951.65571428572,Repeat Customer,159,10,High Value
CUST00266,12,23,152993.67,20071.84,12749.472500000002,Repeat Customer,2957,5,Low Value
CUST00267,9,17,127305.84,14599.55,14145.093333333332,Repeat Customer,3526,3,Low Value
CUST00268,11,19,182464.52000000002,28929.67,16587.68363636364,Repeat Customer,2382,6,Low Value
CUST00269,5,8,43429.17,7193.44,8685.833999999999,Repeat Customer,4884,1,Low Value
CUST00270,20,32,533944.65,93430.33,26697.232500000002,Repeat Customer,75,10,High Value
CUST00271,7,9,140558.76,26747.6,20079.82285714286,Repeat Customer,3225,4,Low Value
CUST00272,7,10,21637.56,1551.5700000000002,3091.0800000000004,Repeat Customer,4981,1,Low Value
CUST00273,13,22,540152.27,60589.55,41550.17461538462,Repeat Customer,69,10,High Value
CUST00274,7,13,69962.66,12916.95,9994.665714285715,Repeat Customer,4594,1,Low Value
CUST00275,9,12,108455.32,22017.36,12050.591111111113,Repeat Customer,3881,3,Low Value
CUST00276,9,21,326450.88,49205.19,36272.32,Repeat Customer,665,9,Medium Value
CUST00277,13,22,332850.06,48413.72,25603.85076923077,Repeat Customer,625,9,Medium Value
CUST00278,11,23,234395.62,40718.88,21308.692727272726,Repeat Customer,1552,7,Medium Value
CUST00279,8,11,240382.32,46128.119999999995,30047.79,Repeat Customer,1479,8,Medium Value
CUST00280,6,8,62151.38,4825.28,10358.563333333334,Repeat Customer,4698,1,Low Value
CUST00281,7,12,194827.15,28683.739999999998,27832.45,Repeat Customer,2138,6,Low Value
CUST00282,10,17,148446.35,19752.03,14844.635,Repeat Customer,3049,4,Low Value
CUST00283,10,16,116354.21,22666.24,11635.421,Repeat Customer,3731,3,Low Value
CUST00284,8,20,282419.31,60022.24,35302.41375,Repeat Customer,1034,8,Medium Value
CUST00285,14,24,198421.24,36746.56,14172.945714285714,Repeat Customer,2069,6,Low Value
CUST00286,14,21,281811.01,47506.83,20129.35785714286,Repeat Customer,1039,8,Medium Value
CUST00287,9,9,46850.12,9188.22,5205.568888888889,Repeat Customer,4859,1,Low Value
CUST00288,13,21,412762.24000000005,57718.44,31750.941538461542,Repeat Customer,283,10,High Value
CUST00289,10,13,112836.12,22079.54,11283.612,Repeat Customer,3806,3,Low Value
CUST00290,8,8,67987.63,9749.55,8498.45375,Repeat Customer,4631,1,Low Value
CUST00291,7,14,127687.92,22514.66,18241.13142857143,Repeat Customer,3516,3,Low Value
CUST00292,12,14,116948.46,21718.47,9745.705,Repeat Customer,3720,3,Low Value
CUST00293,12,24,225585.94,27371.18,18798.828333333335,Repeat Customer,1676,7,Medium Value
CUST00294,14,24,276072.76,57171.770000000004,19719.48285714286,Repeat Customer,1099,8,Medium Value
CUST00295,9,15,121012.66,21995.96,13445.851111111111,Repeat Customer,3644,3,Low Value
CUST00296,10,21,257694.9,30088.91,25769.489999999998,Repeat Customer,1282,8,Medium Value
CUST00297,10,12,106630.98,23894.71,10663.098,Repeat Customer,3916,3,Low Value
CUST00298,12,17,289100.0,53475.8,24091.666666666668,Repeat Customer,970,9,Medium Value
CUST00299,8,18,199099.82,34243.54,24887.4775,Repeat Customer,2059,6,Low Value
CUST00300,6,11,187381.49,30299.0,31230.248333333333,Repeat Customer,2281,6,Low Value
CUST00301,13,33,219103.57,15525.33,16854.12076923077,Repeat Customer,1768,7,Medium Value
CUST00302,8,17,149727.42,21286.13,18715.9275,Repeat Customer,3014,4,Low Value
CUST00303,4,6,154843.44,32951.89,38710.86,Repeat Customer,2916,5,Low Value
CUST00304,14,25,464097.8,76489.95,33149.84285714286,Repeat Customer,154,10,High Value
CUST00305,8,11,110304.25,21657.75,13788.03125,Repeat Customer,3854,3,Low Value
CUST00306,4,8,125896.72,1545.6600000000003,31474.18,Repeat Customer,3548,3,Low Value
CUST00307,4,4,8150.849999999999,1608.48,2037.7124999999999,Repeat Customer,4998,1,Low Value
CUST00308,6,11,178752.02,20215.58,29792.00333333333,Repeat Customer,2456,6,Low Value
CUST00309,12,19,157992.43,29319.34,13166.035833333333,Repeat Customer,2863,5,Low Value
CUST00310,11,25,194420.87,35600.46,17674.624545454546,Repeat Customer,2148,6,Low Value
CUST00311,9,10,73748.09999999999,14714.81,8194.233333333332,Repeat Customer,4534,1,Low Value
CUST00312,8,17,220210.39,47693.02,27526.29875,Repeat Customer,1751,7,Medium Value
CUST00313,18,32,260395.9,50055.37,14466.438888888888,Repeat Customer,1259,8,Medium Value
CUST00314,8,17,118046.94,15103.89,14755.8675,Repeat Customer,3704,3,Low Value
CUST00315,5,8,213134.69999999998,34730.11,42626.939999999995,Repeat Customer,1852,7,Medium Value
CUST00316,8,16,276267.51,41230.88,34533.43875,Repeat Customer,1096,8,Medium Value
CUST00317,11,20,325684.84,57790.85,29607.71272727273,Repeat Customer,672,9,Medium Value
CUST00318,3,3,33928.96,3553.3999999999996,11309.653333333334,Repeat Customer,4942,1,Low Value
CUST00319,10,19,111417.55,13007.21,11141.755000000001,Repeat Customer,3833,3,Low Value
CUST00320,17,24,236209.59,32700.51,13894.681764705882,Repeat Customer,1534,7,Medium Value
CUST00321,5,7,126179.38,23145.7,25235.876,Repeat Customer,3542,3,Low Value
CUST00322,7,13,427155.38,83794.95999999999,61022.19714285714,Repeat Customer,236,10,High Value
CUST00323,17,34,303154.96,54600.39,17832.644705882354,Repeat Customer,840,9,Medium Value
CUST00324,8,19,138670.22999999998,23432.769999999997,17333.778749999998,Repeat Customer,3267,4,Low Value
CUST00325,7,11,89711.61,17046.02,12815.944285714286,Repeat Customer,4258,2,Low Value
CUST00326,10,20,427276.94,98829.9,42727.694,Repeat Customer,235,10,High Value
CUST00327,11,19,210363.25,28367.670000000002,19123.93181818182,Repeat Customer,1890,7,Medium Value
CUST00328,9,18,201372.57,18941.34,22374.73,Repeat Customer,2028,6,Low Value
CUST00329,7,13,85345.29,9415.18,12192.184285714286,Repeat Customer,4326,2,Low Value
CUST00330,11,18,301278.1,45868.4,27388.91818181818,Repeat Customer,859,9,Medium Value
CUST00331,18,28,478345.15,63631.869999999995,26574.730555555558,Repeat Customer,131,10,High Value
CUST00332,12,26,306819.73,64521.770000000004,25568.310833333333,Repeat Customer,813,9,Medium Value
CUST00333,12,25,169364.34,26377.07,14113.695,Repeat Customer,2620,5,Low Value
CUST00334,4,4,83801.62,-3236.83,20950.405,Repeat Customer,4350,2,Low Value
CUST00335,19,28,451846.33,42112.189999999995,23781.385789473687,Repeat Customer,173,10,High Value
CUST00336,11,21,326231.16,49043.340000000004,29657.378181818178,Repeat Customer,667,9,Medium Value
CUST00337,7,15,186526.06,36119.55,26646.579999999998,Repeat Customer,2299,6,Low Value
CUST00338,9,16,234544.87,46426.75,26060.54111111111,Repeat Customer,1551,7,Medium Value
CUST00339,11,17,162735.78,21718.82,14794.161818181818,Repeat Customer,2754,5,Low Value
CUST00340,9,16,189692.07,43208.72,21076.896666666667,Repeat Customer,2232,6,Low Value
CUST00341,19,33,352413.8,46921.56,18548.094736842104,Repeat Customer,523,9,Medium Value
CUST00342,6,16,160894.5,39660.49,26815.75,Repeat Customer,2792,5,Low Value
CUST00343,9,14,152331.77000000002,25323.66,16925.752222222225,Repeat Customer,2975,5,Low Value
CUST00344,7,10,46983.91,8006.79,6711.987142857143,Repeat Customer,4856,1,Low Value
CUST00345,10,16,193198.94,38387.68,19319.894,Repeat Customer,2174,6,Low Value
CUST00346,14,21,211959.1,33852.619999999995,15139.935714285715,Repeat Customer,1869,7,Medium Value
CUST00347,8,18,271599.18,28280.7,33949.8975,Repeat Customer,1140,8,Medium Value
CUST00348,7,12,75951.84,11673.14,10850.262857142856,Repeat Customer,4500,2,Low Value
CUST00349,9,15,158799.07,25597.5,17644.341111111113,Repeat Customer,2842,5,Low Value
CUST00350,8,10,134894.32,22897.26,16861.79,Repeat Customer,3365,4,Low Value
CUST00351,10,19,554077.3200000001,118515.59,55407.732,Repeat Customer,58,10,High Value
CUST00352,7,11,220520.77,30314.699999999997,31502.967142857142,Repeat Customer,1743,7,Medium Value
CUST00353,12,21,211505.44999999998,27436.67,17625.454166666666,Repeat Customer,1873,7,Medium Value
CUST00354,13,18,193494.64,32327.39,14884.203076923079,Repeat Customer,2169,6,Low Value
CUST00355,5,10,79675.34,15191.16,15935.068,Repeat Customer,4429,2,Low Value
CUST00356,10,20,270365.77,51860.770000000004,27036.577,Repeat Customer,1147,8,Medium Value
CUST00357,14,24,301377.23,61002.86,21526.945,Repeat Customer,858,9,Medium Value
CUST00358,9,13,230925.77000000002,36221.01,25658.41888888889,Repeat Customer,1600,7,Medium Value
CUST00359,9,17,329757.86,30855.280000000002,36639.76222222222,Repeat Customer,646,9,Medium Value
CUST00360,6,7,48678.21,6761.0599999999995,8113.035,Repeat Customer,4843,1,Low Value
CUST00361,14,26,165670.71,22224.78,11833.622142857143,Repeat Customer,2696,5,Low Value
CUST00362,10,17,445106.32,73138.08,44510.632,Repeat Customer,185,10,High Value
CUST00363,13,19,262803.67,43860.73,20215.666923076922,Repeat Customer,1231,8,Medium Value
CUST00364,16,29,227062.29,41685.71,14191.393125,Repeat Customer,1660,7,Medium Value
CUST00365,13,24,295962.96,54204.83,22766.38153846154,Repeat Customer,903,9,Medium Value
CUST00366,12,22,513194.21,126070.35,42766.184166666666,Repeat Customer,100,10,High Value
CUST00367,4,10,187651.37,14588.490000000002,46912.8425,Repeat Customer,2276,6,Low Value
CUST00368,13,27,307289.55,55526.74,23637.65769230769,Repeat Customer,809,9,Medium Value
CUST00369,16,21,204939.25,39775.09,12808.703125,Repeat Customer,1962,7,Medium Value
CUST00370,9,22,105639.87,22040.33,11737.763333333332,Repeat Customer,3931,3,Low Value
CUST00371,7,9,73688.48,16316.699999999999,10526.925714285713,Repeat Customer,4536,1,Low Value
CUST00372,12,23,253639.11,20687.629999999997,21136.5925,Repeat Customer,1329,8,Medium Value
CUST00373,13,22,255347.99,40582.82,19642.153076923078,Repeat Customer,1308,8,Medium Value
CUST00374,8,13,139093.54,30390.62,17386.6925,Repeat Customer,3257,4,Low Value
CUST00375,9,19,169963.49,25494.11,18884.83222222222,Repeat Customer,2606,5,Low Value
CUST00376,8,9,112555.42,15610.76,14069.4275,Repeat Customer,3816,3,Low Value
CUST00377,13,17,220434.2,36667.659999999996,16956.476923076923,Repeat Customer,1746,7,Medium Value
CUST00378,6,7,126776.54,22173.010000000002,21129.423333333332,Repeat Customer,3534,3,Low Value
CUST00379,12,16,312613.56,69627.37,26051.13,Repeat Customer,755,9,Medium Value
CUST00380,5,9,45498.600000000006,3607.43,9099.720000000001,Repeat Customer,4868,1,Low Value
CUST00381,7,9,121598.52,4515.24,17371.217142857142,Repeat Customer,3634,3,Low Value
CUST00382,9,14,130879.76000000001,19616.8,14542.195555555556,Repeat Customer,3452,4,Low Value
CUST00383,10,18,105929.33,15578.28,10592.933,Repeat Customer,3927,3,Low Value
CUST00384,13,27,524487.42,76558.86,40345.18615384616,Repeat Customer,86,10,High Value
CUST00385,16,24,589083.6,107748.49,36817.725,Repeat Customer,33,10,High Value
CUST00386,21,38,567013.49,106714.27,27000.64238095238,Repeat Customer,50,10,High Value
CUST00387,15,29,337969.29000000004,60800.53,22531.286000000004,Repeat Customer,593,9,Medium Value
CUST00388,8,16,315420.15,64194.619999999995,39427.51875,Repeat Customer,736,9,Medium Value
CUST00389,7,18,94107.33,13351.33,13443.904285714287,Repeat Customer,4181,2,Low Value
CUST00390,12,20,333560.48,14768.210000000001,27796.706666666665,Repeat Customer,619,9,Medium Value
CUST00391,8,10,79780.69,14105.7,9972.58625,Repeat Customer,4428,2,Low Value
CUST00392,5,12,188971.82,33294.729999999996,37794.364,Repeat Customer,2249,6,Low Value
CUST00393,10,15,162627.82,24418.42,16262.782000000001,Repeat Customer,2757,5,Low Value
CUST00394,9,15,149887.96,25672.76,16654.217777777776,Repeat Customer,3009,4,Low Value
CUST00395,6,10,302884.17000000004,67051.34,50480.69500000001,Repeat Customer,843,9,Medium Value
CUST00396,9,15,149686.33,16588.15,16631.814444444444,Repeat Customer,3015,4,Low Value
CUST00397,12,18,191149.75,37582.54,15929.145833333334,Repeat Customer,2209,6,Low Value
CUST00398,9,12,103852.64,16486.58,11539.182222222222,Repeat Customer,3972,3,Low Value
CUST00399,14,31,373999.44,76321.28,26714.245714285713,Repeat Customer,422,10,High Value
CUST00400,12,19,185056.26,25558.98,15421.355000000001,Repeat Customer,2328,6,Low Value
CUST00401,4,7,27263.86,2762.46,6815.965,Repeat Customer,4969,1,Low Value
CUST00402,11,17,117617.05,17002.06,10692.459090909091,Repeat Customer,3710,3,Low Value
CUST00403,9,18,154449.34,12703.470000000001,17161.037777777776,Repeat Customer,2921,5,Low Value
CUST00404,10,18,213772.16,27724.05,21377.216,Repeat Customer,1848,7,Medium Value
CUST00405,5,6,72894.47,4166.29,14578.894,Repeat Customer,4550,1,Low Value
CUST00406,8,16,379802.26,57575.119999999995,47475.2825,Repeat Customer,397,10,High Value
CUST00407,11,16,180924.75,30709.260000000002,16447.704545454544,Repeat Customer,2410,6,Low Value
CUST00408,15,26,179329.58,28069.579999999998,11955.305333333332,Repeat Customer,2439,6,Low Value
CUST00409,14,19,266118.1,28049.679999999997,19008.43571428571,Repeat Customer,1198,8,Medium Value
CUST00410,8,10,147727.87000000002,35176.47,18465.983750000003,Repeat Customer,3071,4,Low Value
CUST00411,10,18,170539.13,24576.329999999998,17053.913,Repeat Customer,2594,5,Low Value
CUST00412,8,9,120164.10999999999,15075.38,15020.513749999998,Repeat Customer,3656,3,Low Value
CUST00413,10,21,222875.09,30502.670000000002,22287.509,Repeat Customer,1709,7,Medium Value
CUST00414,9,14,155314.37,16421.54,17257.152222222223,Repeat Customer,2908,5,Low Value
CUST00415,15,23,498004.67000000004,82975.5,33200.31133333334,Repeat Customer,114,10,High Value
CUST00416,14,28,228519.04,40489.19,16322.788571428571,Repeat Customer,1638,7,Medium Value
CUST00417,15,24,210283.94,41410.7,14018.929333333333,Repeat Customer,1892,7,Medium Value
CUST00418,10,15,255935.77000000002,51371.61,25593.577,Repeat Customer,1299,8,Medium Value
CUST00419,12,23,172716.8,29500.76,14393.066666666666,Repeat Customer,2560,5,Low Value
CUST00420,11,21,256057.33,49745.11,23277.93909090909,Repeat Customer,1298,8,Medium Value
CUST00421,11,18,208225.16999999998,42611.71,18929.56090909091,Repeat Customer,1916,7,Medium Value
CUST00422,10,25,261224.61000000002,37845.39,26122.461000000003,Repeat Customer,1247,8,Medium Value
CUST00423,6,16,154423.06,24231.77,25737.176666666666,Repeat Customer,2922,5,Low Value
CUST00424,7,10,200256.49,40681.81,28608.07,Repeat Customer,2041,6,Low Value
CUST00425,8,16,60019.4,12802.670000000002,7502.425,Repeat Customer,4730,1,Low Value
CUST00426,14,22,241747.11,29851.77,17267.65071428571,Repeat Customer,1460,8,Medium Value
CUST00427,7,13,290951.75,2951.9800000000005,41564.53571428572,Repeat Customer,958,9,Medium Value
CUST00428,5,7,53876.34,7579.6,10775.268,Repeat Customer,4808,1,Low Value
CUST00429,12,23,185756.74,30423.6,15479.728333333333,Repeat Customer,2313,6,Low Value
CUST00430,8,13,147899.42,26684.9,18487.4275,Repeat Customer,3069,4,Low Value
CUST00431,16,29,350678.52999999997,70495.98999999999,21917.408124999998,Repeat Customer,532,9,Medium Value
CUST00432,11,19,195919.45,34492.229999999996,17810.859090909093,Repeat Customer,2118,6,Low Value
CUST00433,10,14,135333.88999999998,30244.14,13533.389,Repeat Customer,3347,4,Low Value
CUST00434,9,17,152401.45,26340.75,16933.494444444445,Repeat Customer,2973,5,Low Value
CUST00435,11,21,331279.39,44728.77,30116.30818181818,Repeat Customer,638,9,Medium Value
CUST00436,14,30,436095.61,72412.91,31149.68642857143,Repeat Customer,210,10,High Value
CUST00437,7,15,219438.51,31024.15,31348.358571428573,Repeat Customer,1764,7,Medium Value
CUST00438,5,6,88794.76,10701.66,17758.951999999997,Repeat Customer,4269,2,Low Value
CUST00439,8,11,119686.64,10016.65,14960.83,Repeat Customer,3670,3,Low Value
CUST00440,9,15,167498.41,28598.0,18610.934444444443,Repeat Customer,2653,5,Low Value
CUST00441,7,12,74242.70999999999,9914.460000000001,10606.101428571428,Repeat Customer,4528,1,Low Value
CUST00442,8,13,107497.65,16840.35,13437.20625,Repeat Customer,3898,3,Low Value
CUST00443,15,19,191336.81,39592.16,12755.787333333334,Repeat Customer,2207,6,Low Value
CUST00444,10,22,351067.33999999997,58236.71,35106.734,Repeat Customer,528,9,Medium Value
CUST00445,16,34,204907.9,45646.23,12806.74375,Repeat Customer,1963,7,Medium Value
CUST00446,7,11,119069.17,15889.01,17009.88142857143,Repeat Customer,3682,3,Low Value
CUST00447,13,20,372982.85,83460.95,28690.988461538458,Repeat Customer,427,10,High Value
CUST00448,8,10,163268.29,19049.81,20408.53625,Repeat Customer,2747,5,Low Value
CUST00449,8,15,148757.91,24775.23,18594.73875,Repeat Customer,3041,4,Low Value
CUST00450,13,25,272602.89999999997,53223.35,20969.453846153843,Repeat Customer,1130,8,Medium Value
CUST00451,10,15,143776.12,26131.46,14377.612,Repeat Customer,3154,4,Low Value
CUST00452,8,17,85982.06,10644.800000000001,10747.7575,Repeat Customer,4320,2,Low Value
CUST00453,10,17,229109.13,52592.51,22910.913,Repeat Customer,1629,7,Medium Value
CUST00454,10,18,174956.55,27819.01,17495.655,Repeat Customer,2517,5,Low Value
CUST00455,10,15,206084.22,32431.510000000002,20608.422,Repeat Customer,1955,7,Medium Value
CUST00456,9,16,101477.29,16710.3,11275.254444444443,Repeat Customer,4026,2,Low Value
CUST00457,7,12,161947.96,10309.35,23135.422857142858,Repeat Customer,2765,5,Low Value
CUST00458,12,26,549538.62,131874.07,45794.885,Repeat Customer,61,10,High Value
CUST00459,8,12,97211.65,13611.8,12151.45625,Repeat Customer,4112,2,Low Value
CUST00460,11,21,275493.39,43703.340000000004,25044.853636363638,Repeat Customer,1103,8,Medium Value
CUST00461,17,23,536386.69,94328.91,31552.158235294115,Repeat Customer,74,10,High Value
CUST00462,10,15,74444.61,14981.36,7444.461,Repeat Customer,4522,1,Low Value
CUST00463,10,17,119967.34,15180.23,11996.734,Repeat Customer,3664,3,Low Value
CUST00464,13,24,358756.44,55022.56,27596.64923076923,Repeat Customer,497,10,High Value
CUST00465,10,13,190380.35,32712.47,19038.035,Repeat Customer,2222,6,Low Value
CUST00466,8,17,239850.25,29182.84,29981.28125,Repeat Customer,1484,8,Medium Value
CUST00467,9,15,110928.69,15206.66,12325.41,Repeat Customer,3844,3,Low Value
CUST00468,5,8,56731.15,6858.71,11346.23,Repeat Customer,4779,1,Low Value
CUST00469,11,20,343704.35,55117.69,31245.85,Repeat Customer,564,9,Medium Value
CUST00470,12,20,232369.4,50177.99,19364.116666666665,Repeat Customer,1578,7,Medium Value
CUST00471,8,9,236256.16,39155.6,29532.02,Repeat Customer,1532,7,Medium Value
CUST00472,10,21,135125.09,4950.46,13512.509,Repeat Customer,3358,4,Low Value
CUST00473,5,6,82662.19,17116.31,16532.438000000002,Repeat Customer,4373,2,Low Value
CUST00474,12,25,451115.8,77384.6,37592.98333333333,Repeat Customer,176,10,High Value
CUST00475,11,15,139045.13999999998,12519.279999999999,12640.467272727272,Repeat Customer,3259,4,Low Value
CUST00476,12,22,239551.89999999997,33392.89,19962.65833333333,Repeat Customer,1489,8,Medium Value
CUST00477,13,21,157649.86,30809.64,12126.912307692306,Repeat Customer,2871,5,Low Value
CUST00478,9,22,257976.36,38002.66,28664.039999999997,Repeat Customer,1279,8,Medium Value
CUST00479,13,24,314641.65,59320.86,24203.203846153847,Repeat Customer,739,9,Medium Value
CUST00480,7,12,197933.25,6662.889999999999,28276.178571428572,Repeat Customer,2077,6,Low Value
CUST00481,10,16,129757.12,19938.68,12975.712,Repeat Customer,3475,4,Low Value
CUST00482,5,7,86535.47,12923.340000000002,17307.094,Repeat Customer,4312,2,Low Value
CUST00483,9,12,165968.25,25450.05,18440.916666666668,Repeat Customer,2686,5,Low Value
CUST00484,13,26,391707.53,65583.75,30131.348461538462,Repeat Customer,358,10,High Value
CUST00485,4,5,32069.839999999997,6179.75,8017.459999999999,Repeat Customer,4948,1,Low Value
CUST00486,8,15,261608.83000000002,49473.8,32701.103750000002,Repeat Customer,1242,8,Medium Value
CUST00487,8,17,175564.49,35896.4,21945.56125,Repeat Customer,2506,5,Low Value
CUST00488,15,25,277732.39,46929.590000000004,18515.49266666667,Repeat Customer,1080,8,Medium Value
CUST00489,13,23,323462.72,50902.96,24881.74769230769,Repeat Customer,687,9,Medium Value
CUST00490,15,24,230254.41,38109.41,15350.294,Repeat Customer,1611,7,Medium Value
CUST00491,10,16,166896.23,24072.19,16689.623,Repeat Customer,2669,5,Low Value
CUST00492,1,2,7594.62,1356.06,7594.62,One-Time Customer,4999,1,Low Value
CUST00493,12,19,234598.26,37091.27,19549.855,Repeat Customer,1550,7,Medium Value
CUST00494,10,17,143609.52,29699.47,14360.952,Repeat Customer,3161,4,Low Value
CUST00495,15,30,278158.62,37755.630000000005,18543.908,Repeat Customer,1073,8,Medium Value
CUST00496,12,18,97486.06,18133.43,8123.838333333333,Repeat Customer,4103,2,Low Value
CUST00497,15,25,577675.7000000001,47137.28,38511.71333333334,Repeat Customer,42,10,High Value
CUST00498,10,13,222765.22999999998,40334.61,22276.522999999997,Repeat Customer,1712,7,Medium Value
CUST00499,12,21,272612.49,37152.93,22717.7075,Repeat Customer,1129,8,Medium Value
CUST00500,12,30,367590.21,76733.43,30632.5175,Repeat Customer,453,10,High Value
CUST00501,12,19,347633.97,24201.91,28969.497499999998,Repeat Customer,545,9,Medium Value
CUST00502,10,16,203405.03,30222.34,20340.503,Repeat Customer,1991,7,Medium Value
CUST00503,9,12,93490.26999999999,21798.65,10387.807777777776,Repeat Customer,4190,2,Low Value
CUST00504,10,21,388228.16,55558.52,38822.816,Repeat Customer,370,10,High Value
CUST00505,12,26,178768.53,26609.52,14897.3775,Repeat Customer,2455,6,Low Value
CUST00506,15,26,216323.58,42783.17,14421.571999999998,Repeat Customer,1814,7,Medium Value
CUST00507,7,13,127015.72,19092.399999999998,18145.102857142858,Repeat Customer,3530,3,Low Value
CUST00508,11,21,128964.86,16263.0,11724.078181818182,Repeat Customer,3490,4,Low Value
CUST00509,14,24,308820.09,58277.94,22058.57785714286,Repeat Customer,793,9,Medium Value
CUST00510,11,20,313231.24,43975.21,28475.567272727272,Repeat Customer,751,9,Medium Value
CUST00511,10,13,105179.03,13326.35,10517.903,Repeat Customer,3944,3,Low Value
CUST00512,8,17,280546.34,35701.91,35068.2925,Repeat Customer,1048,8,Medium Value
CUST00513,7,7,127466.86,28008.649999999998,18209.551428571427,Repeat Customer,3522,3,Low Value
CUST00514,13,23,181576.18,29262.88,13967.398461538462,Repeat Customer,2398,6,Low Value
CUST00515,14,22,131355.61,17157.08,9382.54357142857,Repeat Customer,3438,4,Low Value
CUST00516,8,11,135471.27000000002,21328.34,16933.908750000002,Repeat Customer,3343,4,Low Value
CUST00517,10,13,105139.17,14937.65,10513.917,Repeat Customer,3945,3,Low Value
CUST00518,8,16,264435.18,50206.89,33054.3975,Repeat Customer,1220,8,Medium Value
CUST00519,11,20,191859.16,46210.78,17441.741818181818,Repeat Customer,2199,6,Low Value
CUST00520,12,19,142933.34,17750.15,11911.111666666666,Repeat Customer,3175,4,Low Value
CUST00521,12,24,147685.28999999998,24205.37,12307.107499999998,Repeat Customer,3073,4,Low Value
CUST00522,15,27,222643.59,39376.91,14842.905999999999,Repeat Customer,1713,7,Medium Value
CUST00523,13,27,170075.86,32004.170000000002,13082.75846153846,Repeat Customer,2601,5,Low Value
CUST00524,8,20,182826.34,28327.1,22853.2925,Repeat Customer,2374,6,Low Value
CUST00525,6,11,86814.53,8611.42,14469.088333333333,Repeat Customer,4306,2,Low Value
CUST00526,9,20,144880.44,23803.41,16097.826666666668,Repeat Customer,3128,4,Low Value
CUST00527,9,12,201630.48,30214.47,22403.38666666667,Repeat Customer,2023,6,Low Value
CUST00528,16,23,155242.17,21894.71,9702.635625,Repeat Customer,2909,5,Low Value
CUST00529,9,13,273871.14,34419.76,30430.126666666667,Repeat Customer,1117,8,Medium Value
CUST00530,12,21,114051.57,21980.85,9504.2975,Repeat Customer,3777,3,Low Value
CUST00531,9,13,121754.56,14583.27,13528.284444444444,Repeat Customer,3629,3,Low Value
CUST00532,3,4,71400.63,16051.93,23800.210000000003,Repeat Customer,4574,1,Low Value
CUST00533,9,11,158165.81,31692.42,17573.978888888887,Repeat Customer,2858,5,Low Value
CUST00534,8,13,73655.44,8097.669999999999,9206.93,Repeat Customer,4538,1,Low Value
CUST00535,7,12,91632.6,11178.53,13090.371428571429,Repeat Customer,4224,2,Low Value
CUST00536,7,7,64745.64,15175.130000000001,9249.377142857144,Repeat Customer,4666,1,Low Value
CUST00537,12,20,309455.48,31774.82,25787.956666666665,Repeat Customer,782,9,Medium Value
CUST00538,11,21,185926.66,39900.47,16902.423636363637,Repeat Customer,2306,6,Low Value
CUST00539,15,23,124264.76,21105.24,8284.317333333332,Repeat Customer,3578,3,Low Value
CUST00540,15,29,222412.63,23287.47,14827.508666666667,Repeat Customer,1718,7,Medium Value
CUST00541,6,7,104732.07,20872.72,17455.345,Repeat Customer,3953,3,Low Value
CUST00542,6,8,40812.66,7175.72,6802.110000000001,Repeat Customer,4900,1,Low Value
CUST00543,9,19,302330.64,39738.93,33592.293333333335,Repeat Customer,851,9,Medium Value
CUST00544,11,17,192825.80000000002,37050.62,17529.618181818183,Repeat Customer,2183,6,Low Value
CUST00545,9,14,232976.01,13851.189999999999,25886.223333333335,Repeat Customer,1570,7,Medium Value
CUST00546,17,36,299767.54,49594.72,17633.384705882352,Repeat Customer,875,9,Medium Value
CUST00547,10,22,398019.12,90411.06,39801.912,Repeat Customer,338,10,High Value
CUST00548,11,18,248636.05,36731.01,22603.27727272727,Repeat Customer,1393,8,Medium Value
CUST00549,9,17,241879.47,45649.229999999996,26875.496666666666,Repeat Customer,1459,8,Medium Value
CUST00550,7,13,192373.76,42141.09,27481.965714285714,Repeat Customer,2191,6,Low Value
CUST00551,14,20,113234.04,20141.38,8088.145714285713,Repeat Customer,3798,3,Low Value
CUST00552,7,8,105443.31,16350.62,15063.33,Repeat Customer,3940,3,Low Value
CUST00553,10,23,202185.36000000002,18943.42,20218.536,Repeat Customer,2011,6,Low Value
CUST00554,10,20,155714.92,22900.29,15571.492000000002,Repeat Customer,2899,5,Low Value
CUST00555,15,28,441357.08999999997,86592.26000000001,29423.805999999997,Repeat Customer,196,10,High Value
CUST00556,7,16,362082.08,11001.539999999999,51726.01142857143,Repeat Customer,477,10,High Value
CUST00557,15,27,435844.0,57699.17,29056.266666666666,Repeat Customer,211,10,High Value
CUST00558,10,18,266720.71,43084.78,26672.071000000004,Repeat Customer,1193,8,Medium Value
CUST00559,15,24,392634.14,88258.25,26175.609333333334,Repeat Customer,356,10,High Value
CUST00560,8,12,105781.51,13668.970000000001,13222.68875,Repeat Customer,3929,3,Low Value
CUST00561,6,14,113888.6,20220.58,18981.433333333334,Repeat Customer,3783,3,Low Value
CUST00562,8,17,159043.87,27144.51,19880.48375,Repeat Customer,2834,5,Low Value
CUST00563,14,29,375274.68,52159.31,26805.334285714285,Repeat Customer,417,10,High Value
CUST00564,10,21,244414.65,26683.309999999998,24441.465,Repeat Customer,1440,8,Medium Value
CUST00565,7,18,159966.83,24691.83,22852.404285714285,Repeat Customer,2816,5,Low Value
CUST00566,12,18,151974.82,17892.920000000002,12664.568333333335,Repeat Customer,2983,5,Low Value
CUST00567,10,20,220819.03,29360.53,22081.903,Repeat Customer,1739,7,Medium Value
CUST00568,10,17,258058.00999999998,60649.78999999999,25805.801,Repeat Customer,1277,8,Medium Value
CUST00569,7,12,65039.7,10519.47,9291.385714285714,Repeat Customer,4661,1,Low Value
CUST00570,12,23,206861.54,27824.95,17238.461666666666,Repeat Customer,1940,7,Medium Value
CUST00571,13,19,218131.2,39685.42,16779.32307692308,Repeat Customer,1792,7,Medium Value
CUST00572,6,10,59442.52999999999,12971.43,9907.088333333331,Repeat Customer,4739,1,Low Value
CUST00573,14,30,286053.76,43191.7,20432.411428571428,Repeat Customer,1000,9,Medium Value
CUST00574,14,23,293933.74,40907.22,20995.26714285714,Repeat Customer,922,9,Medium Value
CUST00575,15,26,203696.59999999998,29723.61,13579.773333333333,Repeat Customer,1986,7,Medium Value
CUST00576,5,5,53594.08,5087.67,10718.816,Repeat Customer,4809,1,Low Value
CUST00577,5,7,218596.58999999997,34461.25,43719.31799999999,Repeat Customer,1783,7,Medium Value
CUST00578,17,30,261369.82,47289.78,15374.695294117648,Repeat Customer,1245,8,Medium Value
CUST00579,13,23,253860.49000000002,24743.54,19527.730000000003,Repeat Customer,1325,8,Medium Value
CUST00580,6,10,99427.52,20137.64,16571.253333333334,Repeat Customer,4066,2,Low Value
CUST00581,14,32,490594.17,95099.29,35042.440714285716,Repeat Customer,119,10,High Value
CUST00582,9,12,102522.37,13260.900000000001,11391.374444444444,Repeat Customer,3996,3,Low Value
CUST00583,10,10,96470.19,12578.61,9647.019,Repeat Customer,4132,2,Low Value
CUST00584,10,11,227764.24,44533.44,22776.424,Repeat Customer,1649,7,Medium Value
CUST00585,8,17,219039.7,36930.630000000005,27379.9625,Repeat Customer,1770,7,Medium Value
CUST00586,11,13,113665.19,23191.28,10333.199090909091,Repeat Customer,3790,3,Low Value
CUST00587,10,13,197616.68,37012.44,19761.667999999998,Repeat Customer,2087,6,Low Value
CUST00588,12,23,132358.42,23037.89,11029.868333333334,Repeat Customer,3415,4,Low Value
CUST00589,7,10,182801.65,30631.230000000003,26114.52142857143,Repeat Customer,2375,6,Low Value
CUST00590,8,11,90972.8,17591.16,11371.6,Repeat Customer,4232,2,Low Value
CUST00591,11,23,206267.28,32258.48,18751.570909090908,Repeat Customer,1951,7,Medium Value
CUST00592,11,19,106703.29,15957.63,9700.29909090909,Repeat Customer,3913,3,Low Value
CUST00593,8,14,82947.89,9317.35,10368.48625,Repeat Customer,4366,2,Low Value
CUST00594,14,22,193783.16999999998,26889.2,13841.654999999999,Repeat Customer,2164,6,Low Value
CUST00595,13,21,212639.55,26184.85,16356.888461538461,Repeat Customer,1858,7,Medium Value
CUST00596,13,18,306645.34,47919.83,23588.10307692308,Repeat Customer,814,9,Medium Value
CUST00597,10,17,141001.52,23572.0,14100.151999999998,Repeat Customer,3212,4,Low Value
CUST00598,13,20,158850.52,24388.07,12219.270769230769,Repeat Customer,2839,5,Low Value
CUST00599,10,20,211223.75,46454.62,21122.375,Repeat Customer,1874,7,Medium Value
CUST00600,11,20,291128.41,46652.39,26466.21909090909,Repeat Customer,953,9,Medium Value
CUST00601,12,21,277115.32,54788.43,23092.943333333333,Repeat Customer,1087,8,Medium Value
CUST00602,8,12,101997.28,15775.13,12749.66,Repeat Customer,4014,2,Low Value
CUST00603,10,17,146073.98,20679.28,14607.398000000001,Repeat Customer,3097,4,Low Value
CUST00604,6,7,153700.68,18784.63,25616.78,Repeat Customer,2937,5,Low Value
CUST00605,10,24,297905.01,64087.93,29790.501,Repeat Customer,890,9,Medium Value
CUST00606,10,22,172063.21,37898.89,17206.321,Repeat Customer,2567,5,Low Value
CUST00607,11,16,158148.07,27242.22,14377.097272727273,Repeat Customer,2859,5,Low Value
CUST00608,12,17,170536.82,22595.34,14211.401666666667,Repeat Customer,2595,5,Low Value
CUST00609,12,24,248620.34,47589.09,20718.361666666668,Repeat Customer,1394,8,Medium Value
CUST00610,7,12,203690.92,21516.440000000002,29098.70285714286,Repeat Customer,1987,7,Medium Value
CUST00611,6,10,186110.14999999997,44385.04,31018.358333333326,Repeat Customer,2305,6,Low Value
CUST00612,18,36,305273.18,57137.920000000006,16959.62111111111,Repeat Customer,823,9,Medium Value
CUST00613,7,12,75439.78,8027.47,10777.111428571428,Repeat Customer,4505,1,Low Value
CUST00614,7,13,96694.57,19864.84,13813.51,Repeat Customer,4128,2,Low Value
CUST00615,10,18,182141.25,25242.37,18214.125,Repeat Customer,2388,6,Low Value
CUST00616,10,17,163961.24,26997.12,16396.124,Repeat Customer,2732,5,Low Value
CUST00617,9,11,136914.82,22916.19,15212.757777777779,Repeat Customer,3303,4,Low Value
CUST00618,15,29,376698.84,62735.07,25113.256,Repeat Customer,410,10,High Value
CUST00619,6,9,34808.75,5607.12,5801.458333333333,Repeat Customer,4934,1,Low Value
CUST00620,6,13,112086.4,16254.849999999999,18681.066666666666,Repeat Customer,3822,3,Low Value
CUST00621,18,21,183368.52,35188.82,10187.14,Repeat Customer,2363,6,Low Value
CUST00622,10,14,233938.01,22392.120000000003,23393.801,Repeat Customer,1559,7,Medium Value
CUST00623,11,16,170190.63,36079.01,15471.875454545456,Repeat Customer,2599,5,Low Value
CUST00624,7,14,158484.06,26436.530000000002,22640.579999999998,Repeat Customer,2849,5,Low Value
CUST00625,13,21,251585.16999999998,40186.11,19352.705384615383,Repeat Customer,1361,8,Medium Value
CUST00626,13,19,375694.92,72827.72,28899.60923076923,Repeat Customer,414,10,High Value
CUST00627,10,15,75621.71,13155.08,7562.171,Repeat Customer,4503,1,Low Value
CUST00628,4,6,21937.96,4674.8,5484.49,Repeat Customer,4980,1,Low Value
CUST00629,14,21,235726.6,36809.2,16837.614285714288,Repeat Customer,1538,7,Medium Value
CUST00630,9,22,301032.72000000003,62156.45,33448.08,Repeat Customer,863,9,Medium Value
CUST00631,5,5,106178.36,18356.35,21235.672,Repeat Customer,3923,3,Low Value
CUST00632,18,30,233363.85,19300.67,12964.658333333333,Repeat Customer,1566,7,Medium Value
CUST00633,12,18,113992.22,20093.0,9499.351666666667,Repeat Customer,3780,3,Low Value
CUST00634,10,15,93794.92,15717.07,9379.492,Repeat Customer,4184,2,Low Value
CUST00635,15,32,550351.69,109835.32,36690.11266666666,Repeat Customer,60,10,High Value
CUST00636,6,11,167039.66,33564.16,27839.943333333333,Repeat Customer,2664,5,Low Value
CUST00637,15,29,270406.93,36419.08,18027.128666666667,Repeat Customer,1146,8,Medium Value
CUST00638,8,8,58719.68,9732.67,7339.96,Repeat Customer,4751,1,Low Value
CUST00639,10,16,160232.05,13671.54,16023.204999999998,Repeat Customer,2804,5,Low Value
CUST00640,16,25,293354.28,56935.090000000004,18334.6425,Repeat Customer,926,9,Medium Value
CUST00641,14,20,118422.84,22263.12,8458.774285714286,Repeat Customer,3696,3,Low Value
CUST00642,13,20,251169.6,42688.55,19320.73846153846,Repeat Customer,1368,8,Medium Value
CUST00643,10,27,419246.87,65292.67,41924.687,Repeat Customer,263,10,High Value
CUST00644,11,25,256379.84000000003,42287.3,23307.258181818182,Repeat Customer,1295,8,Medium Value
CUST00645,11,18,299437.25,33824.770000000004,27221.56818181818,Repeat Customer,879,9,Medium Value
CUST00646,9,14,365076.53,83491.38,40564.05888888889,Repeat Customer,464,10,High Value
CUST00647,6,7,84357.18000000001,12512.23,14059.53,Repeat Customer,4339,2,Low Value
CUST00648,13,27,524415.8099999999,73276.82,40339.67769230769,Repeat Customer,87,10,High Value
CUST00649,11,21,255501.57,41268.51,23227.415454545455,Repeat Customer,1305,8,Medium Value
CUST00650,11,18,379375.27,77385.97,34488.66090909091,Repeat Customer,400,10,High Value
CUST00651,15,28,271105.81,54610.55,18073.720666666668,Repeat Customer,1143,8,Medium Value
CUST00652,8,17,175554.88,12647.16,21944.36,Repeat Customer,2507,5,Low Value
CUST00653,12,18,336882.32,48014.34,28073.52666666667,Repeat Customer,601,9,Medium Value
CUST00654,18,35,199427.55,37316.73,11079.308333333332,Repeat Customer,2056,6,Low Value
CUST00655,16,33,236628.5,33673.3,14789.28125,Repeat Customer,1528,7,Medium Value
CUST00656,10,15,205119.83000000002,17549.3,20511.983,Repeat Customer,1960,7,Medium Value
CUST00657,9,12,77496.85,10325.77,8610.761111111111,Repeat Customer,4474,2,Low Value
CUST00658,10,19,360894.25,77081.14,36089.425,Repeat Customer,485,10,High Value
CUST00659,5,10,145555.61000000002,14254.029999999999,29111.122000000003,Repeat Customer,3115,4,Low Value
CUST00660,16,30,336490.34,58379.270000000004,21030.64625,Repeat Customer,603,9,Medium Value
CUST00661,7,17,103971.86,20761.91,14853.122857142856,Repeat Customer,3968,3,Low Value
CUST00662,9,14,148217.25,30988.47,16468.583333333332,Repeat Customer,3057,4,Low Value
CUST00663,8,12,183403.6,22959.02,22925.45,Repeat Customer,2362,6,Low Value
CUST00664,8,9,166342.41,29842.089999999997,20792.80125,Repeat Customer,2677,5,Low Value
CUST00665,13,24,252733.63,47975.75,19441.048461538463,Repeat Customer,1343,8,Medium Value
CUST00666,13,20,134896.41,24082.93,10376.646923076923,Repeat Customer,3364,4,Low Value
CUST00667,8,15,190412.24,22155.87,23801.53,Repeat Customer,2221,6,Low Value
CUST00668,13,25,298886.24,52173.66,22991.24923076923,Repeat Customer,882,9,Medium Value
CUST00669,10,22,241040.84,38857.17,24104.084,Repeat Customer,1473,8,Medium Value
CUST00670,9,12,154286.66,19448.45,17142.962222222224,Repeat Customer,2924,5,Low Value
CUST00671,9,22,254378.36000000002,52760.87,28264.262222222223,Repeat Customer,1321,8,Medium Value
CUST00672,11,21,223933.12,35531.700000000004,20357.556363636362,Repeat Customer,1692,7,Medium Value
CUST00673,6,11,120742.63,17795.26,20123.771666666667,Repeat Customer,3646,3,Low Value
CUST00674,4,5,103634.7,21133.05,25908.675,Repeat Customer,3977,3,Low Value
CUST00675,10,18,289423.61,48497.82,28942.360999999997,Repeat Customer,968,9,Medium Value
CUST00676,6,9,131667.56,6707.85,21944.593333333334,Repeat Customer,3429,4,Low Value
CUST00677,12,20,134672.52,27074.78,11222.71,Repeat Customer,3370,4,Low Value
CUST00678,7,13,111429.83,19340.539999999997,15918.547142857144,Repeat Customer,3832,3,Low Value
CUST00679,14,25,320970.7,44021.310000000005,22926.47857142857,Repeat Customer,700,9,Medium Value
CUST00680,10,15,242959.1,46569.880000000005,24295.91,Repeat Customer,1453,8,Medium Value
CUST00681,9,11,90896.91,16321.630000000001,10099.656666666668,Repeat Customer,4234,2,Low Value
CUST00682,11,18,104539.11,15865.380000000001,9503.555454545454,Repeat Customer,3956,3,Low Value
CUST00683,11,16,183943.03,37209.75,16722.093636363636,Repeat Customer,2352,6,Low Value
CUST00684,9,13,189287.01,13619.109999999999,21031.89,Repeat Customer,2239,6,Low Value
CUST00685,10,17,183252.85,40210.97,18325.285,Repeat Customer,2365,6,Low Value
CUST00686,8,13,120583.03,13275.9,15072.87875,Repeat Customer,3649,3,Low Value
CUST00687,12,19,120209.44,18503.54,10017.453333333333,Repeat Customer,3654,3,Low Value
CUST00688,8,10,72407.91,12174.3,9050.98875,Repeat Customer,4559,1,Low Value
CUST00689,12,21,234272.75,40822.28,19522.729166666668,Repeat Customer,1554,7,Medium Value
CUST00690,6,8,52315.03,4576.9800000000005,8719.171666666667,Repeat Customer,4820,1,Low Value
CUST00691,9,18,215335.18,44083.23,23926.13111111111,Repeat Customer,1829,7,Medium Value
CUST00692,8,15,179540.41,27879.010000000002,22442.55125,Repeat Customer,2435,6,Low Value
CUST00693,14,17,346873.52999999997,53584.12,24776.68071428571,Repeat Customer,546,9,Medium Value
CUST00694,9,15,216037.95,51310.89000000001,24004.216666666667,Repeat Customer,1816,7,Medium Value
CUST00695,7,13,124616.16,16249.83,17802.308571428573,Repeat Customer,3573,3,Low Value
CUST00696,9,12,90375.57,11770.49,10041.730000000001,Repeat Customer,4247,2,Low Value
CUST00697,10,15,277596.37,39602.229999999996,27759.637,Repeat Customer,1081,8,Medium Value
CUST00698,9,19,291724.42,68707.14,32413.824444444443,Repeat Customer,942,9,Medium Value
CUST00699,9,22,180711.05,27693.059999999998,20079.005555555555,Repeat Customer,2412,6,Low Value
CUST00700,8,15,110833.72,20182.94,13854.215,Repeat Customer,3845,3,Low Value
CUST00701,15,19,260802.69,51474.43,17386.846,Repeat Customer,1252,8,Medium Value
CUST00702,10,18,131075.38,18516.91,13107.538,Repeat Customer,3443,4,Low Value
CUST00703,12,24,336938.33999999997,45971.0,28078.194999999996,Repeat Customer,600,9,Medium Value
CUST00704,8,8,158521.85,32458.34,19815.23125,Repeat Customer,2848,5,Low Value
CUST00705,9,17,382427.89,59483.29,42491.98777777778,Repeat Customer,386,10,High Value
CUST00706,8,15,90052.39,14779.300000000001,11256.54875,Repeat Customer,4253,2,Low Value
CUST00707,11,20,263094.09,39437.41,23917.644545454546,Repeat Customer,1229,8,Medium Value
CUST00708,9,10,102118.5,26992.87,11346.5,Repeat Customer,4009,2,Low Value
CUST00709,6,11,403150.42,88355.79999999999,67191.73666666666,Repeat Customer,316,10,High Value
CUST00710,11,24,146011.49,26305.02,13273.771818181818,Repeat Customer,3101,4,Low Value
CUST00711,8,15,90011.09,7327.35,11251.38625,Repeat Customer,4254,2,Low Value
CUST00712,11,17,132214.59,24226.489999999998,12019.50818181818,Repeat Customer,3417,4,Low Value
CUST00713,14,28,442604.05,12254.67,31614.575,Repeat Customer,193,10,High Value
CUST00714,9,15,218310.33000000002,28669.050000000003,24256.703333333335,Repeat Customer,1789,7,Medium Value
CUST00715,11,20,297296.02,42812.630000000005,27026.91090909091,Repeat Customer,895,9,Medium Value
CUST00716,12,24,193009.54,28481.0,16084.128333333334,Repeat Customer,2179,6,Low Value
CUST00717,5,13,247391.83,47156.689999999995,49478.365999999995,Repeat Customer,1407,8,Medium Value
CUST00718,15,21,203088.62,46478.60999999999,13539.241333333333,Repeat Customer,1998,7,Medium Value
CUST00719,9,15,86692.23999999999,14663.29,9632.47111111111,Repeat Customer,4307,2,Low Value
CUST00720,9,10,97035.58,9296.43,10781.731111111112,Repeat Customer,4115,2,Low Value
CUST00721,13,22,151112.13,24622.55,11624.01,Repeat Customer,2993,5,Low Value
CUST00722,9,13,81954.12,17137.09,9106.013333333332,Repeat Customer,4386,2,Low Value
CUST00723,17,31,267634.55,51811.4,15743.20882352941,Repeat Customer,1187,8,Medium Value
CUST00724,8,12,68187.51,8874.39,8523.43875,Repeat Customer,4623,1,Low Value
CUST00725,10,17,136615.8,27030.739999999998,13661.579999999998,Repeat Customer,3311,4,Low Value
CUST00726,12,19,142009.93,21016.98,11834.160833333333,Repeat Customer,3190,4,Low Value
CUST00727,9,16,232913.66999999998,33673.03,25879.296666666665,Repeat Customer,1571,7,Medium Value
CUST00728,13,19,163849.03,27341.91,12603.771538461539,Repeat Customer,2733,5,Low Value
CUST00729,12,21,218844.99,45782.02,18237.0825,Repeat Customer,1774,7,Medium Value
CUST00730,8,12,55836.74,11708.599999999999,6979.5925,Repeat Customer,4789,1,Low Value
CUST00731,10,13,220199.07,34142.42,22019.907,Repeat Customer,1752,7,Medium Value
CUST00732,8,10,140068.46,25877.03,17508.5575,Repeat Customer,3238,4,Low Value
CUST00733,15,22,292919.34,63091.15,19527.956000000002,Repeat Customer,930,9,Medium Value
CUST00734,6,10,40514.43,6255.19,6752.405,Repeat Customer,4903,1,Low Value
CUST00735,6,10,86588.1,9951.7,14431.35,Repeat Customer,4309,2,Low Value
CUST00736,5,7,83546.74,17689.69,16709.348,Repeat Customer,4356,2,Low Value
CUST00737,12,16,262855.55,44769.27,21904.629166666666,Repeat Customer,1230,8,Medium Value
CUST00738,12,25,452837.3,87660.79,37736.441666666666,Repeat Customer,172,10,High Value
CUST00739,9,17,135172.99000000002,19746.91,15019.221111111114,Repeat Customer,3354,4,Low Value
CUST00740,8,13,168377.08000000002,39404.37,21047.135000000002,Repeat Customer,2634,5,Low Value
CUST00741,14,24,367689.23,60158.54,26263.516428571427,Repeat Customer,452,10,High Value
CUST00742,12,20,266426.05,51304.36000000001,22202.170833333334,Repeat Customer,1195,8,Medium Value
CUST00743,9,13,181264.90999999997,33758.39,20140.545555555553,Repeat Customer,2405,6,Low Value
CUST00744,16,27,268197.94,42715.33,16762.37125,Repeat Customer,1183,8,Medium Value
CUST00745,11,17,324055.16000000003,51783.76,29459.56,Repeat Customer,685,9,Medium Value
CUST00746,12,22,145810.11000000002,30369.57,12150.8425,Repeat Customer,3107,4,Low Value
CUST00747,13,20,170755.94,18855.25,13135.072307692308,Repeat Customer,2588,5,Low Value
CUST00748,13,26,133682.41999999998,19632.600000000002,10283.263076923076,Repeat Customer,3388,4,Low Value
CUST00749,9,18,240663.18,28685.24,26740.353333333333,Repeat Customer,1477,8,Medium Value
CUST00750,13,22,143725.32,25782.36,11055.793846153847,Repeat Customer,3157,4,Low Value
CUST00751,11,17,95598.48999999999,16106.349999999999,8690.771818181818,Repeat Customer,4148,2,Low Value
CUST00752,7,11,319443.43,66798.3,45634.775714285715,Repeat Customer,710,9,Medium Value
CUST00753,11,23,166933.88,25974.61,15175.807272727274,Repeat Customer,2666,5,Low Value
CUST00754,6,12,137150.05000000002,19697.05,22858.34166666667,Repeat Customer,3297,4,Low Value
CUST00755,4,5,46881.58,9190.499999999998,11720.395,Repeat Customer,4858,1,Low Value
CUST00756,16,28,161200.0,28606.02,10075.0,Repeat Customer,2782,5,Low Value
CUST00757,5,12,67751.66,5786.48,13550.332,Repeat Customer,4635,1,Low Value
CUST00758,13,29,421575.95,85132.01000000001,32428.919230769232,Repeat Customer,253,10,High Value
CUST00759,4,4,41015.020000000004,4618.89,10253.755000000001,Repeat Customer,4899,1,Low Value
CUST00760,4,4,17439.550000000003,2687.42,4359.887500000001,Repeat Customer,4987,1,Low Value
CUST00761,11,22,269224.75,39683.479999999996,24474.977272727272,Repeat Customer,1168,8,Medium Value
CUST00762,11,18,220271.46,39074.32,20024.67818181818,Repeat Customer,1750,7,Medium Value
CUST00763,6,13,60691.030000000006,8906.43,10115.171666666667,Repeat Customer,4714,1,Low Value
CUST00764,12,20,174109.28999999998,23168.18,14509.107499999998,Repeat Customer,2533,5,Low Value
CUST00765,12,19,185792.17,33693.85,15482.680833333334,Repeat Customer,2311,6,Low Value
CUST00766,11,28,373509.67,67664.21,33955.424545454545,Repeat Customer,424,10,High Value
CUST00767,13,29,232684.5,46359.0,17898.80769230769,Repeat Customer,1574,7,Medium Value
CUST00768,5,13,325209.73,56758.3,65041.945999999996,Repeat Customer,674,9,Medium Value
CUST00769,11,12,153390.62,21299.09,13944.601818181818,Repeat Customer,2948,5,Low Value
CUST00770,11,17,174601.47,29718.47,15872.860909090909,Repeat Customer,2524,5,Low Value
CUST00771,7,12,69517.63,13788.16,9931.09,Repeat Customer,4601,1,Low Value
CUST00772,10,19,87377.4,14226.55,8737.74,Repeat Customer,4291,2,Low Value
CUST00773,11,16,150063.15,30599.74,13642.104545454546,Repeat Customer,3004,4,Low Value
CUST00774,11,14,123651.3,17199.38,11241.027272727273,Repeat Customer,3590,3,Low Value
CUST00775,10,21,188341.51,19522.600000000002,18834.151,Repeat Customer,2258,6,Low Value
CUST00776,9,13,169550.83,27242.25,18838.98111111111,Repeat Customer,2615,5,Low Value
CUST00777,10,17,208771.83000000002,28287.739999999998,20877.183,Repeat Customer,1912,7,Medium Value
CUST00778,11,21,119250.97,11139.1,10840.997272727273,Repeat Customer,3679,3,Low Value
CUST00779,15,36,266483.8,40889.99,17765.586666666666,Repeat Customer,1194,8,Medium Value
CUST00780,9,18,130072.89,17068.43,14452.543333333333,Repeat Customer,3468,4,Low Value
CUST00781,5,6,89447.64,17276.210000000003,17889.528,Repeat Customer,4260,2,Low Value
CUST00782,8,9,57906.98,9771.34,7238.3725,Repeat Customer,4764,1,Low Value
CUST00783,11,15,315449.68,58166.76,28677.243636363637,Repeat Customer,735,9,Medium Value
CUST00784,8,10,74106.55,10749.47,9263.31875,Repeat Customer,4529,1,Low Value
CUST00785,11,18,361384.94,71322.05,32853.17636363636,Repeat Customer,483,10,High Value
CUST00786,6,8,94076.16,20334.42,15679.36,Repeat Customer,4182,2,Low Value
CUST00787,9,20,301205.48,45739.35,33467.275555555556,Repeat Customer,861,9,Medium Value
CUST00788,12,13,144683.14,34228.5,12056.928333333335,Repeat Customer,3131,4,Low Value
CUST00789,8,17,141805.45,22068.13,17725.68125,Repeat Customer,3194,4,Low Value
CUST00790,11,15,371714.51999999996,54512.88,33792.22909090909,Repeat Customer,436,10,High Value
CUST00791,7,11,119796.66,26580.219999999998,17113.808571428573,Repeat Customer,3667,3,Low Value
CUST00792,10,20,170751.71000000002,33128.56,17075.171000000002,Repeat Customer,2589,5,Low Value
CUST00793,10,20,264841.06,57117.33,26484.106,Repeat Customer,1214,8,Medium Value
CUST00794,12,18,197722.34999999998,35464.35,16476.8625,Repeat Customer,2084,6,Low Value
CUST00795,14,25,132863.58,20687.16,9490.255714285713,Repeat Customer,3404,4,Low Value
CUST00796,4,7,48089.54,9574.13,12022.385,Repeat Customer,4849,1,Low Value
CUST00797,11,29,349890.78,47628.56,31808.25272727273,Repeat Customer,535,9,Medium Value
CUST00798,12,21,285374.99,41515.69,23781.249166666665,Repeat Customer,1006,8,Medium Value
CUST00799,12,23,280406.83,52854.55,23367.235833333336,Repeat Customer,1049,8,Medium Value
CUST00800,8,12,65487.740000000005,4828.42,8185.967500000001,Repeat Customer,4654,1,Low Value
CUST00801,11,18,275476.58999999997,33651.71000000001,25043.32636363636,Repeat Customer,1105,8,Medium Value
CUST00802,9,14,345171.09,63270.96000000001,38352.34333333334,Repeat Customer,559,9,Medium Value
CUST00803,12,23,361483.56,71672.1,30123.63,Repeat Customer,480,10,High Value
CUST00804,14,18,294659.48,26127.5,21047.105714285713,Repeat Customer,912,9,Medium Value
CUST00805,10,19,173304.69,26374.17,17330.469,Repeat Customer,2548,5,Low Value
CUST00806,5,7,126878.81999999999,20873.28,25375.764,Repeat Customer,3533,3,Low Value
CUST00807,10,18,191811.5,37013.23,19181.15,Repeat Customer,2200,6,Low Value
CUST00808,11,15,170025.18,37454.21,15456.834545454545,Repeat Customer,2605,5,Low Value
CUST00809,11,20,249475.11000000002,34938.5,22679.555454545454,Repeat Customer,1384,8,Medium Value
CUST00810,10,15,120641.45,22351.510000000002,12064.145,Repeat Customer,3648,3,Low Value
CUST00811,11,21,339295.0,54903.649999999994,30845.0,Repeat Customer,584,9,Medium Value
CUST00812,6,6,113003.01,18217.379999999997,18833.835,Repeat Customer,3801,3,Low Value
CUST00813,7,15,95321.5,15111.8,13617.357142857143,Repeat Customer,4154,2,Low Value
CUST00814,7,14,70296.83,12681.77,10042.404285714287,Repeat Customer,4591,1,Low Value
CUST00815,7,17,74857.73000000001,14756.359999999999,10693.96142857143,Repeat Customer,4515,1,Low Value
CUST00816,20,35,509424.14999999997,116909.81,25471.207499999997,Repeat Customer,104,10,High Value
CUST00817,9,20,185196.21,17054.88,20577.356666666667,Repeat Customer,2326,6,Low Value
CUST00818,14,26,266970.95,45740.55,19069.35357142857,Repeat Customer,1191,8,Medium Value
CUST00819,11,20,96742.40000000001,17417.66,8794.763636363637,Repeat Customer,4126,2,Low Value
CUST00820,9,16,125766.76000000001,12955.48,13974.084444444445,Repeat Customer,3549,3,Low Value
CUST00821,14,18,308332.0,26306.2,22023.714285714286,Repeat Customer,798,9,Medium Value
CUST00822,9,12,121131.63,15597.59,13459.07,Repeat Customer,3643,3,Low Value
CUST00823,8,17,160899.12,33128.97,20112.39,Repeat Customer,2791,5,Low Value
CUST00824,8,20,375329.29999999993,75654.51000000001,46916.16249999999,Repeat Customer,416,10,High Value
CUST00825,8,13,81811.91,16718.370000000003,10226.48875,Repeat Customer,4387,2,Low Value
CUST00826,8,13,157653.14,21636.37,19706.6425,Repeat Customer,2870,5,Low Value
CUST00827,9,16,541085.25,117186.29999999999,60120.583333333336,Repeat Customer,68,10,High Value
CUST00828,16,25,264452.08,38005.64,16528.255,Repeat Customer,1219,8,Medium Value
CUST00829,6,10,82994.8,18408.7,13832.466666666667,Repeat Customer,4365,2,Low Value
CUST00830,10,19,133604.66,19328.17,13360.466,Repeat Customer,3390,4,Low Value
CUST00831,16,20,139459.93,17812.76,8716.245625,Repeat Customer,3249,4,Low Value
CUST00832,12,15,191247.06,34762.35,15937.255,Repeat Customer,2208,6,Low Value
CUST00833,17,30,465162.76,10137.94,27362.51529411765,Repeat Customer,153,10,High Value
CUST00834,10,19,294891.08,47773.549999999996,29489.108,Repeat Customer,909,9,Medium Value
CUST00835,8,15,360703.27,94267.31999999999,45087.90875,Repeat Customer,487,10,High Value
CUST00836,10,13,124955.62999999999,23650.69,12495.562999999998,Repeat Customer,3565,3,Low Value
CUST00837,6,14,145879.05,28294.870000000003,24313.175,Repeat Customer,3106,4,Low Value
CUST00838,12,24,345837.28,50383.439999999995,28819.773333333334,Repeat Customer,551,9,Medium Value
CUST00839,9,9,129803.31999999999,28886.96,14422.59111111111,Repeat Customer,3470,4,Low Value
CUST00840,9,12,101366.99,17110.32,11262.99888888889,Repeat Customer,4028,2,Low Value
CUST00841,16,36,404441.51,73318.39,25277.594375,Repeat Customer,311,10,High Value
CUST00842,6,7,36913.11,4310.049999999999,6152.185,Repeat Customer,4921,1,Low Value
CUST00843,11,19,197996.72000000003,41043.06,17999.70181818182,Repeat Customer,2074,6,Low Value
CUST00844,12,20,187633.1,20223.17,15636.091666666667,Repeat Customer,2277,6,Low Value
CUST00845,9,16,203722.52,33444.38,22635.835555555554,Repeat Customer,1985,7,Medium Value
CUST00846,8,12,177530.40000000002,20263.739999999998,22191.300000000003,Repeat Customer,2471,6,Low Value
CUST00847,10,15,87023.26,11084.199999999999,8702.326,Repeat Customer,4301,2,Low Value
CUST00848,4,8,76372.06999999999,11354.6,19093.017499999998,Repeat Customer,4491,2,Low Value
CUST00849,14,26,171849.13999999998,23739.54,12274.93857142857,Repeat Customer,2571,5,Low Value
CUST00850,5,9,181656.59,17878.81,36331.318,Repeat Customer,2396,6,Low Value
CUST00851,10,15,164666.46999999997,20898.77,16466.646999999997,Repeat Customer,2720,5,Low Value
CUST00852,18,25,246869.22,38426.159999999996,13714.956666666667,Repeat Customer,1412,8,Medium Value
CUST00853,8,12,79401.06,15396.61,9925.1325,Repeat Customer,4437,2,Low Value
CUST00854,13,24,337921.4,61234.0,25993.953846153847,Repeat Customer,594,9,Medium Value
CUST00855,7,17,74938.9,10747.029999999999,10705.557142857142,Repeat Customer,4512,1,Low Value
CUST00856,13,21,220482.39,26266.92,16960.183846153846,Repeat Customer,1744,7,Medium Value
CUST00857,11,26,255132.65999999997,47494.26,23193.878181818178,Repeat Customer,1311,8,Medium Value
CUST00858,13,17,190318.58,35551.28,14639.890769230768,Repeat Customer,2224,6,Low Value
CUST00859,9,15,181809.46000000002,21574.65,20201.051111111112,Repeat Customer,2393,6,Low Value
CUST00860,5,9,48141.27,8560.06,9628.253999999999,Repeat Customer,4848,1,Low Value
CUST00861,10,18,308880.89,58160.92,30888.089,Repeat Customer,792,9,Medium Value
CUST00862,8,13,63989.670000000006,11678.96,7998.708750000001,Repeat Customer,4676,1,Low Value
CUST00863,10,17,204590.3,41759.049999999996,20459.03,Repeat Customer,1970,7,Medium Value
CUST00864,13,21,431733.85,69821.29000000001,33210.29615384615,Repeat Customer,219,10,High Value
CUST00865,15,29,240252.97,31387.21,16016.864666666666,Repeat Customer,1480,8,Medium Value
CUST00866,6,8,43178.14,7291.299999999999,7196.356666666667,Repeat Customer,4888,1,Low Value
CUST00867,8,18,120159.79000000001,12204.76,15019.973750000001,Repeat Customer,3657,3,Low Value
CUST00868,10,20,234347.76,33355.74,23434.776,Repeat Customer,1553,7,Medium Value
CUST00869,10,12,71307.87,7522.43,7130.786999999999,Repeat Customer,4575,1,Low Value
CUST00870,8,10,80507.31999999999,14690.49,10063.414999999999,Repeat Customer,4410,2,Low Value
CUST00871,6,18,128203.32999999999,17032.45,21367.221666666665,Repeat Customer,3508,3,Low Value
CUST00872,9,15,291310.8,49718.600000000006,32367.866666666665,Repeat Customer,949,9,Medium Value
CUST00873,7,18,215829.02000000002,39376.09,30832.717142857146,Repeat Customer,1821,7,Medium Value
CUST00874,15,28,405377.57,73423.06,27025.171333333335,Repeat Customer,305,10,High Value
CUST00875,8,18,130593.15999999999,20270.82,16324.144999999999,Repeat Customer,3459,4,Low Value
CUST00876,7,10,163312.4,19249.2,23330.342857142856,Repeat Customer,2746,5,Low Value
CUST00877,10,16,383913.77,44681.87,38391.377,Repeat Customer,380,10,High Value
CUST00878,8,20,102535.02,16294.2,12816.8775,Repeat Customer,3995,3,Low Value
CUST00879,11,14,242410.66,49009.51,22037.33272727273,Repeat Customer,1456,8,Medium Value
CUST00880,9,16,105188.98,17346.23,11687.664444444445,Repeat Customer,3941,3,Low Value
CUST00881,15,17,192458.34,25107.79,12830.556,Repeat Customer,2188,6,Low Value
CUST00882,17,32,396644.31000000006,77153.71,23332.01823529412,Repeat Customer,343,10,High Value
CUST00883,8,15,135487.65,22636.51,16935.95625,Repeat Customer,3341,4,Low Value
CUST00884,6,8,60112.94,10818.7,10018.823333333334,Repeat Customer,4727,1,Low Value
CUST00885,7,14,80787.21,12602.699999999999,11541.03,Repeat Customer,4404,2,Low Value
CUST00886,10,20,198215.34,39210.85,19821.534,Repeat Customer,2072,6,Low Value
CUST00887,6,11,137645.19,14565.58,22940.865,Repeat Customer,3286,4,Low Value
CUST00888,9,12,123513.28,8974.52,13723.697777777777,Repeat Customer,3595,3,Low Value
CUST00889,14,22,241612.27,38796.43,17258.019285714287,Repeat Customer,1463,8,Medium Value
CUST00890,15,22,140289.73,20478.239999999998,9352.648666666668,Repeat Customer,3230,4,Low Value
CUST00891,6,12,94331.73999999999,21165.5,15721.956666666665,Repeat Customer,4177,2,Low Value
CUST00892,7,14,171308.58000000002,17634.27,24472.65428571429,Repeat Customer,2580,5,Low Value
CUST00893,8,11,213968.51,29514.050000000003,26746.06375,Repeat Customer,1844,7,Medium Value
CUST00894,7,12,124861.73999999999,19354.300000000003,17837.391428571427,Repeat Customer,3567,3,Low Value
CUST00895,9,14,175146.95,16298.14,19460.772222222222,Repeat Customer,2512,5,Low Value
CUST00896,8,15,149316.21,27637.01,18664.52625,Repeat Customer,3019,4,Low Value
CUST00897,8,14,205003.71,21812.78,25625.46375,Repeat Customer,1961,7,Medium Value
CUST00898,9,13,134708.04,24347.620000000003,14967.560000000001,Repeat Customer,3368,4,Low Value
CUST00899,17,26,244318.4,29368.8,14371.670588235294,Repeat Customer,1443,8,Medium Value
CUST00900,11,19,224002.15999999997,38841.75,20363.832727272726,Repeat Customer,1690,7,Medium Value
CUST00901,11,12,96238.47,15678.74,8748.951818181818,Repeat Customer,4137,2,Low Value
CUST00902,11,17,65120.16,11976.289999999999,5920.014545454545,Repeat Customer,4658,1,Low Value
CUST00903,8,12,71921.19,9879.52,8990.14875,Repeat Customer,4567,1,Low Value
CUST00904,8,14,113182.65,13317.13,14147.83125,Repeat Customer,3799,3,Low Value
CUST00905,12,18,325392.77,46556.28,27116.064166666667,Repeat Customer,673,9,Medium Value
CUST00906,4,4,31636.34,2728.02,7909.085,Repeat Customer,4949,1,Low Value
CUST00907,8,11,229283.32,40049.59,28660.415,Repeat Customer,1627,7,Medium Value
CUST00908,10,15,112097.26999999999,21707.56,11209.726999999999,Repeat Customer,3821,3,Low Value
CUST00909,13,24,168045.18,17234.05,12926.552307692307,Repeat Customer,2645,5,Low Value
CUST00910,8,13,71210.59,10857.630000000001,8901.32375,Repeat Customer,4576,1,Low Value
CUST00911,7,12,134650.29,21115.02,19235.755714285715,Repeat Customer,3372,4,Low Value
CUST00912,5,13,122118.09000000001,28520.57,24423.618000000002,Repeat Customer,3624,3,Low Value
CUST00913,12,20,173184.34,27190.63,14432.028333333334,Repeat Customer,2552,5,Low Value
CUST00914,8,13,297116.58,24476.35,37139.5725,Repeat Customer,897,9,Medium Value
CUST00915,8,14,96651.86,18916.22,12081.4825,Repeat Customer,4129,2,Low Value
CUST00916,14,22,178819.86,20205.75,12772.847142857141,Repeat Customer,2453,6,Low Value
CUST00917,13,19,239284.00999999998,47018.799999999996,18406.462307692305,Repeat Customer,1493,8,Medium Value
CUST00918,9,15,64815.97,8259.89,7201.774444444444,Repeat Customer,4664,1,Low Value
CUST00919,15,25,180064.78,31431.42,12004.318666666666,Repeat Customer,2418,6,Low Value
CUST00920,9,16,155824.13999999998,27352.670000000002,17313.79333333333,Repeat Customer,2898,5,Low Value
CUST00921,13,20,162042.06,25570.370000000003,12464.773846153847,Repeat Customer,2764,5,Low Value
CUST00922,15,20,195214.49,12026.439999999999,13014.299333333332,Repeat Customer,2134,6,Low Value
CUST00923,6,11,178888.82,44803.729999999996,29814.803333333333,Repeat Customer,2450,6,Low Value
CUST00924,11,20,196480.29,38937.56,17861.844545454547,Repeat Customer,2105,6,Low Value
CUST00925,8,13,82892.74,11436.16,10361.5925,Repeat Customer,4367,2,Low Value
CUST00926,8,14,86566.95,7227.09,10820.86875,Repeat Customer,4310,2,Low Value
CUST00927,11,19,184388.96,28740.84,16762.632727272725,Repeat Customer,2342,6,Low Value
CUST00928,4,6,57833.22,7993.09,14458.305,Repeat Customer,4765,1,Low Value
CUST00929,13,24,366245.53,41308.71,28172.73307692308,Repeat Customer,460,10,High Value
CUST00930,8,10,61457.53,10936.69,7682.19125,Repeat Customer,4707,1,Low Value
CUST00931,9,14,350752.11,55748.6,38972.456666666665,Repeat Customer,531,9,Medium Value
CUST00932,10,16,89038.94,15372.62,8903.894,Repeat Customer,4266,2,Low Value
CUST00933,7,11,96367.3,9942.6,13766.757142857143,Repeat Customer,4136,2,Low Value
CUST00934,14,23,348037.51,46515.83,24859.822142857145,Repeat Customer,542,9,Medium Value
CUST00935,11,24,334346.6,68261.67,30395.14545454545,Repeat Customer,617,9,Medium Value
CUST00936,14,26,132055.43,20387.97,9432.530714285715,Repeat Customer,3420,4,Low Value
CUST00937,11,18,189343.4,21060.48,17213.03636363636,Repeat Customer,2238,6,Low Value
CUST00938,7,10,150033.84,10742.5,21433.405714285713,Repeat Customer,3005,4,Low Value
CUST00939,10,21,155449.32,23053.77,15544.932,Repeat Customer,2906,5,Low Value
CUST00940,10,13,167886.89,27878.12,16788.689000000002,Repeat Customer,2646,5,Low Value
CUST00941,15,23,451188.36000000004,72093.6,30079.224000000002,Repeat Customer,175,10,High Value
CUST00942,12,22,312193.95,32215.81,26016.162500000002,Repeat Customer,759,9,Medium Value
CUST00943,7,9,78324.59,10778.050000000001,11189.227142857142,Repeat Customer,4458,2,Low Value
CUST00944,15,29,470264.87,81610.37,31350.99133333333,Repeat Customer,147,10,High Value
CUST00945,12,16,153630.16,12505.58,12802.513333333334,Repeat Customer,2940,5,Low Value
CUST00946,16,30,269197.37,51254.78,16824.835625,Repeat Customer,1170,8,Medium Value
CUST00947,7,13,109396.8,13049.1,15628.114285714286,Repeat Customer,3867,3,Low Value
CUST00948,9,15,77429.28,10307.560000000001,8603.253333333334,Repeat Customer,4475,2,Low Value
CUST00949,13,22,228547.42,46049.7,17580.57076923077,Repeat Customer,1637,7,Medium Value
CUST00950,10,17,192876.11000000002,21466.24,19287.611,Repeat Customer,2182,6,Low Value
CUST00951,17,26,309383.39,48438.119999999995,18199.02294117647,Repeat Customer,785,9,Medium Value
CUST00952,10,16,174414.03,20823.74,17441.403,Repeat Customer,2528,5,Low Value
CUST00953,4,9,52407.439999999995,9242.68,13101.859999999999,Repeat Customer,4819,1,Low Value
CUST00954,9,20,404950.94,101382.78,44994.54888888889,Repeat Customer,309,10,High Value
CUST00955,8,10,185283.27,37051.81,23160.40875,Repeat Customer,2323,6,Low Value
CUST00956,9,15,275042.19,51114.67,30560.243333333332,Repeat Customer,1108,8,Medium Value
CUST00957,7,10,90796.95,12767.77,12970.992857142857,Repeat Customer,4237,2,Low Value
CUST00958,9,17,219024.34,28934.670000000002,24336.037777777776,Repeat Customer,1771,7,Medium Value
CUST00959,10,11,79946.06999999999,15391.44,7994.606999999999,Repeat Customer,4424,2,Low Value
CUST00960,8,14,260389.5,46723.63,32548.6875,Repeat Customer,1260,8,Medium Value
CUST00961,8,16,83113.37,9817.93,10389.17125,Repeat Customer,4363,2,Low Value
CUST00962,15,22,217275.74000000002,43508.4,14485.049333333334,Repeat Customer,1800,7,Medium Value
CUST00963,12,17,335756.25,34023.7,27979.6875,Repeat Customer,609,9,Medium Value
CUST00964,8,17,403075.4,34877.06,50384.425,Repeat Customer,317,10,High Value
CUST00965,18,28,290537.64999999997,45078.35,16140.980555555554,Repeat Customer,961,9,Medium Value
CUST00966,11,20,275527.14,32196.3,25047.921818181818,Repeat Customer,1102,8,Medium Value
CUST00967,8,14,150740.8,32523.949999999997,18842.6,Repeat Customer,2996,5,Low Value
CUST00968,6,8,92633.40000000001,4391.219999999999,15438.900000000001,Repeat Customer,4202,2,Low Value
CUST00969,9,13,148978.96,16315.54,16553.217777777776,Repeat Customer,3031,4,Low Value
CUST00970,9,17,246744.59999999998,42702.39,27416.066666666666,Repeat Customer,1416,8,Medium Value
CUST00971,10,15,123542.19,17120.59,12354.219000000001,Repeat Customer,3593,3,Low Value
CUST00972,8,18,345621.62,-2795.24,43202.7025,Repeat Customer,553,9,Medium Value
CUST00973,7,12,102200.19,11203.23,14600.027142857143,Repeat Customer,4007,2,Low Value
CUST00974,8,10,71829.97,16489.86,8978.74625,Repeat Customer,4569,1,Low Value
CUST00975,8,10,67237.65,6928.59,8404.70625,Repeat Customer,4642,1,Low Value
CUST00976,7,14,139129.52000000002,23221.62,19875.645714285718,Repeat Customer,3256,4,Low Value
CUST00977,12,19,272477.08,61552.45,22706.423333333336,Repeat Customer,1133,8,Medium Value
CUST00978,9,16,312170.37,42752.8,34685.596666666665,Repeat Customer,760,9,Medium Value
CUST00979,6,14,156058.16999999998,36730.79,26009.694999999996,Repeat Customer,2893,5,Low Value
CUST00980,7,11,82053.99,8371.72,11721.998571428572,Repeat Customer,4383,2,Low Value
CUST00981,4,5,72087.31,14815.52,18021.8275,Repeat Customer,4563,1,Low Value
CUST00982,15,27,297717.0,41237.19,19847.8,Repeat Customer,891,9,Medium Value
CUST00983,13,23,269729.08,26202.09,20748.39076923077,Repeat Customer,1157,8,Medium Value
CUST00984,10,22,111169.75,23100.51,11116.975,Repeat Customer,3838,3,Low Value
CUST00985,13,19,175371.51,28995.73,13490.116153846155,Repeat Customer,2508,5,Low Value
CUST00986,6,8,87270.16,16563.98,14545.026666666667,Repeat Customer,4295,2,Low Value
CUST00987,9,13,60002.32,10952.119999999999,6666.924444444445,Repeat Customer,4732,1,Low Value
CUST00988,20,39,371199.01,54078.15,18559.9505,Repeat Customer,438,10,High Value
CUST00989,20,32,513451.66000000003,103708.79000000001,25672.583000000002,Repeat Customer,98,10,High Value
CUST00990,7,12,121430.91,21770.72,17347.272857142856,Repeat Customer,3637,3,Low Value
CUST00991,16,26,357441.64,50365.71,22340.1025,Repeat Customer,502,9,Medium Value
CUST00992,11,22,271670.7,46327.340000000004,24697.336363636365,Repeat Customer,1138,8,Medium Value
CUST00993,11,22,301005.3,64618.14,27364.11818181818,Repeat Customer,864,9,Medium Value
CUST00994,10,21,251028.42,43708.82,25102.842,Repeat Customer,1369,8,Medium Value
CUST00995,11,17,194395.5,27418.89,17672.31818181818,Repeat Customer,2149,6,Low Value
CUST00996,9,17,212226.77,40037.1,23580.75222222222,Repeat Customer,1865,7,Medium Value
CUST00997,4,6,101528.48999999999,20739.0,25382.122499999998,Repeat Customer,4025,2,Low Value
CUST00998,11,15,103854.54,18965.62,9441.321818181817,Repeat Customer,3971,3,Low Value
CUST00999,12,24,254039.29,34393.200000000004,21169.940833333334,Repeat Customer,1322,8,Medium Value
CUST01000,8,10,139141.69,19399.940000000002,17392.71125,Repeat Customer,3255,4,Low Value
CUST01001,12,22,122967.61,23793.97,10247.300833333333,Repeat Customer,3604,3,Low Value
CUST01002,7,13,219737.8,37097.38,31391.114285714284,Repeat Customer,1760,7,Medium Value
CUST01003,8,14,241278.86,18745.039999999997,30159.8575,Repeat Customer,1468,8,Medium Value
CUST01004,7,11,73734.88,12126.61,10533.554285714286,Repeat Customer,4535,1,Low Value
CUST01005,16,24,341426.27,61621.07,21339.141875,Repeat Customer,577,9,Medium Value
CUST01006,8,17,148422.62,15755.32,18552.8275,Repeat Customer,3051,4,Low Value
CUST01007,13,18,156925.91,23992.78,12071.223846153847,Repeat Customer,2879,5,Low Value
CUST01008,13,23,225895.75,25569.08,17376.596153846152,Repeat Customer,1671,7,Medium Value
CUST01009,6,11,349677.07,92435.32,58279.511666666665,Repeat Customer,536,9,Medium Value
CUST01010,6,9,70719.27,7587.41,11786.545,Repeat Customer,4583,1,Low Value
CUST01011,11,23,462575.65,75839.91,42052.33181818182,Repeat Customer,158,10,High Value
CUST01012,13,20,232377.08000000002,41193.26,17875.16,Repeat Customer,1577,7,Medium Value
CUST01013,6,8,133918.66999999998,26700.36,22319.778333333332,Repeat Customer,3385,4,Low Value
CUST01014,9,16,191100.7,35113.3,21233.411111111112,Repeat Customer,2210,6,Low Value
CUST01015,9,20,209197.74,38748.240000000005,23244.193333333333,Repeat Customer,1907,7,Medium Value
CUST01016,14,25,176985.56,6998.45,12641.825714285715,Repeat Customer,2486,6,Low Value
CUST01017,16,31,265579.65,36694.33,16598.728125,Repeat Customer,1204,8,Medium Value
CUST01018,8,14,103779.71,11395.03,12972.46375,Repeat Customer,3974,3,Low Value
CUST01019,10,18,300184.58999999997,55140.45,30018.458999999995,Repeat Customer,872,9,Medium Value
CUST01020,9,16,130935.28,21126.27,14548.364444444444,Repeat Customer,3451,4,Low Value
CUST01021,8,13,55555.14,8315.55,6944.3925,Repeat Customer,4791,1,Low Value
CUST01022,12,21,161176.6,11142.65,13431.383333333333,Repeat Customer,2783,5,Low Value
CUST01023,5,9,37560.68,5795.38,7512.136,Repeat Customer,4919,1,Low Value
CUST01024,10,11,77643.63,14839.52,7764.363,Repeat Customer,4469,2,Low Value
CUST01025,17,27,339306.43,41627.98,19959.201764705882,Repeat Customer,583,9,Medium Value
CUST01026,8,13,332194.94999999995,37792.64,41524.368749999994,Repeat Customer,631,9,Medium Value
CUST01027,9,10,73184.09999999999,12839.949999999999,8131.566666666666,Repeat Customer,4547,1,Low Value
CUST01028,7,22,133235.99,26258.57,19033.712857142855,Repeat Customer,3395,4,Low Value
CUST01029,10,18,404217.2,36570.39,40421.72,Repeat Customer,312,10,High Value
CUST01030,8,14,254892.07,32980.77,31861.50875,Repeat Customer,1315,8,Medium Value
CUST01031,8,14,152400.3,18571.36,19050.0375,Repeat Customer,2974,5,Low Value
CUST01032,8,15,290958.21,40219.39,36369.77625,Repeat Customer,956,9,Medium Value
CUST01033,8,13,136833.94,23132.95,17104.2425,Repeat Customer,3304,4,Low Value
CUST01034,10,15,119114.35,18424.1,11911.435000000001,Repeat Customer,3681,3,Low Value
CUST01035,10,15,116628.61,6129.719999999999,11662.861,Repeat Customer,3723,3,Low Value
CUST01036,7,9,45933.32,8571.99,6561.902857142857,Repeat Customer,4865,1,Low Value
CUST01037,14,30,303930.04,65013.68,21709.28857142857,Repeat Customer,834,9,Medium Value
CUST01038,10,13,92095.2,15844.95,9209.52,Repeat Customer,4216,2,Low Value
CUST01039,9,19,286153.24,26671.42,31794.804444444442,Repeat Customer,999,9,Medium Value
CUST01040,18,37,586122.34,115543.05,32562.35222222222,Repeat Customer,38,10,High Value
CUST01041,10,23,196561.53,34795.85,19656.153,Repeat Customer,2102,6,Low Value
CUST01042,14,23,215576.97999999998,31081.820000000003,15398.355714285713,Repeat Customer,1828,7,Medium Value
CUST01043,11,23,252936.01,42124.420000000006,22994.182727272728,Repeat Customer,1337,8,Medium Value
CUST01044,12,19,198480.17,26031.24,16540.014166666668,Repeat Customer,2066,6,Low Value
CUST01045,4,4,44558.0,9069.35,11139.5,Repeat Customer,4876,1,Low Value
CUST01046,10,11,187047.69,34011.13,18704.769,Repeat Customer,2289,6,Low Value
CUST01047,5,14,164407.1,19887.739999999998,32881.42,Repeat Customer,2726,5,Low Value
CUST01048,12,24,284470.08999999997,33136.3,23705.840833333332,Repeat Customer,1013,8,Medium Value
CUST01049,16,25,299474.44,63151.58,18717.1525,Repeat Customer,877,9,Medium Value
CUST01050,7,18,146641.49,22322.06,20948.784285714286,Repeat Customer,3092,4,Low Value
CUST01051,13,19,169831.6,24715.190000000002,13063.969230769231,Repeat Customer,2611,5,Low Value
CUST01052,8,10,101986.56,17000.56,12748.32,Repeat Customer,4015,2,Low Value
CUST01053,8,12,258171.6,38683.43,32271.45,Repeat Customer,1276,8,Medium Value
CUST01054,8,14,134454.29,19104.79,16806.78625,Repeat Customer,3378,4,Low Value
CUST01055,10,16,54276.36,10522.83,5427.636,Repeat Customer,4804,1,Low Value
CUST01056,8,10,180256.98,26790.91,22532.1225,Repeat Customer,2415,6,Low Value
CUST01057,7,9,66000.45999999999,7210.16,9428.637142857142,Repeat Customer,4651,1,Low Value
CUST01058,8,12,203880.18,31318.88,25485.0225,Repeat Customer,1981,7,Medium Value
CUST01059,14,29,283375.83,31005.2,20241.130714285715,Repeat Customer,1024,8,Medium Value
CUST01060,10,18,165051.15,31605.33,16505.114999999998,Repeat Customer,2714,5,Low Value
CUST01061,7,8,63648.91,12040.02,9092.701428571429,Repeat Customer,4683,1,Low Value
CUST01062,7,16,95220.91,18046.7,13602.987142857144,Repeat Customer,4156,2,Low Value
CUST01063,10,16,276626.66,29288.06,27662.665999999997,Repeat Customer,1092,8,Medium Value
CUST01064,9,17,100287.31,14870.9,11143.034444444444,Repeat Customer,4044,2,Low Value
CUST01065,15,24,201867.21000000002,35555.74,13457.814000000002,Repeat Customer,2020,6,Low Value
CUST01066,11,24,310829.54000000004,58640.84,28257.23090909091,Repeat Customer,771,9,Medium Value
CUST01067,13,30,254826.58,32122.83,19602.044615384613,Repeat Customer,1316,8,Medium Value
CUST01068,11,24,138777.73,19284.38,12616.157272727274,Repeat Customer,3264,4,Low Value
CUST01069,10,13,225669.84,54545.049999999996,22566.984,Repeat Customer,1674,7,Medium Value
CUST01070,7,14,165595.08000000002,33231.56,23656.440000000002,Repeat Customer,2697,5,Low Value
CUST01071,10,11,109814.81,8569.93,10981.481,Repeat Customer,3858,3,Low Value
CUST01072,10,17,405032.33,40664.47,40503.233,Repeat Customer,308,10,High Value
CUST01073,11,17,194209.49,26658.69,17655.40818181818,Repeat Customer,2152,6,Low Value
CUST01074,8,12,87595.1,17216.6,10949.3875,Repeat Customer,4285,2,Low Value
CUST01075,10,14,115255.65,20798.03,11525.564999999999,Repeat Customer,3754,3,Low Value
CUST01076,11,21,378467.55,77321.73000000001,34406.14090909091,Repeat Customer,406,10,High Value
CUST01077,8,12,121741.57,19594.71,15217.69625,Repeat Customer,3630,3,Low Value
CUST01078,11,17,477822.82,70206.82,43438.43818181818,Repeat Customer,135,10,High Value
CUST01079,12,23,150360.13999999998,30505.17,12530.011666666665,Repeat Customer,3000,5,Low Value
CUST01080,5,5,61756.5,7002.08,12351.3,Repeat Customer,4703,1,Low Value
CUST01081,8,16,433401.22,108263.48999999999,54175.1525,Repeat Customer,215,10,High Value
CUST01082,6,14,82425.78,9458.76,13737.63,Repeat Customer,4379,2,Low Value
CUST01083,12,16,159417.24,25618.49,13284.769999999999,Repeat Customer,2826,5,Low Value
CUST01084,10,18,191668.73,26752.35,19166.873,Repeat Customer,2202,6,Low Value
CUST01085,10,20,222495.86,35955.94,22249.586,Repeat Customer,1715,7,Medium Value
CUST01086,12,20,344972.5,46287.42,28747.708333333332,Repeat Customer,560,9,Medium Value
CUST01087,4,7,115936.81,11304.869999999999,28984.2025,Repeat Customer,3741,3,Low Value
CUST01088,7,11,88981.46,13152.32,12711.637142857144,Repeat Customer,4267,2,Low Value
CUST01089,12,27,567157.01,97649.93000000001,47263.08416666667,Repeat Customer,49,10,High Value
CUST01090,8,18,284565.48,67477.53,35570.685,Repeat Customer,1011,8,Medium Value
CUST01091,5,8,231966.25,48670.25,46393.25,Repeat Customer,1586,7,Medium Value
CUST01092,9,10,65571.23999999999,8803.39,7285.693333333333,Repeat Customer,4653,1,Low Value
CUST01093,11,17,87728.84,14534.54,7975.349090909091,Repeat Customer,4281,2,Low Value
CUST01094,6,8,148205.55,29736.219999999998,24700.925,Repeat Customer,3058,4,Low Value
CUST01095,14,22,294040.54000000004,37045.130000000005,21002.895714285718,Repeat Customer,920,9,Medium Value
CUST01096,8,15,108640.76,14493.65,13580.095,Repeat Customer,3878,3,Low Value
CUST01097,6,12,95776.79,20312.37,15962.798333333332,Repeat Customer,4145,2,Low Value
CUST01098,12,17,387103.28,45104.54,32258.60666666667,Repeat Customer,374,10,High Value
CUST01099,11,12,220795.38,25955.04,20072.307272727274,Repeat Customer,1740,7,Medium Value
CUST01100,11,13,146018.52,21257.760000000002,13274.410909090908,Repeat Customer,3099,4,Low Value
CUST01101,12,19,124988.81,19778.72,10415.734166666667,Repeat Customer,3564,3,Low Value
CUST01102,11,15,271161.45,43401.34,24651.04090909091,Repeat Customer,1142,8,Medium Value
CUST01103,13,28,360698.75,42783.46,27746.05769230769,Repeat Customer,488,10,High Value
CUST01104,8,17,286482.42,54054.630000000005,35810.3025,Repeat Customer,996,9,Medium Value
CUST01105,12,25,146136.63,20358.19,12178.0525,Repeat Customer,3096,4,Low Value
CUST01106,11,15,80105.38,13168.76,7282.307272727273,Repeat Customer,4421,2,Low Value
CUST01107,10,18,132814.63,20044.98,13281.463,Repeat Customer,3407,4,Low Value
CUST01108,9,13,122881.59999999999,26709.56,13653.511111111111,Repeat Customer,3607,3,Low Value
CUST01109,8,12,210039.6,25795.77,26254.95,Repeat Customer,1895,7,Medium Value
CUST01110,9,17,182160.48,36958.19,20240.053333333333,Repeat Customer,2386,6,Low Value
CUST01111,8,12,173998.42,16863.17,21749.8025,Repeat Customer,2535,5,Low Value
CUST01112,5,8,102704.47,22399.13,20540.894,Repeat Customer,3992,3,Low Value
CUST01113,10,17,98650.06,15324.94,9865.006,Repeat Customer,4083,2,Low Value
CUST01114,9,15,105994.64,15816.95,11777.182222222222,Repeat Customer,3925,3,Low Value
CUST01115,9,13,122380.86,19880.9,13597.873333333333,Repeat Customer,3619,3,Low Value
CUST01116,5,9,170658.96,33247.29,34131.792,Repeat Customer,2592,5,Low Value
CUST01117,15,34,273126.65,30975.5,18208.443333333336,Repeat Customer,1126,8,Medium Value
CUST01118,9,19,289055.52,42468.48,32117.280000000002,Repeat Customer,971,9,Medium Value
CUST01119,17,42,284501.88,49997.45,16735.404705882353,Repeat Customer,1012,8,Medium Value
CUST01120,12,17,548405.04,37959.57,45700.420000000006,Repeat Customer,62,10,High Value
CUST01121,3,5,201339.77,49423.3,67113.25666666667,Repeat Customer,2029,6,Low Value
CUST01122,9,12,75394.16,14273.99,8377.128888888888,Repeat Customer,4506,1,Low Value
CUST01123,14,25,476284.18,28789.81,34020.29857142857,Repeat Customer,136,10,High Value
CUST01124,13,23,194098.73,24067.59,14930.67153846154,Repeat Customer,2156,6,Low Value
CUST01125,7,13,228724.09000000003,36747.37,32674.870000000003,Repeat Customer,1634,7,Medium Value
CUST01126,9,22,265152.89,43166.59,29461.432222222225,Repeat Customer,1210,8,Medium Value
CUST01127,8,9,196234.31,26982.02,24529.28875,Repeat Customer,2109,6,Low Value
CUST01128,9,12,129267.32,3266.4799999999996,14363.035555555556,Repeat Customer,3484,4,Low Value
CUST01129,6,10,126375.43,19020.53,21062.571666666667,Repeat Customer,3538,3,Low Value
CUST01130,11,15,216636.81,32080.800000000003,19694.255454545455,Repeat Customer,1810,7,Medium Value
CUST01131,9,18,327661.15,47736.19,36406.794444444444,Repeat Customer,658,9,Medium Value
CUST01132,11,16,90615.45,15575.07,8237.76818181818,Repeat Customer,4244,2,Low Value
CUST01133,10,12,120138.97,28688.12,12013.897,Repeat Customer,3660,3,Low Value
CUST01134,6,10,67334.88,7981.63,11222.480000000001,Repeat Customer,4639,1,Low Value
CUST01135,11,17,321354.96,51457.07,29214.087272727276,Repeat Customer,697,9,Medium Value
CUST01136,9,14,74790.31999999999,14176.31,8310.035555555554,Repeat Customer,4517,1,Low Value
CUST01137,4,7,96402.62,19909.71,24100.655,Repeat Customer,4134,2,Low Value
CUST01138,9,15,155855.26,23604.800000000003,17317.251111111113,Repeat Customer,2897,5,Low Value
CUST01139,9,17,110951.37,23080.67,12327.93,Repeat Customer,3843,3,Low Value
CUST01140,13,26,269566.93,46738.14,20735.917692307692,Repeat Customer,1163,8,Medium Value
CUST01141,11,14,80949.2,15286.01,7359.018181818182,Repeat Customer,4403,2,Low Value
CUST01142,16,27,335183.11,53075.26,20948.944375,Repeat Customer,611,9,Medium Value
CUST01143,12,24,307268.89999999997,50710.880000000005,25605.741666666665,Repeat Customer,810,9,Medium Value
CUST01144,12,27,245156.3,22375.82,20429.691666666666,Repeat Customer,1433,8,Medium Value
CUST01145,7,9,51281.22,9099.02,7325.888571428572,Repeat Customer,4829,1,Low Value
CUST01146,9,21,516436.64,75234.88,57381.84888888889,Repeat Customer,91,10,High Value
CUST01147,7,13,150168.19,23897.58,21452.59857142857,Repeat Customer,3003,4,Low Value
CUST01148,8,18,230204.64,30276.19,28775.58,Repeat Customer,1612,7,Medium Value
CUST01149,12,18,191604.2,36247.159999999996,15967.016666666668,Repeat Customer,2203,6,Low Value
CUST01150,6,7,93066.70999999999,13054.9,15511.118333333332,Repeat Customer,4195,2,Low Value
CUST01151,10,19,224006.66,34092.35,22400.666,Repeat Customer,1689,7,Medium Value
CUST01152,12,18,156470.71,27191.25,13039.225833333332,Repeat Customer,2886,5,Low Value
CUST01153,10,24,502796.75999999995,97743.73999999999,50279.67599999999,Repeat Customer,112,10,High Value
CUST01154,11,15,146763.92,24340.6,13342.174545454547,Repeat Customer,3091,4,Low Value
CUST01155,7,16,181709.37,23808.33,25958.481428571427,Repeat Customer,2394,6,Low Value
CUST01156,13,21,159504.32,29707.24,12269.563076923077,Repeat Customer,2824,5,Low Value
CUST01157,8,14,59564.19,13059.72,7445.52375,Repeat Customer,4736,1,Low Value
CUST01158,9,16,161111.02,20031.89,17901.224444444444,Repeat Customer,2786,5,Low Value
CUST01159,11,22,122390.86,23276.93,11126.441818181818,Repeat Customer,3618,3,Low Value
CUST01160,6,6,84915.61,19923.96,14152.601666666667,Repeat Customer,4334,2,Low Value
CUST01161,15,18,168991.06,23950.06,11266.070666666667,Repeat Customer,2623,5,Low Value
CUST01162,8,10,103400.41,17692.940000000002,12925.05125,Repeat Customer,3982,3,Low Value
CUST01163,12,16,164092.94,22029.32,13674.411666666667,Repeat Customer,2729,5,Low Value
CUST01164,11,13,81241.82,14226.94,7385.620000000001,Repeat Customer,4395,2,Low Value
CUST01165,12,26,309864.42,57225.4,25822.035,Repeat Customer,779,9,Medium Value
CUST01166,13,21,175693.45,25047.47,13514.880769230771,Repeat Customer,2504,5,Low Value
CUST01167,10,19,256529.31,51047.549999999996,25652.931,Repeat Customer,1292,8,Medium Value
CUST01168,13,22,209377.88,22166.46,16105.99076923077,Repeat Customer,1904,7,Medium Value
CUST01169,10,20,181368.26,26677.31,18136.826,Repeat Customer,2402,6,Low Value
CUST01170,11,13,143622.43,27463.78,13056.584545454545,Repeat Customer,3160,4,Low Value
CUST01171,9,13,136308.33,30717.91,15145.369999999999,Repeat Customer,3325,4,Low Value
CUST01172,8,13,76175.55,12429.619999999999,9521.94375,Repeat Customer,4493,2,Low Value
CUST01173,12,18,221412.29,24897.14,18451.024166666666,Repeat Customer,1731,7,Medium Value
CUST01174,10,16,224083.45,43351.67,22408.345,Repeat Customer,1686,7,Medium Value
CUST01175,5,11,114793.95,26135.239999999998,22958.79,Repeat Customer,3763,3,Low Value
CUST01176,12,17,246790.16,39232.78,20565.846666666668,Repeat Customer,1413,8,Medium Value
CUST01177,11,16,111591.93000000001,13751.16,10144.72090909091,Repeat Customer,3829,3,Low Value
CUST01178,9,13,115259.03,21343.440000000002,12806.558888888889,Repeat Customer,3753,3,Low Value
CUST01179,6,8,78300.73000000001,14129.240000000002,13050.121666666668,Repeat Customer,4459,2,Low Value
CUST01180,13,15,209324.78,30205.21,16101.906153846154,Repeat Customer,1906,7,Medium Value
CUST01181,9,11,80338.17,14063.02,8926.463333333333,Repeat Customer,4416,2,Low Value
CUST01182,9,18,197256.03,39610.44,21917.336666666666,Repeat Customer,2092,6,Low Value
CUST01183,4,11,34056.13,3790.3199999999997,8514.0325,Repeat Customer,4941,1,Low Value
CUST01184,14,18,168284.3,35909.62,12020.307142857142,Repeat Customer,2638,5,Low Value
CUST01185,10,11,69280.93,10112.380000000001,6928.092999999999,Repeat Customer,4605,1,Low Value
CUST01186,11,16,137293.95,13790.199999999999,12481.268181818183,Repeat Customer,3294,4,Low Value
CUST01187,10,20,459856.13,48039.53,45985.613,Repeat Customer,162,10,High Value
CUST01188,8,17,310157.92,70728.75,38769.74,Repeat Customer,776,9,Medium Value
CUST01189,12,21,194604.36,30491.63,16217.029999999999,Repeat Customer,2142,6,Low Value
CUST01190,13,24,357647.11,38052.24,27511.316153846154,Repeat Customer,501,9,Medium Value
CUST01191,9,14,245998.74,49991.57,27333.193333333333,Repeat Customer,1422,8,Medium Value
CUST01192,14,23,325982.22,67846.53,23284.444285714282,Repeat Customer,669,9,Medium Value
CUST01193,6,10,51560.75,10172.73,8593.458333333334,Repeat Customer,4825,1,Low Value
CUST01194,11,17,335998.84,33465.47,30545.349090909094,Repeat Customer,608,9,Medium Value
CUST01195,7,9,133797.96000000002,18857.88,19113.99428571429,Repeat Customer,3387,4,Low Value
CUST01196,7,15,113602.64,21019.29,16228.948571428571,Repeat Customer,3793,3,Low Value
CUST01197,10,17,210488.68,21730.84,21048.868,Repeat Customer,1887,7,Medium Value
CUST01198,12,26,297525.35000000003,51553.6,24793.77916666667,Repeat Customer,892,9,Medium Value
CUST01199,10,19,250781.16999999998,38952.01,25078.117,Repeat Customer,1371,8,Medium Value
CUST01200,9,15,260554.0,32914.799999999996,28950.444444444445,Repeat Customer,1258,8,Medium Value
CUST01201,13,31,276102.84,53307.07,21238.68,Repeat Customer,1098,8,Medium Value
CUST01202,6,11,179851.31,17067.14,29975.218333333334,Repeat Customer,2425,6,Low Value
CUST01203,12,21,386299.42,6735.35,32191.618333333332,Repeat Customer,375,10,High Value
CUST01204,8,20,254005.4,25545.3,31750.675,Repeat Customer,1323,8,Medium Value
CUST01205,9,14,76662.5,15111.85,8518.055555555555,Repeat Customer,4486,2,Low Value
CUST01206,5,7,101049.8,11045.359999999999,20209.96,Repeat Customer,4035,2,Low Value
CUST01207,8,15,313322.42,33761.729999999996,39165.3025,Repeat Customer,750,9,Medium Value
CUST01208,2,2,12673.85,2757.6899999999996,6336.925,Repeat Customer,4991,1,Low Value
CUST01209,9,17,331745.39999999997,53695.37,36860.6,Repeat Customer,635,9,Medium Value
CUST01210,10,13,161149.61,16027.390000000001,16114.961,Repeat Customer,2785,5,Low Value
CUST01211,5,8,41377.84,9468.75,8275.568,Repeat Customer,4897,1,Low Value
CUST01212,8,14,233939.72,40706.29,29242.465,Repeat Customer,1558,7,Medium Value
CUST01213,14,25,379114.66000000003,69254.13,27079.618571428575,Repeat Customer,402,10,High Value
CUST01214,7,12,69575.08,10440.61,9939.297142857144,Repeat Customer,4599,1,Low Value
CUST01215,13,30,267991.36,48609.450000000004,20614.719999999998,Repeat Customer,1184,8,Medium Value
CUST01216,6,12,66939.38,11423.17,11156.563333333334,Repeat Customer,4643,1,Low Value
CUST01217,7,13,161360.31,31636.35,23051.472857142857,Repeat Customer,2779,5,Low Value
CUST01218,15,25,288549.1,35148.55,19236.606666666667,Repeat Customer,975,9,Medium Value
CUST01219,11,19,173721.12,34450.6,15792.82909090909,Repeat Customer,2540,5,Low Value
CUST01220,9,15,126968.19,27325.399999999998,14107.576666666668,Repeat Customer,3531,3,Low Value
CUST01221,6,12,312916.83,79552.6,52152.805,Repeat Customer,753,9,Medium Value
CUST01222,8,12,68136.56,12133.75,8517.07,Repeat Customer,4625,1,Low Value
CUST01223,5,6,55277.63,12143.07,11055.526,Repeat Customer,4793,1,Low Value
CUST01224,10,13,97311.56999999999,16866.05,9731.157,Repeat Customer,4110,2,Low Value
CUST01225,9,20,110371.73999999999,15299.400000000001,12263.526666666665,Repeat Customer,3852,3,Low Value
CUST01226,9,14,158701.98,28184.16,17633.553333333333,Repeat Customer,2844,5,Low Value
CUST01227,6,11,193691.37,32768.43,32281.895,Repeat Customer,2165,6,Low Value
CUST01228,9,11,139739.38,16614.11,15526.597777777779,Repeat Customer,3244,4,Low Value
CUST01229,6,16,93710.51000000001,19532.370000000003,15618.418333333335,Repeat Customer,4187,2,Low Value
CUST01230,4,8,100474.23,26268.96,25118.5575,Repeat Customer,4040,2,Low Value
CUST01231,8,14,194647.35,3050.7700000000004,24330.91875,Repeat Customer,2140,6,Low Value
CUST01232,13,25,260883.37,47514.45,20067.951538461537,Repeat Customer,1249,8,Medium Value
CUST01233,12,12,134634.07,21199.4,11219.505833333335,Repeat Customer,3373,4,Low Value
CUST01234,12,14,176250.86,32307.05,14687.571666666665,Repeat Customer,2496,6,Low Value
CUST01235,9,25,566687.38,108479.72,62965.264444444445,Repeat Customer,51,10,High Value
CUST01236,13,18,160521.24,26705.579999999998,12347.787692307691,Repeat Customer,2798,5,Low Value
CUST01237,13,22,136992.0,15569.77,10537.846153846154,Repeat Customer,3301,4,Low Value
CUST01238,9,20,167536.87,33033.76,18615.207777777778,Repeat Customer,2651,5,Low Value
CUST01239,12,19,217903.84,30796.79,18158.653333333332,Repeat Customer,1794,7,Medium Value
CUST01240,11,19,274664.65,51018.3,24969.513636363637,Repeat Customer,1110,8,Medium Value
CUST01241,6,12,135560.91999999998,14973.75,22593.486666666664,Repeat Customer,3339,4,Low Value
CUST01242,10,15,164096.81,29287.21,16409.681,Repeat Customer,2728,5,Low Value
CUST01243,11,18,197018.59,23918.129999999997,17910.78090909091,Repeat Customer,2096,6,Low Value
CUST01244,11,19,92384.77,16998.62,8398.615454545456,Repeat Customer,4213,2,Low Value
CUST01245,10,22,231229.47,38392.43,23122.947,Repeat Customer,1597,7,Medium Value
CUST01246,14,22,211744.6,26972.239999999998,15124.614285714286,Repeat Customer,1871,7,Medium Value
CUST01247,13,16,96141.40000000001,12304.96,7395.492307692309,Repeat Customer,4138,2,Low Value
CUST01248,7,12,104580.70000000001,14899.68,14940.100000000002,Repeat Customer,3955,3,Low Value
CUST01249,11,24,179765.38,22223.32,16342.307272727274,Repeat Customer,2429,6,Low Value
CUST01250,13,25,427517.93,59763.810000000005,32885.99461538462,Repeat Customer,232,10,High Value
CUST01251,8,13,73613.93000000001,12403.38,9201.741250000001,Repeat Customer,4540,1,Low Value
CUST01252,11,22,174621.16999999998,28205.95,15874.651818181817,Repeat Customer,2523,5,Low Value
CUST01253,9,15,143970.63999999998,27931.93,15996.737777777777,Repeat Customer,3148,4,Low Value
CUST01254,9,17,136596.95,27755.52,15177.43888888889,Repeat Customer,3312,4,Low Value
CUST01255,5,6,92581.38,11605.720000000001,18516.276,Repeat Customer,4206,2,Low Value
CUST01256,16,22,176575.08,32935.92,11035.9425,Repeat Customer,2491,6,Low Value
CUST01257,18,24,293996.71,43175.19,16333.150555555556,Repeat Customer,921,9,Medium Value
CUST01258,12,23,277820.23,34282.62,23151.685833333333,Repeat Customer,1077,8,Medium Value
CUST01259,10,15,148849.38,14906.369999999999,14884.938,Repeat Customer,3037,4,Low Value
CUST01260,12,31,592131.65,72578.66,49344.30416666667,Repeat Customer,32,10,High Value
CUST01261,14,27,377506.69,64746.9,26964.76357142857,Repeat Customer,408,10,High Value
CUST01262,15,32,309259.23,53572.81,20617.282,Repeat Customer,786,9,Medium Value
CUST01263,8,17,171784.29,29505.879999999997,21473.03625,Repeat Customer,2573,5,Low Value
CUST01264,8,11,83131.47,11775.779999999999,10391.43375,Repeat Customer,4362,2,Low Value
CUST01265,6,9,53098.61,8216.68,8849.768333333333,Repeat Customer,4813,1,Low Value
CUST01266,10,19,240583.49000000002,56794.69,24058.349000000002,Repeat Customer,1478,8,Medium Value
CUST01267,13,21,280033.74,46625.09,21541.05692307692,Repeat Customer,1053,8,Medium Value
CUST01268,10,13,58836.74,11448.96,5883.674,Repeat Customer,4748,1,Low Value
CUST01269,12,27,130938.49,22041.91,10911.540833333334,Repeat Customer,3450,4,Low Value
CUST01270,14,34,308954.10000000003,62073.6,22068.15,Repeat Customer,791,9,Medium Value
CUST01271,5,7,60264.229999999996,9369.42,12052.846,Repeat Customer,4722,1,Low Value
CUST01272,13,26,290327.41000000003,54022.130000000005,22332.877692307695,Repeat Customer,962,9,Medium Value
CUST01273,8,10,72925.4,12022.43,9115.675,Repeat Customer,4549,1,Low Value
CUST01274,7,19,265494.8,24825.170000000002,37927.82857142857,Repeat Customer,1205,8,Medium Value
CUST01275,9,12,112613.72,17405.4,12512.635555555556,Repeat Customer,3814,3,Low Value
CUST01276,11,15,239651.96000000002,54938.630000000005,21786.54181818182,Repeat Customer,1488,8,Medium Value
CUST01277,7,21,111970.29,14711.16,15995.755714285713,Repeat Customer,3826,3,Low Value
CUST01278,8,10,158873.16999999998,32869.14,19859.146249999998,Repeat Customer,2838,5,Low Value
CUST01279,9,14,114012.48,22183.0,12668.053333333333,Repeat Customer,3779,3,Low Value
CUST01280,9,16,231521.8,43458.7,25724.644444444442,Repeat Customer,1596,7,Medium Value
CUST01281,11,18,232737.8,30745.11,21157.981818181815,Repeat Customer,1572,7,Medium Value
CUST01282,6,11,80031.56,16097.8,13338.593333333332,Repeat Customer,4423,2,Low Value
CUST01283,9,14,198007.39,35002.119999999995,22000.821111111112,Repeat Customer,2073,6,Low Value
CUST01284,12,20,153355.01,13579.84,12779.584166666667,Repeat Customer,2950,5,Low Value
CUST01285,4,4,16315.77,2519.83,4078.9425,Repeat Customer,4990,1,Low Value
CUST01286,21,39,640775.83,118537.05,30513.13476190476,Repeat Customer,18,10,High Value
CUST01287,6,10,213865.38,24798.05,35644.23,Repeat Customer,1847,7,Medium Value
CUST01288,10,14,362149.03,50181.520000000004,36214.903000000006,Repeat Customer,475,10,High Value
CUST01289,15,30,440616.71,53224.75,29374.447333333334,Repeat Customer,200,10,High Value
CUST01290,10,22,280306.3,60521.8,28030.629999999997,Repeat Customer,1050,8,Medium Value
CUST01291,6,13,146969.6,21719.480000000003,24494.933333333334,Repeat Customer,3088,4,Low Value
CUST01292,10,17,99636.89,19845.85,9963.689,Repeat Customer,4060,2,Low Value
CUST01293,6,14,177573.82,18153.3,29595.63666666667,Repeat Customer,2470,6,Low Value
CUST01294,7,14,193518.66,30984.899999999998,27645.522857142856,Repeat Customer,2167,6,Low Value
CUST01295,12,22,286844.49,52934.59,23903.7075,Repeat Customer,991,9,Medium Value
CUST01296,8,13,178088.65,31574.96,22261.08125,Repeat Customer,2464,6,Low Value
CUST01297,13,27,225328.37,32784.56,17332.951538461537,Repeat Customer,1680,7,Medium Value
CUST01298,13,21,258605.99,36137.82,19892.76846153846,Repeat Customer,1273,8,Medium Value
CUST01299,10,21,257188.15000000002,51495.58,25718.815000000002,Repeat Customer,1286,8,Medium Value
CUST01300,8,8,94719.54000000001,15436.99,11839.942500000001,Repeat Customer,4165,2,Low Value
CUST01301,8,16,171456.71,12699.740000000002,21432.08875,Repeat Customer,2577,5,Low Value
CUST01302,10,17,73681.54000000001,15921.46,7368.154,Repeat Customer,4537,1,Low Value
CUST01303,8,16,86523.06,17412.28,10815.3825,Repeat Customer,4313,2,Low Value
CUST01304,7,8,68400.81,2953.37,9771.544285714286,Repeat Customer,4620,1,Low Value
CUST01305,15,35,469970.64,104744.20999999999,31331.376,Repeat Customer,148,10,High Value
CUST01306,10,11,59280.83,11135.9,5928.0830000000005,Repeat Customer,4741,1,Low Value
CUST01307,5,5,34429.47,7219.64,6885.894,Repeat Customer,4938,1,Low Value
CUST01308,10,24,132948.03,24256.969999999998,13294.803,Repeat Customer,3400,4,Low Value
CUST01309,14,21,440433.3,66014.42,31459.52142857143,Repeat Customer,202,10,High Value
CUST01310,10,18,101838.41,12601.05,10183.841,Repeat Customer,4018,2,Low Value
CUST01311,9,15,420529.06,75523.98000000001,46725.45111111111,Repeat Customer,257,10,High Value
CUST01312,11,15,184306.17,22109.81,16755.106363636365,Repeat Customer,2343,6,Low Value
CUST01313,13,17,217274.4,48241.68,16713.415384615386,Repeat Customer,1801,7,Medium Value
CUST01314,8,16,133198.44,24451.109999999997,16649.805,Repeat Customer,3397,4,Low Value
CUST01315,10,14,171642.34,33722.08,17164.234,Repeat Customer,2574,5,Low Value
CUST01316,12,17,218430.58,33242.32,18202.548333333332,Repeat Customer,1787,7,Medium Value
CUST01317,13,19,139577.99,16676.63,10736.76846153846,Repeat Customer,3247,4,Low Value
CUST01318,8,14,182483.64,34760.14,22810.455,Repeat Customer,2381,6,Low Value
CUST01319,9,16,163667.07,22648.96,18185.23,Repeat Customer,2741,5,Low Value
CUST01320,9,15,140491.23,11433.529999999999,15610.136666666667,Repeat Customer,3228,4,Low Value
CUST01321,5,7,48289.0,9038.03,9657.8,Repeat Customer,4846,1,Low Value
CUST01322,8,10,332855.76,27730.72,41606.97,Repeat Customer,624,9,Medium Value
CUST01323,11,21,223078.54,38631.94,20279.867272727275,Repeat Customer,1706,7,Medium Value
CUST01324,10,14,184547.57,30650.2,18454.757,Repeat Customer,2336,6,Low Value
CUST01325,5,8,159357.28,26480.55,31871.456,Repeat Customer,2828,5,Low Value
CUST01326,12,22,188475.32,35065.25,15706.276666666667,Repeat Customer,2255,6,Low Value
CUST01327,8,16,240807.15,39145.77,30100.89375,Repeat Customer,1475,8,Medium Value
CUST01328,5,8,80229.99,13321.519999999999,16045.998000000001,Repeat Customer,4418,2,Low Value
CUST01329,11,25,394941.36,38390.83,35903.76,Repeat Customer,348,10,High Value
CUST01330,16,24,228623.79,32275.28,14288.986875,Repeat Customer,1636,7,Medium Value
CUST01331,9,20,169797.43,23352.39,18866.38111111111,Repeat Customer,2613,5,Low Value
CUST01332,9,13,303989.47,52465.350000000006,33776.607777777775,Repeat Customer,832,9,Medium Value
CUST01333,16,31,398267.41,82644.5,24891.713125,Repeat Customer,337,10,High Value
CUST01334,11,15,269898.37,39121.2,24536.215454545454,Repeat Customer,1151,8,Medium Value
CUST01335,9,14,172050.62,31317.2,19116.735555555555,Repeat Customer,2568,5,Low Value
CUST01336,11,18,136550.1,19815.53,12413.645454545454,Repeat Customer,3314,4,Low Value
CUST01337,12,18,252891.01,30424.07,21074.250833333335,Repeat Customer,1338,8,Medium Value
CUST01338,8,15,91296.51000000001,11088.33,11412.063750000001,Repeat Customer,4227,2,Low Value
CUST01339,9,21,214077.33,37234.32,23786.37,Repeat Customer,1842,7,Medium Value
CUST01340,9,17,264681.85,36530.4,29409.094444444443,Repeat Customer,1215,8,Medium Value
CUST01341,7,13,225482.87,32606.480000000003,32211.838571428572,Repeat Customer,1678,7,Medium Value
CUST01342,7,8,48088.51,6668.85,6869.787142857143,Repeat Customer,4850,1,Low Value
CUST01343,9,17,108292.13,16820.27,12032.45888888889,Repeat Customer,3885,3,Low Value
CUST01344,13,23,231681.13,31833.17,17821.625384615385,Repeat Customer,1590,7,Medium Value
CUST01345,7,11,170899.06,33241.03,24414.15142857143,Repeat Customer,2584,5,Low Value
CUST01346,13,22,193359.84,33330.44,14873.833846153846,Repeat Customer,2172,6,Low Value
CUST01347,8,15,301054.66,59051.310000000005,37631.8325,Repeat Customer,862,9,Medium Value
CUST01348,14,27,311894.78,36774.89,22278.198571428573,Repeat Customer,762,9,Medium Value
CUST01349,7,17,149617.24,27066.33,21373.891428571427,Repeat Customer,3017,4,Low Value
CUST01350,20,30,313835.09,56966.15,15691.754500000001,Repeat Customer,745,9,Medium Value
CUST01351,9,16,192517.52,35739.96,21390.835555555554,Repeat Customer,2187,6,Low Value
CUST01352,8,17,355145.32,18121.41,44393.165,Repeat Customer,506,9,Medium Value
CUST01353,13,20,174331.49,29723.25,13410.114615384615,Repeat Customer,2530,5,Low Value
CUST01354,17,23,376153.18,52249.81,22126.657647058822,Repeat Customer,411,10,High Value
CUST01355,10,16,92912.95,14632.39,9291.295,Repeat Customer,4198,2,Low Value
CUST01356,11,26,148747.61,20361.42,13522.509999999998,Repeat Customer,3043,4,Low Value
CUST01357,8,15,114908.68000000001,13753.25,14363.585000000001,Repeat Customer,3759,3,Low Value
CUST01358,14,20,263847.29,42036.45,18846.234999999997,Repeat Customer,1223,8,Medium Value
CUST01359,10,25,422068.36,55966.69,42206.835999999996,Repeat Customer,250,10,High Value
CUST01360,5,8,88470.75,14557.12,17694.15,Repeat Customer,4271,2,Low Value
CUST01361,14,26,182141.62,37052.4,13010.115714285714,Repeat Customer,2387,6,Low Value
CUST01362,10,18,369217.8,29017.18,36921.78,Repeat Customer,443,10,High Value
CUST01363,9,11,154473.22,25630.55,17163.69111111111,Repeat Customer,2920,5,Low Value
CUST01364,11,21,215170.57,31989.72,19560.96090909091,Repeat Customer,1830,7,Medium Value
CUST01365,5,8,107499.23999999999,19079.39,21499.847999999998,Repeat Customer,3897,3,Low Value
CUST01366,20,34,419507.77999999997,69628.41,20975.389,Repeat Customer,262,10,High Value
CUST01367,8,13,116476.1,16362.859999999999,14559.5125,Repeat Customer,3728,3,Low Value
CUST01368,11,17,133927.6,17653.43,12175.236363636364,Repeat Customer,3384,4,Low Value
CUST01369,10,15,114295.73,20202.09,11429.573,Repeat Customer,3772,3,Low Value
CUST01370,19,38,364339.85,26077.769999999997,19175.781578947368,Repeat Customer,467,10,High Value
CUST01371,9,17,129352.53,30823.010000000002,14372.503333333334,Repeat Customer,3482,4,Low Value
CUST01372,18,34,537289.14,81127.95999999999,29849.396666666667,Repeat Customer,73,10,High Value
CUST01373,11,25,306166.98,37392.18,27833.361818181816,Repeat Customer,819,9,Medium Value
CUST01374,13,20,141252.57,15750.880000000001,10865.582307692308,Repeat Customer,3210,4,Low Value
CUST01375,8,12,77675.67,15350.529999999999,9709.45875,Repeat Customer,4467,2,Low Value
CUST01376,13,27,170672.73,32846.61,13128.67153846154,Repeat Customer,2590,5,Low Value
CUST01377,14,26,412704.37,87166.48,29478.88357142857,Repeat Customer,284,10,High Value
CUST01378,10,14,93942.93,11482.49,9394.293,Repeat Customer,4183,2,Low Value
CUST01379,10,17,225714.53,35397.84,22571.453,Repeat Customer,1673,7,Medium Value
CUST01380,4,7,102288.7,21755.11,25572.175,Repeat Customer,4003,2,Low Value
CUST01381,12,28,414562.13,93141.06,34546.84416666667,Repeat Customer,274,10,High Value
CUST01382,13,25,283904.43,51522.81,21838.802307692305,Repeat Customer,1018,8,Medium Value
CUST01383,4,5,58720.479999999996,11408.4,14680.119999999999,Repeat Customer,4750,1,Low Value
CUST01384,8,17,361923.39,58271.67,45240.42375,Repeat Customer,478,10,High Value
CUST01385,11,25,203288.99,32945.45,18480.817272727272,Repeat Customer,1996,7,Medium Value
CUST01386,11,19,254935.34,29942.7,23175.94,Repeat Customer,1314,8,Medium Value
CUST01387,7,8,81688.05,8791.06,11669.721428571429,Repeat Customer,4389,2,Low Value
CUST01388,11,14,241468.75999999998,30385.11,21951.705454545452,Repeat Customer,1466,8,Medium Value
CUST01389,12,23,229422.64,37248.43,19118.553333333333,Repeat Customer,1622,7,Medium Value
CUST01390,12,30,268880.75,49318.82,22406.729166666668,Repeat Customer,1176,8,Medium Value
CUST01391,10,16,98049.15,15155.2,9804.914999999999,Repeat Customer,4093,2,Low Value
CUST01392,6,12,82649.38,17577.69,13774.896666666667,Repeat Customer,4374,2,Low Value
CUST01393,12,20,281262.27,24111.35,23438.522500000003,Repeat Customer,1042,8,Medium Value
CUST01394,7,13,146208.38,17184.3,20886.911428571428,Repeat Customer,3095,4,Low Value
CUST01395,7,15,137908.94,23543.05,19701.277142857143,Repeat Customer,3279,4,Low Value
CUST01396,13,24,212460.02,29442.05,16343.07846153846,Repeat Customer,1861,7,Medium Value
CUST01397,13,24,327115.49,60463.58,25162.73,Repeat Customer,661,9,Medium Value
CUST01398,12,17,148987.31,22128.1,12415.609166666667,Repeat Customer,3029,4,Low Value
CUST01399,8,14,278857.28,43569.54,34857.16,Repeat Customer,1065,8,Medium Value
CUST01400,10,20,119493.51,22089.46,11949.350999999999,Repeat Customer,3675,3,Low Value
CUST01401,10,16,158337.49,31139.53,15833.749,Repeat Customer,2854,5,Low Value
CUST01402,12,14,199557.66,32066.88,16629.805,Repeat Customer,2048,6,Low Value
CUST01403,14,22,227136.26,36758.31,16224.018571428573,Repeat Customer,1657,7,Medium Value
CUST01404,10,23,263526.95,26635.36,26352.695,Repeat Customer,1225,8,Medium Value
CUST01405,11,20,231521.89,39582.520000000004,21047.444545454546,Repeat Customer,1595,7,Medium Value
CUST01406,10,19,153803.9,25462.44,15380.39,Repeat Customer,2933,5,Low Value
CUST01407,8,16,73881.6,11188.47,9235.2,Repeat Customer,4533,1,Low Value
CUST01408,9,19,211615.21,18334.06,23512.801111111112,Repeat Customer,1872,7,Medium Value
CUST01409,2,2,20408.04,4066.01,10204.02,Repeat Customer,4983,1,Low Value
CUST01410,11,17,148463.26,23951.29,13496.660000000002,Repeat Customer,3048,4,Low Value
CUST01411,11,30,240231.35,54467.7,21839.21363636364,Repeat Customer,1481,8,Medium Value
CUST01412,5,11,119048.96000000002,20784.63,23809.792000000005,Repeat Customer,3683,3,Low Value
CUST01413,9,13,185393.7,23403.23,20599.300000000003,Repeat Customer,2320,6,Low Value
CUST01414,7,11,86096.81,16550.68,12299.544285714286,Repeat Customer,4316,2,Low Value
CUST01415,9,15,141388.35,28979.649999999998,15709.816666666668,Repeat Customer,3205,4,Low Value
CUST01416,10,15,113851.33,16314.48,11385.133,Repeat Customer,3785,3,Low Value
CUST01417,9,11,131830.26,27594.5,14647.806666666667,Repeat Customer,3425,4,Low Value
CUST01418,13,23,286256.32,42455.090000000004,22019.716923076925,Repeat Customer,998,9,Medium Value
CUST01419,9,20,130992.62,7502.990000000001,14554.735555555555,Repeat Customer,3445,4,Low Value
CUST01420,9,16,143737.63999999998,26293.780000000002,15970.848888888888,Repeat Customer,3155,4,Low Value
CUST01421,11,21,687080.11,53680.43,62461.82818181818,Repeat Customer,10,10,High Value
CUST01422,12,22,523758.42,71945.4,43646.534999999996,Repeat Customer,89,10,High Value
CUST01423,11,21,237731.96,36775.54,21611.996363636365,Repeat Customer,1515,7,Medium Value
CUST01424,14,30,207411.02000000002,29293.989999999998,14815.072857142859,Repeat Customer,1933,7,Medium Value
CUST01425,10,23,264551.61,43189.59,26455.161,Repeat Customer,1217,8,Medium Value
CUST01426,12,24,148026.61000000002,22193.47,12335.550833333335,Repeat Customer,3062,4,Low Value
CUST01427,9,11,178330.12,19436.48,19814.457777777778,Repeat Customer,2462,6,Low Value
CUST01428,9,18,122674.68999999999,26623.92,13630.52111111111,Repeat Customer,3610,3,Low Value
CUST01429,11,19,149139.98,26663.13,13558.18,Repeat Customer,3024,4,Low Value
CUST01430,7,14,80500.36,15333.630000000001,11500.051428571429,Repeat Customer,4412,2,Low Value
CUST01431,7,18,395255.83,41805.66,56465.118571428575,Repeat Customer,346,10,High Value
CUST01432,1,3,27966.17,6661.73,27966.17,One-Time Customer,4965,1,Low Value
CUST01433,24,34,387373.45,59001.09,16140.560416666667,Repeat Customer,373,10,High Value
CUST01434,14,22,210629.28,26299.56,15044.948571428571,Repeat Customer,1884,7,Medium Value
CUST01435,9,16,151264.31,27535.47,16807.145555555555,Repeat Customer,2990,5,Low Value
CUST01436,8,16,115916.36,26880.43,14489.545,Repeat Customer,3742,3,Low Value
CUST01437,8,10,54626.18,3403.63,6828.2725,Repeat Customer,4800,1,Low Value
CUST01438,11,17,187706.96,30193.639999999996,17064.26909090909,Repeat Customer,2272,6,Low Value
CUST01439,6,7,104335.26999999999,17700.91,17389.211666666666,Repeat Customer,3960,3,Low Value
CUST01440,11,19,199884.37,39906.57,18171.306363636362,Repeat Customer,2044,6,Low Value
CUST01441,10,20,245540.69999999998,38939.84,24554.07,Repeat Customer,1430,8,Medium Value
CUST01442,9,20,354781.84,48712.11,39420.20444444445,Repeat Customer,510,9,Medium Value
CUST01443,7,21,283356.56,36000.51,40479.508571428574,Repeat Customer,1026,8,Medium Value
CUST01444,9,13,136708.59,30448.739999999998,15189.843333333332,Repeat Customer,3308,4,Low Value
CUST01445,6,11,134539.92,15313.81,22423.320000000003,Repeat Customer,3377,4,Low Value
CUST01446,8,16,96865.22,18295.31,12108.1525,Repeat Customer,4122,2,Low Value
CUST01447,6,12,97106.19,16122.740000000002,16184.365,Repeat Customer,4114,2,Low Value
CUST01448,13,25,324128.76,48731.75,24932.98153846154,Repeat Customer,681,9,Medium Value
CUST01449,16,29,320321.46,20083.67,20020.09125,Repeat Customer,703,9,Medium Value
CUST01450,16,36,369886.48,67203.63,23117.905,Repeat Customer,440,10,High Value
CUST01451,9,12,138645.38,20904.77,15405.042222222222,Repeat Customer,3269,4,Low Value
CUST01452,7,10,73294.26,19340.54,10470.608571428571,Repeat Customer,4544,1,Low Value
CUST01453,8,10,141375.15,27674.06,17671.89375,Repeat Customer,3206,4,Low Value
CUST01454,10,18,415951.77,70333.96,41595.177,Repeat Customer,272,10,High Value
CUST01455,14,26,317905.34,60049.35,22707.524285714288,Repeat Customer,722,9,Medium Value
CUST01456,12,26,269200.1,35082.18,22433.341666666664,Repeat Customer,1169,8,Medium Value
CUST01457,11,13,74553.06,14632.49,6777.550909090909,Repeat Customer,4520,1,Low Value
CUST01458,5,9,45963.78,7141.21,9192.756,Repeat Customer,4864,1,Low Value
CUST01459,11,17,179312.96,19012.14,16301.17818181818,Repeat Customer,2440,6,Low Value
CUST01460,11,13,63578.06,9923.43,5779.823636363636,Repeat Customer,4685,1,Low Value
CUST01461,11,22,158445.58000000002,31485.949999999997,14404.143636363639,Repeat Customer,2850,5,Low Value
CUST01462,7,11,95121.94,10607.650000000001,13588.848571428573,Repeat Customer,4157,2,Low Value
CUST01463,12,30,361778.29,55325.99,30148.19083333333,Repeat Customer,479,10,High Value
CUST01464,10,17,269787.3,40005.92,26978.73,Repeat Customer,1155,8,Medium Value
CUST01465,12,20,253852.08,40899.95,21154.34,Repeat Customer,1326,8,Medium Value
CUST01466,12,21,413123.28,71796.06,34426.94,Repeat Customer,281,10,High Value
CUST01467,9,12,94443.16,18670.15,10493.684444444445,Repeat Customer,4172,2,Low Value
CUST01468,4,4,47477.21,7339.49,11869.3025,Repeat Customer,4853,1,Low Value
CUST01469,7,7,28741.79,6327.38,4105.97,Repeat Customer,4960,1,Low Value
CUST01470,7,12,154157.71,31440.440000000002,22022.53,Repeat Customer,2926,5,Low Value
CUST01471,8,10,153110.35,20346.44,19138.79375,Repeat Customer,2956,5,Low Value
CUST01472,10,16,84183.33,17396.44,8418.333,Repeat Customer,4341,2,Low Value
CUST01473,7,20,194425.17,36867.579999999994,27775.024285714288,Repeat Customer,2147,6,Low Value
CUST01474,8,19,237043.59,48345.57,29630.44875,Repeat Customer,1522,7,Medium Value
CUST01475,7,12,136739.56,18109.21,19534.222857142857,Repeat Customer,3307,4,Low Value
CUST01476,16,30,252032.47999999998,26761.04,15752.029999999999,Repeat Customer,1353,8,Medium Value
CUST01477,5,11,84843.17,10502.74,16968.634,Repeat Customer,4335,2,Low Value
CUST01478,14,18,264652.25,40462.81,18903.73214285714,Repeat Customer,1216,8,Medium Value
CUST01479,13,20,162502.2,25084.420000000002,12500.169230769232,Repeat Customer,2759,5,Low Value
CUST01480,18,31,345540.25,58752.24,19196.680555555555,Repeat Customer,555,9,Medium Value
CUST01481,13,23,195505.17,25786.21,15038.859230769232,Repeat Customer,2128,6,Low Value
CUST01482,9,16,135614.56,28949.94,15068.284444444444,Repeat Customer,3336,4,Low Value
CUST01483,8,16,118497.09,22657.33,14812.13625,Repeat Customer,3695,3,Low Value
CUST01484,8,11,100525.32,13467.470000000001,12565.665,Repeat Customer,4038,2,Low Value
CUST01485,8,19,441333.20999999996,51128.18,55166.651249999995,Repeat Customer,198,10,High Value
CUST01486,9,16,102168.16,14448.89,11352.017777777779,Repeat Customer,4008,2,Low Value
CUST01487,9,18,266080.62,36366.34,29564.513333333332,Repeat Customer,1199,8,Medium Value
CUST01488,9,18,140739.99,25239.32,15637.776666666665,Repeat Customer,3220,4,Low Value
CUST01489,11,27,265717.27,42982.21,24156.115454545456,Repeat Customer,1203,8,Medium Value
CUST01490,8,15,145348.49,8377.21,18168.56125,Repeat Customer,3121,4,Low Value
CUST01491,13,30,313168.55,30518.78,24089.88846153846,Repeat Customer,752,9,Medium Value
CUST01492,8,11,99759.58,19993.61,12469.9475,Repeat Customer,4057,2,Low Value
CUST01493,14,22,380906.87,60483.23,27207.63357142857,Repeat Customer,392,10,High Value
CUST01494,9,15,91647.74,18521.03,10183.082222222223,Repeat Customer,4222,2,Low Value
CUST01495,20,24,233487.42,32045.55,11674.371000000001,Repeat Customer,1565,7,Medium Value
CUST01496,7,10,86630.89,13451.470000000001,12375.841428571428,Repeat Customer,4308,2,Low Value
CUST01497,11,16,70554.28,15566.33,6414.0254545454545,Repeat Customer,4588,1,Low Value
CUST01498,14,26,259144.83000000002,39541.85,18510.345,Repeat Customer,1269,8,Medium Value
CUST01499,8,17,318065.89,47714.03,39758.23625,Repeat Customer,720,9,Medium Value
CUST01500,6,12,82816.26,11166.52,13802.71,Repeat Customer,4371,2,Low Value
CUST01501,14,26,144544.71,18477.11,10324.622142857143,Repeat Customer,3133,4,Low Value
CUST01502,5,10,75981.13,15709.7,15196.226,Repeat Customer,4499,2,Low Value
CUST01503,14,23,215930.09,29337.76,15423.577857142856,Repeat Customer,1817,7,Medium Value
CUST01504,4,7,40548.3,6969.780000000001,10137.075,Repeat Customer,4902,1,Low Value
CUST01505,6,7,100562.46,17975.52,16760.41,Repeat Customer,4037,2,Low Value
CUST01506,15,33,178672.83000000002,27932.97,11911.522,Repeat Customer,2459,6,Low Value
CUST01507,9,18,119047.29000000001,17327.45,13227.476666666667,Repeat Customer,3684,3,Low Value
CUST01508,8,13,69172.62,10111.960000000001,8646.5775,Repeat Customer,4607,1,Low Value
CUST01509,13,23,409036.83999999997,56391.52,31464.372307692305,Repeat Customer,293,10,High Value
CUST01510,12,24,302950.20999999996,67990.59,25245.85083333333,Repeat Customer,842,9,Medium Value
CUST01511,5,12,40186.68,7660.6,8037.336,Repeat Customer,4905,1,Low Value
CUST01512,10,17,139980.5,14232.71,13998.05,Repeat Customer,3240,4,Low Value
CUST01513,8,12,317707.35,74282.68,39713.41875,Repeat Customer,723,9,Medium Value
CUST01514,10,23,323128.46,42534.83,32312.846,Repeat Customer,688,9,Medium Value
CUST01515,9,12,152744.53999999998,27399.98,16971.615555555552,Repeat Customer,2962,5,Low Value
CUST01516,12,31,402140.03,65274.14,33511.66916666667,Repeat Customer,323,10,High Value
CUST01517,12,20,255801.91,31516.13,21316.825833333332,Repeat Customer,1301,8,Medium Value
CUST01518,7,11,85992.17,12973.93,12284.595714285713,Repeat Customer,4319,2,Low Value
CUST01519,11,27,232201.34000000003,22089.12,21109.21272727273,Repeat Customer,1581,7,Medium Value
CUST01520,11,23,315824.60000000003,25646.7,28711.327272727274,Repeat Customer,731,9,Medium Value
CUST01521,6,13,42230.25,5898.11,7038.375,Repeat Customer,4893,1,Low Value
CUST01522,14,27,212730.41999999998,35639.66,15195.029999999999,Repeat Customer,1856,7,Medium Value
CUST01523,7,12,154553.06,23032.11,22079.00857142857,Repeat Customer,2919,5,Low Value
CUST01524,11,20,206202.96000000002,40663.43,18745.723636363637,Repeat Customer,1953,7,Medium Value
CUST01525,5,8,81388.03,11762.86,16277.606,Repeat Customer,4390,2,Low Value
CUST01526,11,26,229768.99,30397.17,20888.09,Repeat Customer,1617,7,Medium Value
CUST01527,10,17,215675.15,32430.02,21567.515,Repeat Customer,1825,7,Medium Value
CUST01528,12,16,278137.68,48558.95,23178.14,Repeat Customer,1074,8,Medium Value
CUST01529,11,23,215599.37,31296.38,19599.942727272726,Repeat Customer,1827,7,Medium Value
CUST01530,8,14,112890.37,11753.8,14111.29625,Repeat Customer,3803,3,Low Value
CUST01531,10,15,188500.16,30502.719999999998,18850.016,Repeat Customer,2253,6,Low Value
CUST01532,10,19,160768.9,18257.41,16076.89,Repeat Customer,2795,5,Low Value
CUST01533,8,12,165853.92,19283.72,20731.74,Repeat Customer,2690,5,Low Value
CUST01534,10,13,125489.78,26220.73,12548.978,Repeat Customer,3556,3,Low Value
CUST01535,6,12,60551.659999999996,11749.630000000001,10091.943333333333,Repeat Customer,4717,1,Low Value
CUST01536,10,19,298810.04000000004,32004.07,29881.004000000004,Repeat Customer,883,9,Medium Value
CUST01537,10,20,233499.46,52116.77,23349.946,Repeat Customer,1564,7,Medium Value
CUST01538,16,26,392778.2,43031.58,24548.6375,Repeat Customer,355,10,High Value
CUST01539,12,28,291957.26999999996,60142.8,24329.772499999995,Repeat Customer,941,9,Medium Value
CUST01540,7,18,143784.95,22331.6,20540.707142857143,Repeat Customer,3153,4,Low Value
CUST01541,10,17,157812.7,26756.33,15781.27,Repeat Customer,2867,5,Low Value
CUST01542,9,14,159237.16999999998,33026.58,17693.018888888888,Repeat Customer,2830,5,Low Value
CUST01543,13,30,659564.18,116443.28,50735.70615384616,Repeat Customer,13,10,High Value
CUST01544,7,13,357953.44,66581.26000000001,51136.205714285716,Repeat Customer,500,10,High Value
CUST01545,13,26,177424.27,26186.77,13648.020769230769,Repeat Customer,2474,6,Low Value
CUST01546,10,19,216948.03,38455.4,21694.803,Repeat Customer,1805,7,Medium Value
CUST01547,3,8,125034.69,26472.01,41678.23,Repeat Customer,3563,3,Low Value
CUST01548,10,19,144604.32,30786.36,14460.432,Repeat Customer,3132,4,Low Value
CUST01549,9,23,225896.76,22439.77,25099.64,Repeat Customer,1670,7,Medium Value
CUST01550,9,14,82869.98999999999,15208.27,9207.776666666665,Repeat Customer,4369,2,Low Value
CUST01551,5,10,92498.43,12065.58,18499.685999999998,Repeat Customer,4210,2,Low Value
CUST01552,5,6,145923.79,16977.27,29184.758,Repeat Customer,3103,4,Low Value
CUST01553,8,14,173832.3,12811.84,21729.0375,Repeat Customer,2537,5,Low Value
CUST01554,17,30,636105.96,34794.19,37417.99764705882,Repeat Customer,20,10,High Value
CUST01555,7,12,139434.18,10714.81,19919.16857142857,Repeat Customer,3250,4,Low Value
CUST01556,13,23,237094.93,42980.59,18238.07153846154,Repeat Customer,1521,7,Medium Value
CUST01557,9,12,134363.22,22464.09,14929.246666666666,Repeat Customer,3379,4,Low Value
CUST01558,10,23,251597.44,34032.11,25159.744,Repeat Customer,1360,8,Medium Value
CUST01559,9,15,467458.25,68731.13,51939.805555555555,Repeat Customer,150,10,High Value
CUST01560,15,22,245360.67,38426.63,16357.378,Repeat Customer,1432,8,Medium Value
CUST01561,8,16,170894.4,26955.97,21361.8,Repeat Customer,2585,5,Low Value
CUST01562,10,16,165825.68,22390.89,16582.568,Repeat Customer,2692,5,Low Value
CUST01563,14,17,88901.98999999999,14846.24,6350.142142857142,Repeat Customer,4268,2,Low Value
CUST01564,12,19,319559.08999999997,57819.94,26629.924166666664,Repeat Customer,709,9,Medium Value
CUST01565,16,32,383483.91,52076.2,23967.744375,Repeat Customer,383,10,High Value
CUST01566,12,19,380319.48000000004,44060.219999999994,31693.290000000005,Repeat Customer,395,10,High Value
CUST01567,8,13,199299.86000000002,40464.29,24912.482500000002,Repeat Customer,2057,6,Low Value
CUST01568,11,19,201912.58,39633.72,18355.68909090909,Repeat Customer,2017,6,Low Value
CUST01569,8,20,164691.29,19917.79,20586.41125,Repeat Customer,2719,5,Low Value
CUST01570,9,17,157453.6,29846.65,17494.844444444447,Repeat Customer,2873,5,Low Value
CUST01571,9,15,227265.57,35160.05,25251.73,Repeat Customer,1654,7,Medium Value
CUST01572,8,16,131502.62,18876.690000000002,16437.8275,Repeat Customer,3433,4,Low Value
CUST01573,12,22,247977.14,46206.17,20664.76166666667,Repeat Customer,1401,8,Medium Value
CUST01574,8,10,118326.03,23968.940000000002,14790.75375,Repeat Customer,3697,3,Low Value
CUST01575,9,19,251641.45,36975.270000000004,27960.161111111112,Repeat Customer,1358,8,Medium Value
CUST01576,11,25,147915.06,18763.219999999998,13446.823636363637,Repeat Customer,3067,4,Low Value
CUST01577,11,19,269662.75,59811.49,24514.795454545456,Repeat Customer,1162,8,Medium Value
CUST01578,12,16,175905.04,24094.420000000002,14658.753333333334,Repeat Customer,2499,6,Low Value
CUST01579,4,9,394677.2,14193.890000000001,98669.3,Repeat Customer,349,10,High Value
CUST01580,11,15,224045.23,45736.76,20367.748181818184,Repeat Customer,1688,7,Medium Value
CUST01581,12,20,208687.88,29097.05,17390.656666666666,Repeat Customer,1913,7,Medium Value
CUST01582,7,12,51191.04,9347.84,7313.005714285714,Repeat Customer,4832,1,Low Value
CUST01583,6,9,175195.91,22596.03,29199.318333333333,Repeat Customer,2511,5,Low Value
CUST01584,9,16,293241.3,54108.14,32582.366666666665,Repeat Customer,927,9,Medium Value
CUST01585,17,31,321578.08,52915.630000000005,18916.357647058823,Repeat Customer,695,9,Medium Value
CUST01586,10,22,533480.5599999999,68561.98999999999,53348.056,Repeat Customer,76,10,High Value
CUST01587,13,37,537586.48,43138.56,41352.806153846155,Repeat Customer,72,10,High Value
CUST01588,8,19,163211.1,39058.03,20401.3875,Repeat Customer,2748,5,Low Value
CUST01589,9,11,96897.85,14589.66,10766.427777777779,Repeat Customer,4118,2,Low Value
CUST01590,9,15,205778.73,43427.93,22864.303333333333,Repeat Customer,1957,7,Medium Value
CUST01591,8,19,543759.81,140906.11,67969.97625,Repeat Customer,65,10,High Value
CUST01592,11,21,247904.01,44164.06,22536.728181818184,Repeat Customer,1402,8,Medium Value
CUST01593,8,16,97438.26,21095.46,12179.7825,Repeat Customer,4106,2,Low Value
CUST01594,4,9,379254.64,42510.0,94813.66,Repeat Customer,401,10,High Value
CUST01595,8,12,74830.22,10936.15,9353.7775,Repeat Customer,4516,1,Low Value
CUST01596,11,21,310333.12,52082.61,28212.101818181818,Repeat Customer,775,9,Medium Value
CUST01597,9,19,97555.05,16030.83,10839.45,Repeat Customer,4101,2,Low Value
CUST01598,13,24,288965.55,54771.54,22228.11923076923,Repeat Customer,972,9,Medium Value
CUST01599,14,21,183705.88,37647.63,13121.848571428573,Repeat Customer,2356,6,Low Value
CUST01600,11,19,162452.85,25488.440000000002,14768.44090909091,Repeat Customer,2761,5,Low Value
CUST01601,13,22,426725.75,77048.73,32825.057692307695,Repeat Customer,237,10,High Value
CUST01602,8,14,88131.27,16288.23,11016.40875,Repeat Customer,4275,2,Low Value
CUST01603,9,14,297226.18,43151.61,33025.13111111111,Repeat Customer,896,9,Medium Value
CUST01604,7,12,155680.53999999998,30754.13,22240.07714285714,Repeat Customer,2900,5,Low Value
CUST01605,8,10,224543.75,54326.06,28067.96875,Repeat Customer,1683,7,Medium Value
CUST01606,7,9,77683.03,15932.55,11097.575714285715,Repeat Customer,4466,2,Low Value
CUST01607,9,14,127633.64,23209.05,14181.515555555556,Repeat Customer,3518,3,Low Value
CUST01608,6,11,144205.1,29004.98,24034.183333333334,Repeat Customer,3142,4,Low Value
CUST01609,9,14,147102.61000000002,24922.989999999998,16344.734444444446,Repeat Customer,3083,4,Low Value
CUST01610,11,17,215010.42,27582.460000000003,19546.40181818182,Repeat Customer,1831,7,Medium Value
CUST01611,11,24,361476.38,48720.39,32861.48909090909,Repeat Customer,481,10,High Value
CUST01612,15,26,388831.39,52527.69,25922.092666666667,Repeat Customer,369,10,High Value
CUST01613,10,13,94910.5,21419.190000000002,9491.05,Repeat Customer,4163,2,Low Value
CUST01614,12,21,349057.7,69000.44,29088.141666666666,Repeat Customer,538,9,Medium Value
CUST01615,19,26,293372.65,43969.450000000004,15440.665789473685,Repeat Customer,925,9,Medium Value
CUST01616,13,15,204062.0,42045.12,15697.076923076924,Repeat Customer,1978,7,Medium Value
CUST01617,9,16,401842.26,76939.31,44649.14,Repeat Customer,324,10,High Value
CUST01618,11,19,270828.46,33901.82,24620.769090909092,Repeat Customer,1144,8,Medium Value
CUST01619,4,5,44506.39,8457.36,11126.5975,Repeat Customer,4878,1,Low Value
CUST01620,11,24,473406.95,68157.3,43036.99545454545,Repeat Customer,143,10,High Value
CUST01621,10,14,90814.78,11138.25,9081.478,Repeat Customer,4236,2,Low Value
CUST01622,8,10,172728.94,33370.89,21591.1175,Repeat Customer,2558,5,Low Value
CUST01623,7,15,102000.94,20165.07,14571.562857142857,Repeat Customer,4013,2,Low Value
CUST01624,13,16,172677.86,28928.12,13282.912307692306,Repeat Customer,2561,5,Low Value
CUST01625,15,27,203545.44999999998,28705.48,13569.696666666665,Repeat Customer,1989,7,Medium Value
CUST01626,14,23,145168.9,26340.0,10369.207142857142,Repeat Customer,3122,4,Low Value
CUST01627,8,13,107471.87000000001,19478.62,13433.983750000001,Repeat Customer,3899,3,Low Value
CUST01628,15,20,276914.68,38086.62,18460.978666666666,Repeat Customer,1088,8,Medium Value
CUST01629,5,12,114380.02,15747.04,22876.004,Repeat Customer,3770,3,Low Value
CUST01630,12,21,179900.23,23275.4,14991.685833333335,Repeat Customer,2422,6,Low Value
CUST01631,8,9,39700.16,5223.24,4962.52,Repeat Customer,4911,1,Low Value
CUST01632,6,12,64805.63,9837.93,10800.938333333334,Repeat Customer,4665,1,Low Value
CUST01633,7,10,172726.51,24005.059999999998,24675.215714285714,Repeat Customer,2559,5,Low Value
CUST01634,9,13,200382.45,26232.47,22264.716666666667,Repeat Customer,2040,6,Low Value
CUST01635,13,29,287765.81,38962.31,22135.831538461538,Repeat Customer,984,9,Medium Value
CUST01636,10,16,209513.07,34792.950000000004,20951.307,Repeat Customer,1902,7,Medium Value
CUST01637,7,15,113738.02,16022.519999999999,16248.288571428571,Repeat Customer,3786,3,Low Value
CUST01638,9,14,167048.12,27641.4,18560.902222222223,Repeat Customer,2663,5,Low Value
CUST01639,13,23,280006.89,55788.72,21538.991538461538,Repeat Customer,1054,8,Medium Value
CUST01640,10,17,159202.09,24307.6,15920.208999999999,Repeat Customer,2831,5,Low Value
CUST01641,7,13,140283.09,22232.33,20040.441428571427,Repeat Customer,3231,4,Low Value
CUST01642,10,16,297914.2,37584.5,29791.420000000002,Repeat Customer,889,9,Medium Value
CUST01643,10,19,203418.08000000002,26921.52,20341.808,Repeat Customer,1990,7,Medium Value
CUST01644,8,18,154173.86,14176.36,19271.7325,Repeat Customer,2925,5,Low Value
CUST01645,6,8,131495.55,20333.54,21915.925,Repeat Customer,3435,4,Low Value
CUST01646,7,14,118649.47,17517.11,16949.924285714285,Repeat Customer,3691,3,Low Value
CUST01647,15,36,658956.23,120192.29,43930.41533333333,Repeat Customer,15,10,High Value
CUST01648,10,14,105490.68,18871.46,10549.068,Repeat Customer,3936,3,Low Value
CUST01649,7,9,93480.49,13137.68,13354.355714285715,Repeat Customer,4191,2,Low Value
CUST01650,7,10,78055.22,14793.630000000001,11150.745714285715,Repeat Customer,4462,2,Low Value
CUST01651,10,14,169865.52000000002,24729.89,16986.552000000003,Repeat Customer,2609,5,Low Value
CUST01652,7,13,130802.91,6285.09,18686.13,Repeat Customer,3455,4,Low Value
CUST01653,11,20,252647.19,25504.65,22967.926363636365,Repeat Customer,1345,8,Medium Value
CUST01654,9,15,197477.99,23441.54,21941.998888888887,Repeat Customer,2088,6,Low Value
CUST01655,7,15,237656.3,44760.44,33950.9,Repeat Customer,1516,7,Medium Value
CUST01656,9,14,98971.1,12307.24,10996.78888888889,Repeat Customer,4078,2,Low Value
CUST01657,10,18,210980.47,47974.65,21098.047,Repeat Customer,1878,7,Medium Value
CUST01658,11,22,202335.41999999998,24056.3,18394.12909090909,Repeat Customer,2009,6,Low Value
CUST01659,12,22,164895.42,22904.99,13741.285000000002,Repeat Customer,2716,5,Low Value
CUST01660,10,19,258310.03999999998,25174.88,25831.003999999997,Repeat Customer,1275,8,Medium Value
CUST01661,9,14,374851.4,64731.9,41650.15555555556,Repeat Customer,420,10,High Value
CUST01662,11,24,241074.62,44364.45,21915.874545454546,Repeat Customer,1471,8,Medium Value
CUST01663,11,22,168547.47,26886.53,15322.497272727273,Repeat Customer,2631,5,Low Value
CUST01664,9,15,130679.6,17275.64,14519.955555555556,Repeat Customer,3457,4,Low Value
CUST01665,8,25,248761.49,38269.17,31095.18625,Repeat Customer,1390,8,Medium Value
CUST01666,9,10,168234.18,15989.72,18692.686666666665,Repeat Customer,2639,5,Low Value
CUST01667,7,9,186906.54,33430.21,26700.934285714287,Repeat Customer,2290,6,Low Value
CUST01668,11,16,294238.62,45173.63,26748.965454545454,Repeat Customer,919,9,Medium Value
CUST01669,11,20,193319.51,28912.88,17574.50090909091,Repeat Customer,2173,6,Low Value
CUST01670,10,11,114189.95,16728.82,11418.994999999999,Repeat Customer,3774,3,Low Value
CUST01671,6,10,129785.79000000001,15362.69,21630.965,Repeat Customer,3473,4,Low Value
CUST01672,11,23,308055.48,63465.299999999996,28005.043636363636,Repeat Customer,800,9,Medium Value
CUST01673,14,24,217543.16999999998,32407.66,15538.797857142856,Repeat Customer,1799,7,Medium Value
CUST01674,10,19,221890.23,38783.53,22189.023,Repeat Customer,1725,7,Medium Value
CUST01675,15,45,819713.8600000001,127042.48999999999,54647.59066666667,Repeat Customer,3,10,High Value
CUST01676,13,21,162313.01,29307.79,12485.616153846155,Repeat Customer,2763,5,Low Value
CUST01677,10,15,233103.74,43296.41,23310.374,Repeat Customer,1568,7,Medium Value
CUST01678,10,18,179252.55,16415.45,17925.254999999997,Repeat Customer,2441,6,Low Value
CUST01679,13,20,136011.54,23650.49,10462.426153846154,Repeat Customer,3328,4,Low Value
CUST01680,9,16,373348.8,44436.200000000004,41483.2,Repeat Customer,425,10,High Value
CUST01681,17,29,254945.41,37851.08,14996.788823529412,Repeat Customer,1313,8,Medium Value
CUST01682,9,14,97454.54,19825.43,10828.282222222222,Repeat Customer,4104,2,Low Value
CUST01683,12,23,178080.92,30198.53,14840.076666666668,Repeat Customer,2465,6,Low Value
CUST01684,9,13,303417.23,40650.86,33713.025555555556,Repeat Customer,836,9,Medium Value
CUST01685,8,8,83211.83,14145.119999999999,10401.47875,Repeat Customer,4361,2,Low Value
CUST01686,9,14,128915.73,21166.62,14323.97,Repeat Customer,3493,4,Low Value
CUST01687,12,20,267621.41000000003,36675.93,22301.784166666668,Repeat Customer,1188,8,Medium Value
CUST01688,8,14,137144.21000000002,20223.55,17143.026250000003,Repeat Customer,3298,4,Low Value
CUST01689,7,10,179034.6,8894.69,25576.37142857143,Repeat Customer,2446,6,Low Value
CUST01690,8,14,344498.63,65484.0,43062.32875,Repeat Customer,562,9,Medium Value
CUST01691,15,24,284011.07,46580.009999999995,18934.071333333333,Repeat Customer,1017,8,Medium Value
CUST01692,5,9,127028.42000000001,15859.369999999999,25405.684,Repeat Customer,3529,3,Low Value
CUST01693,13,33,196514.18,21098.85,15116.475384615384,Repeat Customer,2104,6,Low Value
CUST01694,8,11,110624.91,23202.06,13828.11375,Repeat Customer,3849,3,Low Value
CUST01695,10,19,278281.86,59804.509999999995,27828.185999999998,Repeat Customer,1072,8,Medium Value
CUST01696,5,10,135140.71,26499.22,27028.142,Repeat Customer,3356,4,Low Value
CUST01697,9,20,360843.85000000003,67099.56999999999,40093.76111111112,Repeat Customer,486,10,High Value
CUST01698,10,14,84162.47,12368.25,8416.247,Repeat Customer,4342,2,Low Value
CUST01699,9,18,156663.78999999998,22923.96,17407.087777777775,Repeat Customer,2883,5,Low Value
CUST01700,8,9,143004.21,18536.24,17875.52625,Repeat Customer,3173,4,Low Value
CUST01701,13,16,276642.69,36817.1,21280.206923076923,Repeat Customer,1091,8,Medium Value
CUST01702,6,7,55882.86,4248.21,9313.81,Repeat Customer,4788,1,Low Value
CUST01703,18,23,177253.12,25190.04,9847.395555555555,Repeat Customer,2480,6,Low Value
CUST01704,11,23,292663.63,52125.86,26605.784545454546,Repeat Customer,933,9,Medium Value
CUST01705,8,14,54061.96,6001.29,6757.745,Repeat Customer,4806,1,Low Value
CUST01706,12,21,265415.03,36777.83,22117.91916666667,Repeat Customer,1206,8,Medium Value
CUST01707,7,8,46960.990000000005,7316.63,6708.7128571428575,Repeat Customer,4857,1,Low Value
CUST01708,3,3,23884.92,1953.36,7961.639999999999,Repeat Customer,4976,1,Low Value
CUST01709,8,11,73258.44,10248.58,9157.305,Repeat Customer,4545,1,Low Value
CUST01710,13,24,273411.3,46118.46,21031.63846153846,Repeat Customer,1123,8,Medium Value
CUST01711,14,17,165308.71,27385.4,11807.765,Repeat Customer,2708,5,Low Value
CUST01712,8,10,51232.68,7773.12,6404.085,Repeat Customer,4830,1,Low Value
CUST01713,7,10,64242.479999999996,9446.22,9177.497142857143,Repeat Customer,4674,1,Low Value
CUST01714,9,14,99553.86,14162.22,11061.54,Repeat Customer,4061,2,Low Value
CUST01715,11,17,273800.14,19191.32,24890.921818181818,Repeat Customer,1119,8,Medium Value
CUST01716,12,22,285318.63,62477.37,23776.5525,Repeat Customer,1007,8,Medium Value
CUST01717,12,22,162727.36,33447.15,13560.613333333333,Repeat Customer,2755,5,Low Value
CUST01718,12,16,153525.61000000002,26643.010000000002,12793.800833333335,Repeat Customer,2944,5,Low Value
CUST01719,9,11,122621.36,16970.22,13624.595555555556,Repeat Customer,3613,3,Low Value
CUST01720,14,23,354840.13,55110.83,25345.72357142857,Repeat Customer,509,9,Medium Value
CUST01721,5,10,149749.44,24174.73,29949.888,Repeat Customer,3013,4,Low Value
CUST01722,13,26,587228.45,72049.70999999999,45171.41923076923,Repeat Customer,34,10,High Value
CUST01723,9,9,111569.42,18962.24,12396.602222222222,Repeat Customer,3830,3,Low Value
CUST01724,6,7,87496.52,17704.559999999998,14582.753333333334,Repeat Customer,4289,2,Low Value
CUST01725,17,24,475250.63,90288.20999999999,27955.919411764706,Repeat Customer,140,10,High Value
CUST01726,8,16,215717.84999999998,44153.12,26964.731249999997,Repeat Customer,1823,7,Medium Value
CUST01727,12,17,251332.78,27828.67,20944.398333333334,Repeat Customer,1367,8,Medium Value
CUST01728,11,16,383796.0,55708.29,34890.545454545456,Repeat Customer,381,10,High Value
CUST01729,6,10,46036.64,7864.44,7672.7733333333335,Repeat Customer,4863,1,Low Value
CUST01730,9,20,78943.23000000001,11582.73,8771.470000000001,Repeat Customer,4445,2,Low Value
CUST01731,10,17,185898.43,31555.12,18589.843,Repeat Customer,2308,6,Low Value
CUST01732,6,11,135101.72,23993.949999999997,22516.953333333335,Repeat Customer,3359,4,Low Value
CUST01733,6,7,41713.95,8031.68,6952.325,Repeat Customer,4896,1,Low Value
CUST01734,14,22,132900.66999999998,19340.77,9492.904999999999,Repeat Customer,3402,4,Low Value
CUST01735,4,7,36061.04,6108.96,9015.26,Repeat Customer,4929,1,Low Value
CUST01736,7,8,120965.01,24164.14,17280.715714285714,Repeat Customer,3645,3,Low Value
CUST01737,6,7,120147.17000000001,18642.440000000002,20024.528333333335,Repeat Customer,3659,3,Low Value
CUST01738,8,14,112076.31,20699.83,14009.53875,Repeat Customer,3823,3,Low Value
CUST01739,10,25,155507.18,7106.83,15550.717999999999,Repeat Customer,2904,5,Low Value
CUST01740,8,12,159513.52,31557.309999999998,19939.19,Repeat Customer,2823,5,Low Value
CUST01741,10,22,144987.84,20748.53,14498.784,Repeat Customer,3126,4,Low Value
CUST01742,12,25,407894.66,87085.93,33991.221666666665,Repeat Customer,298,10,High Value
CUST01743,13,38,352461.7,75905.64,27112.438461538462,Repeat Customer,522,9,Medium Value
CUST01744,15,22,291008.0,35497.98,19400.533333333333,Repeat Customer,955,9,Medium Value
CUST01745,12,27,278059.71,53905.75,23171.6425,Repeat Customer,1075,8,Medium Value
CUST01746,16,33,538095.97,105697.92,33630.998125,Repeat Customer,71,10,High Value
CUST01747,12,34,214491.77,35576.07,17874.314166666667,Repeat Customer,1838,7,Medium Value
CUST01748,11,17,125733.85,6463.34,11430.35,Repeat Customer,3550,3,Low Value
CUST01749,13,20,308642.86,50049.43,23741.758461538462,Repeat Customer,794,9,Medium Value
CUST01750,12,27,408994.49,74949.65,34082.87416666667,Repeat Customer,295,10,High Value
CUST01751,8,10,143597.24,23715.99,17949.655,Repeat Customer,3162,4,Low Value
CUST01752,14,24,506150.95,48796.450000000004,36153.639285714286,Repeat Customer,108,10,High Value
CUST01753,9,18,158267.02000000002,25980.47,17585.224444444448,Repeat Customer,2856,5,Low Value
CUST01754,10,15,319081.93,42874.87,31908.193,Repeat Customer,712,9,Medium Value
CUST01755,9,25,216930.82,37188.840000000004,24103.424444444445,Repeat Customer,1807,7,Medium Value
CUST01756,9,11,108665.03,13289.880000000001,12073.892222222223,Repeat Customer,3876,3,Low Value
CUST01757,11,17,253735.28,36137.15,23066.843636363636,Repeat Customer,1327,8,Medium Value
CUST01758,16,29,237761.28,38868.2,14860.08,Repeat Customer,1514,7,Medium Value
CUST01759,6,10,54542.22,9464.12,9090.37,Repeat Customer,4802,1,Low Value
CUST01760,14,25,241389.89,31382.73,17242.135000000002,Repeat Customer,1467,8,Medium Value
CUST01761,9,11,161784.38999999998,32102.48,17976.04333333333,Repeat Customer,2769,5,Low Value
CUST01762,10,20,200808.06,28481.73,20080.806,Repeat Customer,2035,6,Low Value
CUST01763,8,14,144238.79,27377.5,18029.84875,Repeat Customer,3141,4,Low Value
CUST01764,8,13,136692.37,24537.56,17086.54625,Repeat Customer,3309,4,Low Value
CUST01765,16,24,207150.91,39994.33,12946.931875,Repeat Customer,1936,7,Medium Value
CUST01766,8,13,87429.05,16785.92,10928.63125,Repeat Customer,4290,2,Low Value
CUST01767,10,16,201463.29,40848.59,20146.329,Repeat Customer,2026,6,Low Value
CUST01768,10,14,145642.94,25739.01,14564.294,Repeat Customer,3112,4,Low Value
CUST01769,7,11,302232.85000000003,46925.06,43176.12142857143,Repeat Customer,852,9,Medium Value
CUST01770,7,11,262542.4,38314.61,37506.05714285715,Repeat Customer,1234,8,Medium Value
CUST01771,8,14,173380.9,30239.53,21672.6125,Repeat Customer,2546,5,Low Value
CUST01772,7,11,124594.68000000001,26024.229999999996,17799.24,Repeat Customer,3574,3,Low Value
CUST01773,12,16,201617.24,30139.04,16801.436666666665,Repeat Customer,2024,6,Low Value
CUST01774,9,14,247085.21000000002,45400.76,27453.912222222225,Repeat Customer,1410,8,Medium Value
CUST01775,6,7,90631.52,18594.47,15105.253333333334,Repeat Customer,4243,2,Low Value
CUST01776,7,13,288342.27,40194.01,41191.75285714286,Repeat Customer,978,9,Medium Value
CUST01777,12,18,430232.57,64472.56,35852.714166666665,Repeat Customer,224,10,High Value
CUST01778,17,27,276715.78,28708.27,16277.398823529413,Repeat Customer,1090,8,Medium Value
CUST01779,12,23,228701.77,36322.64,19058.48083333333,Repeat Customer,1635,7,Medium Value
CUST01780,7,9,136383.16999999998,18505.1,19483.309999999998,Repeat Customer,3322,4,Low Value
CUST01781,7,13,103182.27,13874.88,14740.324285714287,Repeat Customer,3984,3,Low Value
CUST01782,17,32,440978.56,74985.12999999999,25939.915294117647,Repeat Customer,199,10,High Value
CUST01783,7,9,143943.13999999998,27139.75,20563.30571428571,Repeat Customer,3149,4,Low Value
CUST01784,12,24,306472.94,50366.72,25539.411666666667,Repeat Customer,816,9,Medium Value
CUST01785,11,17,97999.95,14900.56,8909.086363636363,Repeat Customer,4094,2,Low Value
CUST01786,12,17,252405.2,52342.43,21033.766666666666,Repeat Customer,1348,8,Medium Value
CUST01787,5,12,70309.85,12633.09,14061.970000000001,Repeat Customer,4590,1,Low Value
CUST01788,6,7,39660.34,3461.19,6610.056666666666,Repeat Customer,4912,1,Low Value
CUST01789,9,11,169911.97,24866.37,18879.10777777778,Repeat Customer,2608,5,Low Value
CUST01790,11,20,234874.97,32004.210000000003,21352.27,Repeat Customer,1545,7,Medium Value
CUST01791,10,18,105593.61,16720.17,10559.361,Repeat Customer,3933,3,Low Value
CUST01792,15,32,750060.89,102785.92,50004.05933333333,Repeat Customer,5,10,High Value
CUST01793,13,22,179032.22,26571.53,13771.709230769231,Repeat Customer,2447,6,Low Value
CUST01794,13,20,282336.88,48732.66,21718.221538461537,Repeat Customer,1036,8,Medium Value
CUST01795,17,25,372228.85,74331.03,21895.814705882352,Repeat Customer,431,10,High Value
CUST01796,13,23,183277.66,27890.87,14098.281538461539,Repeat Customer,2364,6,Low Value
CUST01797,17,26,220330.34,40708.75,12960.608235294118,Repeat Customer,1748,7,Medium Value
CUST01798,10,17,251495.16999999998,46307.399999999994,25149.517,Repeat Customer,1364,8,Medium Value
CUST01799,16,31,453938.18,86769.85,28371.13625,Repeat Customer,169,10,High Value
CUST01800,7,10,70607.77,13704.99,10086.824285714287,Repeat Customer,4586,1,Low Value
CUST01801,14,20,352045.26,15325.750000000002,25146.09,Repeat Customer,524,9,Medium Value
CUST01802,13,24,362645.31,83042.5,27895.793076923077,Repeat Customer,472,10,High Value
CUST01803,6,11,96641.84,23310.33,16106.973333333333,Repeat Customer,4130,2,Low Value
CUST01804,12,23,350013.6,57530.86,29167.8,Repeat Customer,534,9,Medium Value
CUST01805,8,12,222905.92,25723.98,27863.24,Repeat Customer,1707,7,Medium Value
CUST01806,13,19,175146.52,26138.32,13472.80923076923,Repeat Customer,2513,5,Low Value
CUST01807,15,22,207520.31,28497.45,13834.687333333333,Repeat Customer,1931,7,Medium Value
CUST01808,11,22,300445.08999999997,54248.83,27313.19,Repeat Customer,870,9,Medium Value
CUST01809,3,3,64721.67,8788.27,21573.89,Repeat Customer,4667,1,Low Value
CUST01810,10,12,128913.43,9535.47,12891.342999999999,Repeat Customer,3494,4,Low Value
CUST01811,8,13,136422.94,26101.85,17052.8675,Repeat Customer,3320,4,Low Value
CUST01812,10,17,383519.33,59719.63,38351.933000000005,Repeat Customer,382,10,High Value
CUST01813,11,24,471778.94,104194.43,42888.994545454545,Repeat Customer,145,10,High Value
CUST01814,11,18,269050.21,62739.840000000004,24459.11,Repeat Customer,1172,8,Medium Value
CUST01815,6,8,83764.01,13053.619999999999,13960.668333333333,Repeat Customer,4351,2,Low Value
CUST01816,11,15,229584.85,43308.3,20871.350000000002,Repeat Customer,1619,7,Medium Value
CUST01817,17,29,224426.66,32792.05,13201.568235294118,Repeat Customer,1684,7,Medium Value
CUST01818,12,21,187944.22,36569.28,15662.018333333333,Repeat Customer,2263,6,Low Value
CUST01819,7,21,132749.56,22647.51,18964.222857142857,Repeat Customer,3409,4,Low Value
CUST01820,17,24,309079.76,33689.54,18181.162352941177,Repeat Customer,789,9,Medium Value
CUST01821,10,19,232041.46,44609.97,23204.146,Repeat Customer,1584,7,Medium Value
CUST01822,6,7,117144.42000000001,22824.41,19524.070000000003,Repeat Customer,3718,3,Low Value
CUST01823,7,8,63669.35,8985.08,9095.621428571429,Repeat Customer,4682,1,Low Value
CUST01824,17,23,168075.30000000002,34580.92,9886.782352941178,Repeat Customer,2643,5,Low Value
CUST01825,13,20,148665.7,20845.53,11435.823076923078,Repeat Customer,3044,4,Low Value
CUST01826,10,16,165127.03,34187.85,16512.703,Repeat Customer,2711,5,Low Value
CUST01827,12,17,168892.44,24528.52,14074.37,Repeat Customer,2628,5,Low Value
CUST01828,7,21,221158.37,52077.85,31594.052857142855,Repeat Customer,1734,7,Medium Value
CUST01829,8,14,140533.43,16019.65,17566.67875,Repeat Customer,3227,4,Low Value
CUST01830,11,14,128364.77,26041.14,11669.524545454546,Repeat Customer,3505,3,Low Value
CUST01831,8,19,208177.73,21243.31,26022.21625,Repeat Customer,1917,7,Medium Value
CUST01832,6,6,35505.840000000004,3894.87,5917.64,Repeat Customer,4931,1,Low Value
CUST01833,5,6,74698.04000000001,13189.740000000002,14939.608000000002,Repeat Customer,4519,1,Low Value
CUST01834,7,10,44331.47,8848.85,6333.067142857143,Repeat Customer,4880,1,Low Value
CUST01835,9,21,266894.66,23113.83,29654.96222222222,Repeat Customer,1192,8,Medium Value
CUST01836,10,13,98828.52,18925.77,9882.852,Repeat Customer,4080,2,Low Value
CUST01837,9,13,171275.9,27661.2,19030.655555555553,Repeat Customer,2581,5,Low Value
CUST01838,12,20,212257.21,35095.88,17688.100833333334,Repeat Customer,1864,7,Medium Value
CUST01839,7,9,134665.05,16486.29,19237.864285714284,Repeat Customer,3371,4,Low Value
CUST01840,6,11,197943.1,40901.25,32990.51666666667,Repeat Customer,2076,6,Low Value
CUST01841,15,20,240062.29,36690.52,16004.152666666667,Repeat Customer,1483,8,Medium Value
CUST01842,10,10,60203.78,7131.59,6020.378,Repeat Customer,4723,1,Low Value
CUST01843,7,19,327249.04,45177.15,46749.862857142856,Repeat Customer,660,9,Medium Value
CUST01844,11,17,131022.59,20456.67,11911.144545454545,Repeat Customer,3444,4,Low Value
CUST01845,7,7,48883.21,8278.96,6983.315714285714,Repeat Customer,4842,1,Low Value
CUST01846,10,23,154887.78,32173.25,15488.778,Repeat Customer,2914,5,Low Value
CUST01847,5,12,76166.98999999999,15371.33,15233.397999999997,Repeat Customer,4494,2,Low Value
CUST01848,9,13,85912.90000000001,14179.6,9545.87777777778,Repeat Customer,4321,2,Low Value
CUST01849,9,16,204718.2,24444.39,22746.466666666667,Repeat Customer,1968,7,Medium Value
CUST01850,9,14,87154.73,11346.77,9683.858888888888,Repeat Customer,4298,2,Low Value
CUST01851,13,18,169473.08,25818.29,13036.390769230768,Repeat Customer,2618,5,Low Value
CUST01852,10,16,115360.14,16051.96,11536.014,Repeat Customer,3752,3,Low Value
CUST01853,11,15,106286.45000000001,14383.91,9662.404545454547,Repeat Customer,3921,3,Low Value
CUST01854,12,21,190849.9,37316.04,15904.158333333333,Repeat Customer,2213,6,Low Value
CUST01855,13,23,252440.29,29983.14,19418.483846153846,Repeat Customer,1347,8,Medium Value
CUST01856,8,10,241170.43,25512.07,30146.30375,Repeat Customer,1470,8,Medium Value
CUST01857,10,15,109005.72,19389.93,10900.572,Repeat Customer,3873,3,Low Value
CUST01858,7,17,56210.86,9226.880000000001,8030.122857142857,Repeat Customer,4783,1,Low Value
CUST01859,6,12,147481.88,23023.67,24580.313333333335,Repeat Customer,3078,4,Low Value
CUST01860,8,9,57736.06,11303.779999999999,7217.0075,Repeat Customer,4766,1,Low Value
CUST01861,8,11,122538.55,17747.81,15317.31875,Repeat Customer,3616,3,Low Value
CUST01862,13,20,189994.66,22346.31,14614.973846153847,Repeat Customer,2227,6,Low Value
CUST01863,12,24,226208.33000000002,41284.26,18850.694166666668,Repeat Customer,1665,7,Medium Value
CUST01864,7,12,131884.63999999998,18448.370000000003,18840.662857142856,Repeat Customer,3423,4,Low Value
CUST01865,13,20,248208.26,45573.43,19092.94307692308,Repeat Customer,1398,8,Medium Value
CUST01866,13,21,187689.92,35964.3,14437.686153846154,Repeat Customer,2274,6,Low Value
CUST01867,9,17,110363.95,18345.600000000002,12262.66111111111,Repeat Customer,3853,3,Low Value
CUST01868,9,18,505522.29000000004,91559.01,56169.14333333334,Repeat Customer,110,10,High Value
CUST01869,6,13,129006.26000000001,21289.7,21501.043333333335,Repeat Customer,3489,4,Low Value
CUST01870,18,30,416413.62,75742.45,23134.09,Repeat Customer,271,10,High Value
CUST01871,11,20,111972.0,17037.23,10179.272727272728,Repeat Customer,3825,3,Low Value
CUST01872,10,21,277263.67,34391.81,27726.367,Repeat Customer,1086,8,Medium Value
CUST01873,6,11,203370.05,42074.71,33895.00833333333,Repeat Customer,1994,7,Medium Value
CUST01874,12,23,164628.75,26144.49,13719.0625,Repeat Customer,2721,5,Low Value
CUST01875,5,7,27174.13,3297.05,5434.826,Repeat Customer,4970,1,Low Value
CUST01876,9,12,105184.73,13914.69,11687.192222222222,Repeat Customer,3943,3,Low Value
CUST01877,8,11,94476.93,13630.080000000002,11809.61625,Repeat Customer,4171,2,Low Value
CUST01878,12,21,149287.08000000002,31092.309999999998,12440.590000000002,Repeat Customer,3020,4,Low Value
CUST01879,9,13,95675.40999999999,18843.56,10630.60111111111,Repeat Customer,4146,2,Low Value
CUST01880,11,20,133607.48,28106.440000000002,12146.134545454546,Repeat Customer,3389,4,Low Value
CUST01881,15,19,222887.5,30495.79,14859.166666666666,Repeat Customer,1708,7,Medium Value
CUST01882,13,25,272525.12,47320.41,20963.470769230767,Repeat Customer,1132,8,Medium Value
CUST01883,11,16,188844.22,25060.79,17167.656363636364,Repeat Customer,2251,6,Low Value
CUST01884,12,18,188484.28,29104.379999999997,15707.023333333333,Repeat Customer,2254,6,Low Value
CUST01885,13,20,305142.91,18752.88,23472.531538461535,Repeat Customer,824,9,Medium Value
CUST01886,11,24,283096.0,34568.95,25736.0,Repeat Customer,1028,8,Medium Value
CUST01887,11,18,116625.91,17365.77,10602.355454545455,Repeat Customer,3724,3,Low Value
CUST01888,15,29,199441.0,32352.48,13296.066666666668,Repeat Customer,2055,6,Low Value
CUST01889,11,18,220989.84,31830.41,20089.985454545455,Repeat Customer,1737,7,Medium Value
CUST01890,6,8,75638.79000000001,2827.89,12606.465000000002,Repeat Customer,4502,1,Low Value
CUST01891,12,16,230048.49,41409.03,19170.7075,Repeat Customer,1615,7,Medium Value
CUST01892,9,10,85422.56,1692.19,9491.395555555555,Repeat Customer,4324,2,Low Value
CUST01893,12,15,149086.03,26214.5,12423.835833333333,Repeat Customer,3025,4,Low Value
CUST01894,9,12,178453.7,24783.47,19828.18888888889,Repeat Customer,2461,6,Low Value
CUST01895,8,16,142637.63,21118.190000000002,17829.70375,Repeat Customer,3177,4,Low Value
CUST01896,10,18,430086.93,54047.979999999996,43008.693,Repeat Customer,225,10,High Value
CUST01897,5,12,156347.30000000002,21277.2,31269.460000000003,Repeat Customer,2888,5,Low Value
CUST01898,12,13,134801.16,16830.4,11233.43,Repeat Customer,3366,4,Low Value
CUST01899,10,22,228390.02,16958.94,22839.002,Repeat Customer,1640,7,Medium Value
CUST01900,13,24,239523.54,41101.31,18424.887692307693,Repeat Customer,1492,8,Medium Value
CUST01901,2,3,115417.65999999999,28853.760000000002,57708.829999999994,Repeat Customer,3751,3,Low Value
CUST01902,7,12,110733.76,20001.559999999998,15819.108571428571,Repeat Customer,3847,3,Low Value
CUST01903,12,21,200464.3,33839.9,16705.358333333334,Repeat Customer,2038,6,Low Value
CUST01904,8,13,184053.96,33354.01,23006.745,Repeat Customer,2351,6,Low Value
CUST01905,8,14,147404.18,26310.08,18425.5225,Repeat Customer,3080,4,Low Value
CUST01906,12,14,164849.81,35941.21,13737.484166666667,Repeat Customer,2718,5,Low Value
CUST01907,12,19,251782.55,44734.740000000005,20981.879166666666,Repeat Customer,1356,8,Medium Value
CUST01908,12,23,328495.15,38516.72,27374.595833333336,Repeat Customer,655,9,Medium Value
CUST01909,9,15,138018.66,24792.55,15335.406666666668,Repeat Customer,3276,4,Low Value
CUST01910,10,22,319823.75999999995,48265.38,31982.375999999997,Repeat Customer,707,9,Medium Value
CUST01911,7,13,102094.61,14621.31,14584.944285714286,Repeat Customer,4010,2,Low Value
CUST01912,13,19,138961.65,23356.3,10689.357692307693,Repeat Customer,3262,4,Low Value
CUST01913,8,17,212173.68,24176.54,26521.71,Repeat Customer,1866,7,Medium Value
CUST01914,10,21,144358.75999999998,18597.72,14435.875999999998,Repeat Customer,3138,4,Low Value
CUST01915,10,14,109241.07,16123.83,10924.107,Repeat Customer,3869,3,Low Value
CUST01916,11,12,140566.62,17795.25,12778.783636363636,Repeat Customer,3224,4,Low Value
CUST01917,9,16,223496.66,32062.3,24832.962222222224,Repeat Customer,1697,7,Medium Value
CUST01918,13,25,137089.71,28141.920000000002,10545.362307692307,Repeat Customer,3300,4,Low Value
CUST01919,8,19,117571.97,9394.279999999999,14696.49625,Repeat Customer,3711,3,Low Value
CUST01920,9,13,206319.08000000002,42394.600000000006,22924.342222222225,Repeat Customer,1950,7,Medium Value
CUST01921,9,13,158339.19,23183.760000000002,17593.243333333332,Repeat Customer,2853,5,Low Value
CUST01922,6,10,118062.76000000001,25603.18,19677.126666666667,Repeat Customer,3703,3,Low Value
CUST01923,11,13,105743.36,18381.82,9613.032727272728,Repeat Customer,3930,3,Low Value
CUST01924,10,16,153463.93,24341.5,15346.393,Repeat Customer,2945,5,Low Value
CUST01925,9,11,113639.55,20173.46,12626.616666666667,Repeat Customer,3792,3,Low Value
CUST01926,13,27,104021.08,13735.099999999999,8001.621538461539,Repeat Customer,3967,3,Low Value
CUST01927,12,22,299370.96,53150.36,24947.58,Repeat Customer,880,9,Medium Value
CUST01928,13,18,244321.07,27596.690000000002,18793.92846153846,Repeat Customer,1442,8,Medium Value
CUST01929,9,13,189124.11,40950.7,21013.789999999997,Repeat Customer,2245,6,Low Value
CUST01930,7,12,189130.08,23507.3,27018.582857142854,Repeat Customer,2243,6,Low Value
CUST01931,10,15,346478.91,72630.14,34647.890999999996,Repeat Customer,549,9,Medium Value
CUST01932,14,30,217015.1,40729.11,15501.078571428572,Repeat Customer,1804,7,Medium Value
CUST01933,8,17,206882.5,30287.68,25860.3125,Repeat Customer,1938,7,Medium Value
CUST01934,8,16,79575.01,16378.78,9946.87625,Repeat Customer,4433,2,Low Value
CUST01935,13,23,207299.72,21046.93,15946.132307692307,Repeat Customer,1934,7,Medium Value
CUST01936,13,16,169518.83,29719.69,13039.91,Repeat Customer,2617,5,Low Value
CUST01937,7,11,56879.72,11198.72,8125.674285714286,Repeat Customer,4777,1,Low Value
CUST01938,11,21,126509.17,22139.64,11500.833636363635,Repeat Customer,3536,3,Low Value
CUST01939,10,18,200387.32,36254.82,20038.732,Repeat Customer,2039,6,Low Value
CUST01940,9,12,244434.84,44465.340000000004,27159.426666666666,Repeat Customer,1439,8,Medium Value
CUST01941,8,14,120265.03,22658.030000000002,15033.12875,Repeat Customer,3653,3,Low Value
CUST01942,15,24,364936.72,47696.840000000004,24329.114666666665,Repeat Customer,465,10,High Value
CUST01943,9,13,88267.83,15576.61,9807.536666666667,Repeat Customer,4274,2,Low Value
CUST01944,17,26,336396.28,63264.44,19788.016470588238,Repeat Customer,605,9,Medium Value
CUST01945,12,26,223436.86,25658.89,18619.73833333333,Repeat Customer,1698,7,Medium Value
CUST01946,9,15,108211.2,16659.48,12023.466666666667,Repeat Customer,3886,3,Low Value
CUST01947,5,8,112852.21,18084.51,22570.442000000003,Repeat Customer,3805,3,Low Value
CUST01948,11,18,481051.08999999997,59436.5,43731.91727272727,Repeat Customer,128,10,High Value
CUST01949,7,9,34825.4,6231.33,4975.057142857143,Repeat Customer,4933,1,Low Value
CUST01950,6,9,83941.45,11961.01,13990.241666666667,Repeat Customer,4346,2,Low Value
CUST01951,13,18,197422.5,39581.95,15186.346153846154,Repeat Customer,2091,6,Low Value
CUST01952,7,7,68697.58,14201.29,9813.94,Repeat Customer,4616,1,Low Value
CUST01953,15,18,307490.1,60416.939999999995,20499.34,Repeat Customer,806,9,Medium Value
CUST01954,13,27,557226.42,104278.18,42863.57076923077,Repeat Customer,55,10,High Value
CUST01955,5,7,83516.32,10378.27,16703.264000000003,Repeat Customer,4357,2,Low Value
CUST01956,8,16,127070.04000000001,6343.34,15883.755000000001,Repeat Customer,3528,3,Low Value
CUST01957,9,20,182077.56,32920.87,20230.84,Repeat Customer,2389,6,Low Value
CUST01958,13,25,463690.04,93580.17,35668.46461538461,Repeat Customer,156,10,High Value
CUST01959,18,31,338881.19,65923.56,18826.73277777778,Repeat Customer,586,9,Medium Value
CUST01960,16,28,283359.89,49891.66,17709.993125,Repeat Customer,1025,8,Medium Value
CUST01961,7,14,64668.119999999995,8850.21,9238.302857142857,Repeat Customer,4669,1,Low Value
CUST01962,7,11,63279.29,7416.32,9039.898571428572,Repeat Customer,4689,1,Low Value
CUST01963,9,13,122307.56,11559.48,13589.728888888889,Repeat Customer,3622,3,Low Value
CUST01964,10,19,107891.0,16774.46,10789.1,Repeat Customer,3892,3,Low Value
CUST01965,7,16,264375.91,40867.82,37767.98714285714,Repeat Customer,1221,8,Medium Value
CUST01966,13,21,291137.11,59341.13,22395.162307692306,Repeat Customer,951,9,Medium Value
CUST01967,7,10,58935.28,9065.62,8419.325714285715,Repeat Customer,4747,1,Low Value
CUST01968,7,14,77137.12,19804.09,11019.58857142857,Repeat Customer,4479,2,Low Value
CUST01969,11,15,174830.35,12398.390000000001,15893.668181818182,Repeat Customer,2522,5,Low Value
CUST01970,10,16,138309.77,21537.1,13830.976999999999,Repeat Customer,3274,4,Low Value
CUST01971,6,17,266156.20999999996,35297.78,44359.368333333325,Repeat Customer,1197,8,Medium Value
CUST01972,11,21,348313.4,70926.40000000001,31664.85454545455,Repeat Customer,540,9,Medium Value
CUST01973,6,7,43178.98,6879.82,7196.496666666667,Repeat Customer,4887,1,Low Value
CUST01974,6,12,179065.64,27346.739999999998,29844.273333333334,Repeat Customer,2445,6,Low Value
CUST01975,9,17,146043.22999999998,15918.62,16227.025555555554,Repeat Customer,3098,4,Low Value
CUST01976,6,11,118809.76,27198.56,19801.626666666667,Repeat Customer,3687,3,Low Value
CUST01977,8,14,122961.68,14781.449999999999,15370.21,Repeat Customer,3605,3,Low Value
CUST01978,13,17,309393.67,57616.84,23799.513076923075,Repeat Customer,783,9,Medium Value
CUST01979,13,26,358492.19999999995,65459.92,27576.323076923072,Repeat Customer,498,10,High Value
CUST01980,6,9,147415.63999999998,29234.33,24569.27333333333,Repeat Customer,3079,4,Low Value
CUST01981,13,24,377837.54000000004,68909.04000000001,29064.426153846158,Repeat Customer,407,10,High Value
CUST01982,15,24,207905.03,21286.41,13860.335333333333,Repeat Customer,1922,7,Medium Value
CUST01983,9,23,292699.84,48638.36,32522.204444444447,Repeat Customer,932,9,Medium Value
CUST01984,10,18,94244.6,15493.439999999999,9424.460000000001,Repeat Customer,4178,2,Low Value
CUST01985,9,11,39777.18,7182.68,4419.6866666666665,Repeat Customer,4910,1,Low Value
CUST01986,12,24,244978.8,46062.68,20414.899999999998,Repeat Customer,1436,8,Medium Value
CUST01987,12,29,586450.92,99766.26000000001,48870.91,Repeat Customer,37,10,High Value
CUST01988,15,32,219053.03,31264.83,14603.535333333333,Repeat Customer,1769,7,Medium Value
CUST01989,15,31,434321.75,95196.28,28954.783333333333,Repeat Customer,213,10,High Value
CUST01990,9,14,81138.04000000001,6731.84,9015.337777777779,Repeat Customer,4398,2,Low Value
CUST01991,8,9,128793.68000000001,15051.32,16099.210000000001,Repeat Customer,3497,4,Low Value
CUST01992,3,7,107036.0,-1535.19,35678.666666666664,Repeat Customer,3908,3,Low Value
CUST01993,18,33,480763.11,94275.19,26709.061666666665,Repeat Customer,129,10,High Value
CUST01994,11,21,165434.71,30727.050000000003,15039.51909090909,Repeat Customer,2704,5,Low Value
CUST01995,16,23,289823.93,48093.5,18113.995625,Repeat Customer,966,9,Medium Value
CUST01996,4,5,67992.9,9522.08,16998.225,Repeat Customer,4630,1,Low Value
CUST01997,15,27,218451.31,34416.28,14563.420666666667,Repeat Customer,1786,7,Medium Value
CUST01998,3,8,269753.7,78138.61,89917.90000000001,Repeat Customer,1156,8,Medium Value
CUST01999,11,16,249025.06,10280.66,22638.64181818182,Repeat Customer,1389,8,Medium Value
CUST02000,16,26,395275.77999999997,68822.29000000001,24704.736249999998,Repeat Customer,345,10,High Value
CUST02001,10,17,228813.52,28402.03,22881.352,Repeat Customer,1633,7,Medium Value
CUST02002,7,18,320770.44,60630.22,45824.34857142857,Repeat Customer,701,9,Medium Value
CUST02003,9,15,136090.46,14040.78,15121.162222222221,Repeat Customer,3327,4,Low Value
CUST02004,8,12,102460.35,19969.79,12807.54375,Repeat Customer,3998,3,Low Value
CUST02005,14,24,317375.01,44784.11,22669.643571428573,Repeat Customer,727,9,Medium Value
CUST02006,12,21,153717.41,26361.33,12809.784166666666,Repeat Customer,2936,5,Low Value
CUST02007,14,25,351980.41000000003,48907.64,25141.45785714286,Repeat Customer,525,9,Medium Value
CUST02008,15,24,429017.0,88245.78,28601.133333333335,Repeat Customer,227,10,High Value
CUST02009,15,20,161865.96,15728.619999999999,10791.064,Repeat Customer,2767,5,Low Value
CUST02010,6,11,86852.42,17952.35,14475.403333333334,Repeat Customer,4305,2,Low Value
CUST02011,11,17,326437.86,41903.850000000006,29676.16909090909,Repeat Customer,666,9,Medium Value
CUST02012,10,15,143909.35,25150.05,14390.935000000001,Repeat Customer,3151,4,Low Value
CUST02013,18,28,397284.45999999996,68310.06,22071.358888888888,Repeat Customer,340,10,High Value
CUST02014,5,6,68858.69,14645.240000000002,13771.738000000001,Repeat Customer,4611,1,Low Value
CUST02015,6,8,74033.09999999999,9624.37,12338.849999999999,Repeat Customer,4530,1,Low Value
CUST02016,16,23,153744.29,20991.420000000002,9609.018125,Repeat Customer,2935,5,Low Value
CUST02017,14,29,230258.69999999998,30016.63,16447.05,Repeat Customer,1610,7,Medium Value
CUST02018,12,20,559984.47,119471.20000000001,46665.3725,Repeat Customer,53,10,High Value
CUST02019,6,6,63005.53,11088.75,10500.921666666667,Repeat Customer,4691,1,Low Value
CUST02020,12,25,291705.51,48250.3,24308.7925,Repeat Customer,943,9,Medium Value
CUST02021,11,22,115784.05,10432.98,10525.822727272727,Repeat Customer,3745,3,Low Value
CUST02022,10,19,153326.99,26197.66,15332.698999999999,Repeat Customer,2951,5,Low Value
CUST02023,9,18,278297.9,33077.869999999995,30921.988888888893,Repeat Customer,1071,8,Medium Value
CUST02024,16,27,474766.24,63955.76,29672.89,Repeat Customer,141,10,High Value
CUST02025,8,11,99720.64,14034.27,12465.08,Repeat Customer,4058,2,Low Value
CUST02026,11,17,159588.5,29576.03,14508.045454545454,Repeat Customer,2821,5,Low Value
CUST02027,13,19,155632.30000000002,28476.59,11971.715384615385,Repeat Customer,2902,5,Low Value
CUST02028,12,19,269469.22000000003,42611.520000000004,22455.768333333337,Repeat Customer,1165,8,Medium Value
CUST02029,9,16,94394.15000000001,17393.440000000002,10488.238888888889,Repeat Customer,4175,2,Low Value
CUST02030,16,24,201391.27,29139.45,12586.954375,Repeat Customer,2027,6,Low Value
CUST02031,8,17,194177.36000000002,39771.09,24272.170000000002,Repeat Customer,2153,6,Low Value
CUST02032,7,12,67425.27,11160.34,9632.18142857143,Repeat Customer,4637,1,Low Value
CUST02033,17,28,514365.48,94512.67,30256.79294117647,Repeat Customer,96,10,High Value
CUST02034,7,8,93761.16,17874.63,13394.451428571429,Repeat Customer,4185,2,Low Value
CUST02035,13,24,197130.38999999998,28701.870000000003,15163.876153846153,Repeat Customer,2094,6,Low Value
CUST02036,14,22,409006.86,87265.22,29214.77571428571,Repeat Customer,294,10,High Value
CUST02037,7,8,144147.38,19795.04,20592.48285714286,Repeat Customer,3143,4,Low Value
CUST02038,16,28,394959.3,64473.76,24684.95625,Repeat Customer,347,10,High Value
CUST02039,18,30,261567.11000000002,42337.06,14531.506111111112,Repeat Customer,1243,8,Medium Value
CUST02040,8,11,206842.4,44359.81,25855.3,Repeat Customer,1941,7,Medium Value
CUST02041,10,21,225272.57,41151.840000000004,22527.257,Repeat Customer,1681,7,Medium Value
CUST02042,8,17,493492.82,31409.05,61686.6025,Repeat Customer,116,10,High Value
CUST02043,16,26,163998.07,26687.55,10249.879375,Repeat Customer,2730,5,Low Value
CUST02044,7,8,59773.25,7087.32,8539.035714285714,Repeat Customer,4734,1,Low Value
CUST02045,12,26,352551.23,47950.21,29379.269166666665,Repeat Customer,521,9,Medium Value
CUST02046,11,25,311788.76999999996,55797.65,28344.433636363632,Repeat Customer,764,9,Medium Value
CUST02047,8,15,330548.14,59180.48,41318.5175,Repeat Customer,640,9,Medium Value
CUST02048,7,10,104882.88,13952.34,14983.268571428573,Repeat Customer,3949,3,Low Value
CUST02049,14,28,313475.58999999997,41932.45,22391.11357142857,Repeat Customer,747,9,Medium Value
CUST02050,2,3,9428.560000000001,1793.8,4714.280000000001,Repeat Customer,4996,1,Low Value
CUST02051,12,25,222182.06,22652.15,18515.171666666665,Repeat Customer,1722,7,Medium Value
CUST02052,12,28,295625.98,42910.09,24635.498333333333,Repeat Customer,905,9,Medium Value
CUST02053,8,16,56951.94,9931.1,7118.9925,Repeat Customer,4776,1,Low Value
CUST02054,7,16,150533.52,29980.73,21504.78857142857,Repeat Customer,2999,5,Low Value
CUST02055,7,12,240729.47999999998,29259.34,34389.92571428571,Repeat Customer,1476,8,Medium Value
CUST02056,7,11,133441.6,25808.54,19063.085714285717,Repeat Customer,3394,4,Low Value
CUST02057,13,27,238085.34,47438.55,18314.256923076922,Repeat Customer,1507,7,Medium Value
CUST02058,11,15,341836.69,76658.81,31076.06272727273,Repeat Customer,574,9,Medium Value
CUST02059,9,16,102220.03,13497.19,11357.781111111111,Repeat Customer,4006,2,Low Value
CUST02060,9,14,306468.23,58494.51,34052.025555555556,Repeat Customer,817,9,Medium Value
CUST02061,12,16,116453.54,13986.449999999999,9704.461666666666,Repeat Customer,3729,3,Low Value
CUST02062,11,16,196678.72999999998,36212.13,17879.884545454544,Repeat Customer,2099,6,Low Value
CUST02063,9,13,115112.25,14657.93,12790.25,Repeat Customer,3756,3,Low Value
CUST02064,13,25,265156.24,11493.84,20396.633846153847,Repeat Customer,1209,8,Medium Value
CUST02065,18,30,376003.77,60077.41,20889.098333333335,Repeat Customer,412,10,High Value
CUST02066,8,12,254540.8,30561.29,31817.6,Repeat Customer,1319,8,Medium Value
CUST02067,8,13,55268.48,8927.67,6908.56,Repeat Customer,4794,1,Low Value
CUST02068,11,16,70652.9,10225.470000000001,6422.990909090909,Repeat Customer,4584,1,Low Value
CUST02069,8,11,119392.98,15610.69,14924.1225,Repeat Customer,3677,3,Low Value
CUST02070,8,14,187512.93,11518.52,23439.11625,Repeat Customer,2280,6,Low Value
CUST02071,11,16,104382.91,16564.670000000002,9489.355454545455,Repeat Customer,3959,3,Low Value
CUST02072,13,26,152952.82,17555.5,11765.601538461538,Repeat Customer,2960,5,Low Value
CUST02073,6,14,274202.63,33520.09,45700.43833333333,Repeat Customer,1115,8,Medium Value
CUST02074,8,11,92480.25,17846.65,11560.03125,Repeat Customer,4211,2,Low Value
CUST02075,14,28,466179.02,65485.69,33298.50142857143,Repeat Customer,151,10,High Value
CUST02076,11,20,158827.01,27104.18,14438.819090909092,Repeat Customer,2840,5,Low Value
CUST02077,7,9,75094.91,14441.88,10727.844285714285,Repeat Customer,4509,1,Low Value
CUST02078,9,17,113911.99,22609.9,12656.887777777778,Repeat Customer,3781,3,Low Value
CUST02079,11,17,170030.38,26307.969999999998,15457.307272727274,Repeat Customer,2604,5,Low Value
CUST02080,12,18,288280.15,56021.799999999996,24023.345833333336,Repeat Customer,979,9,Medium Value
CUST02081,9,19,390019.00999999995,61954.13,43335.44555555555,Repeat Customer,362,10,High Value
CUST02082,8,18,97796.96999999999,14475.210000000001,12224.621249999998,Repeat Customer,4096,2,Low Value
CUST02083,13,16,75534.98,7526.639999999999,5810.383076923076,Repeat Customer,4504,1,Low Value
CUST02084,9,18,235007.46,30868.769999999997,26111.94,Repeat Customer,1544,7,Medium Value
CUST02085,10,14,99064.51,9899.48,9906.451,Repeat Customer,4075,2,Low Value
CUST02086,12,18,173090.03,28047.37,14424.169166666667,Repeat Customer,2553,5,Low Value
CUST02087,7,11,79332.3,19850.21,11333.185714285715,Repeat Customer,4438,2,Low Value
CUST02088,10,20,241509.77,43444.08,24150.977,Repeat Customer,1465,8,Medium Value
CUST02089,9,16,174426.85,42222.48,19380.76111111111,Repeat Customer,2527,5,Low Value
CUST02090,11,27,178282.14,40406.92,16207.467272727274,Repeat Customer,2463,6,Low Value
CUST02091,9,13,179619.79,13917.300000000001,19957.754444444447,Repeat Customer,2432,6,Low Value
CUST02092,6,6,140916.21,35257.28,23486.035,Repeat Customer,3216,4,Low Value
CUST02093,9,16,174932.95,11601.019999999999,19436.994444444445,Repeat Customer,2518,5,Low Value
CUST02094,12,16,221105.2,30886.07,18425.433333333334,Repeat Customer,1735,7,Medium Value
CUST02095,9,14,176177.6,15361.400000000001,19575.28888888889,Repeat Customer,2497,6,Low Value
CUST02096,8,13,207983.54,34325.979999999996,25997.9425,Repeat Customer,1920,7,Medium Value
CUST02097,9,12,78608.76,12165.529999999999,8734.306666666665,Repeat Customer,4451,2,Low Value
CUST02098,7,12,80319.73,18425.81,11474.247142857143,Repeat Customer,4417,2,Low Value
CUST02099,14,23,385458.26,55704.909999999996,27532.73285714286,Repeat Customer,376,10,High Value
CUST02100,10,21,273534.16,32606.77,27353.415999999997,Repeat Customer,1122,8,Medium Value
CUST02101,14,27,253424.25,31501.63,18101.73214285714,Repeat Customer,1331,8,Medium Value
CUST02102,11,21,195218.72999999998,36024.28999999999,17747.157272727272,Repeat Customer,2133,6,Low Value
CUST02103,12,21,144064.95,22739.75,12005.4125,Repeat Customer,3145,4,Low Value
CUST02104,4,7,30498.73,3670.88,7624.6825,Repeat Customer,4951,1,Low Value
CUST02105,16,26,244943.34,44130.159999999996,15308.95875,Repeat Customer,1437,8,Medium Value
CUST02106,15,26,349389.82,68136.55,23292.654666666665,Repeat Customer,537,9,Medium Value
CUST02107,14,19,179799.79,22613.239999999998,12842.842142857144,Repeat Customer,2427,6,Low Value
CUST02108,10,18,109227.24,16386.43,10922.724,Repeat Customer,3871,3,Low Value
CUST02109,7,12,79633.69,4283.2699999999995,11376.24142857143,Repeat Customer,4431,2,Low Value
CUST02110,8,11,99535.34999999999,15535.019999999999,12441.918749999999,Repeat Customer,4062,2,Low Value
CUST02111,5,8,52440.22,11440.1,10488.044,Repeat Customer,4818,1,Low Value
CUST02112,6,10,105596.04000000001,15595.18,17599.34,Repeat Customer,3932,3,Low Value
CUST02113,14,19,117342.3,18544.54,8381.592857142858,Repeat Customer,3713,3,Low Value
CUST02114,13,28,199988.63,30161.690000000002,15383.74076923077,Repeat Customer,2043,6,Low Value
CUST02115,10,18,243429.27,30425.31,24342.927,Repeat Customer,1449,8,Medium Value
CUST02116,7,16,114525.89,25237.809999999998,16360.841428571428,Repeat Customer,3767,3,Low Value
CUST02117,6,15,130991.9,19642.98,21831.983333333334,Repeat Customer,3446,4,Low Value
CUST02118,9,22,132797.76,18803.48,14755.306666666667,Repeat Customer,3408,4,Low Value
CUST02119,6,11,141859.99,27027.370000000003,23643.331666666665,Repeat Customer,3192,4,Low Value
CUST02120,9,16,142336.35,19938.2,15815.150000000001,Repeat Customer,3183,4,Low Value
CUST02121,10,19,228990.91999999998,22148.81,22899.091999999997,Repeat Customer,1631,7,Medium Value
CUST02122,14,24,454094.85,84194.16,32435.346428571425,Repeat Customer,167,10,High Value
CUST02123,7,19,99967.29999999999,17422.84,14281.042857142855,Repeat Customer,4053,2,Low Value
CUST02124,6,12,45639.64,4785.58,7606.606666666667,Repeat Customer,4867,1,Low Value
CUST02125,13,22,366670.18,63281.05,28205.39846153846,Repeat Customer,455,10,High Value
CUST02126,11,16,380088.88,42392.340000000004,34553.534545454546,Repeat Customer,396,10,High Value
CUST02127,11,22,235472.41,35075.15,21406.58272727273,Repeat Customer,1541,7,Medium Value
CUST02128,9,16,123411.81,23443.920000000002,13712.423333333332,Repeat Customer,3598,3,Low Value
CUST02129,14,23,446894.33,52821.83,31921.023571428574,Repeat Customer,181,10,High Value
CUST02130,10,22,302076.94,50329.909999999996,30207.694,Repeat Customer,854,9,Medium Value
CUST02131,10,14,204713.62000000002,38688.009999999995,20471.362,Repeat Customer,1969,7,Medium Value
CUST02132,7,13,96776.72,18874.49,13825.245714285715,Repeat Customer,4124,2,Low Value
CUST02133,7,13,44979.96,8821.67,6425.708571428571,Repeat Customer,4873,1,Low Value
CUST02134,6,11,36228.18,6105.54,6038.03,Repeat Customer,4928,1,Low Value
CUST02135,17,33,329592.44,37661.03,19387.790588235293,Repeat Customer,648,9,Medium Value
CUST02136,9,19,80480.42,7268.29,8942.268888888888,Repeat Customer,4413,2,Low Value
CUST02137,18,33,380930.19,53869.29,21162.788333333334,Repeat Customer,391,10,High Value
CUST02138,11,21,285007.33,38973.9,25909.757272727275,Repeat Customer,1008,8,Medium Value
CUST02139,8,11,87721.94,11223.07,10965.2425,Repeat Customer,4282,2,Low Value
CUST02140,11,21,428193.21,88996.47,38926.65545454546,Repeat Customer,230,10,High Value
CUST02141,9,13,112749.41,16676.71,12527.712222222222,Repeat Customer,3809,3,Low Value
CUST02142,7,13,101950.9,12878.619999999999,14564.414285714285,Repeat Customer,4017,2,Low Value
CUST02143,9,16,133565.73,22580.800000000003,14840.636666666667,Repeat Customer,3391,4,Low Value
CUST02144,10,19,135513.4,23495.39,13551.34,Repeat Customer,3340,4,Low Value
CUST02145,15,22,295417.12,45614.880000000005,19694.474666666665,Repeat Customer,906,9,Medium Value
CUST02146,8,18,550767.89,127231.95000000001,68845.98625,Repeat Customer,59,10,High Value
CUST02147,7,14,75105.78,8837.42,10729.397142857142,Repeat Customer,4508,1,Low Value
CUST02148,5,11,81023.81,17798.2,16204.761999999999,Repeat Customer,4402,2,Low Value
CUST02149,11,16,95081.5,13994.26,8643.772727272728,Repeat Customer,4158,2,Low Value
CUST02150,11,16,160466.88,31011.760000000002,14587.898181818182,Repeat Customer,2801,5,Low Value
CUST02151,9,17,265128.8,34710.25,29458.755555555555,Repeat Customer,1211,8,Medium Value
CUST02152,4,4,33217.54,6385.29,8304.385,Repeat Customer,4945,1,Low Value
CUST02153,15,19,129239.89,20084.72,8615.992666666667,Repeat Customer,3485,4,Low Value
CUST02154,6,11,199447.42,46394.86,33241.23666666667,Repeat Customer,2054,6,Low Value
CUST02155,6,9,197689.1,32999.92999999999,32948.183333333334,Repeat Customer,2085,6,Low Value
CUST02156,13,19,223270.16999999998,37816.759999999995,17174.62846153846,Repeat Customer,1701,7,Medium Value
CUST02157,11,18,165781.6,17332.06,15071.054545454546,Repeat Customer,2694,5,Low Value
CUST02158,13,32,259198.44,31146.899999999998,19938.34153846154,Repeat Customer,1268,8,Medium Value
CUST02159,13,21,173280.33,23520.4,13329.256153846152,Repeat Customer,2550,5,Low Value
CUST02160,8,11,114701.34,19814.44,14337.6675,Repeat Customer,3765,3,Low Value
CUST02161,10,16,215007.98,26099.01,21500.798000000003,Repeat Customer,1832,7,Medium Value
CUST02162,18,40,219791.58,29628.579999999998,12210.643333333333,Repeat Customer,1759,7,Medium Value
CUST02163,11,22,470753.39,89377.48,42795.762727272726,Repeat Customer,146,10,High Value
CUST02164,7,11,108013.68,18165.58,15430.525714285714,Repeat Customer,3889,3,Low Value
CUST02165,8,16,139699.86,20552.98,17462.4825,Repeat Customer,3245,4,Low Value
CUST02166,12,18,123486.12,27365.85,10290.51,Repeat Customer,3596,3,Low Value
CUST02167,11,16,250095.97,31999.579999999998,22735.997272727273,Repeat Customer,1375,8,Medium Value
CUST02168,10,18,303336.41,33579.92,30333.640999999996,Repeat Customer,837,9,Medium Value
CUST02169,7,15,72607.53,8873.07,10372.504285714285,Repeat Customer,4557,1,Low Value
CUST02170,8,12,77578.17,11571.9,9697.27125,Repeat Customer,4471,2,Low Value
CUST02171,11,14,135151.83,23431.45,12286.529999999999,Repeat Customer,3355,4,Low Value
CUST02172,7,19,203372.16,38200.93,29053.165714285715,Repeat Customer,1993,7,Medium Value
CUST02173,8,16,207647.47,27483.469999999998,25955.93375,Repeat Customer,1928,7,Medium Value
CUST02174,9,12,68141.12,11913.01,7571.235555555555,Repeat Customer,4624,1,Low Value
CUST02175,9,22,111108.45999999999,12764.8,12345.384444444444,Repeat Customer,3839,3,Low Value
CUST02176,11,24,193785.53,32020.649999999998,17616.866363636364,Repeat Customer,2163,6,Low Value
CUST02177,12,21,182894.03,16390.94,15241.169166666667,Repeat Customer,2373,6,Low Value
CUST02178,9,12,59183.76,10098.48,6575.973333333333,Repeat Customer,4746,1,Low Value
CUST02179,16,25,229410.6,34145.84,14338.1625,Repeat Customer,1623,7,Medium Value
CUST02180,13,19,434104.59,77926.90999999999,33392.66076923077,Repeat Customer,214,10,High Value
CUST02181,13,21,106787.97,14934.04,8214.459230769231,Repeat Customer,3912,3,Low Value
CUST02182,8,10,117645.29999999999,23913.04,14705.662499999999,Repeat Customer,3709,3,Low Value
CUST02183,14,24,177644.01,21852.93,12688.857857142857,Repeat Customer,2469,6,Low Value
CUST02184,9,18,173306.84,27210.19,19256.315555555557,Repeat Customer,2547,5,Low Value
CUST02185,10,12,119783.3,21289.63,11978.33,Repeat Customer,3668,3,Low Value
CUST02186,5,7,87554.51999999999,9721.619999999999,17510.904,Repeat Customer,4288,2,Low Value
CUST02187,10,16,166191.22,31477.36,16619.122,Repeat Customer,2681,5,Low Value
CUST02188,7,13,143478.3,15236.140000000001,20496.899999999998,Repeat Customer,3165,4,Low Value
CUST02189,11,21,727705.4400000001,74211.44,66155.04000000001,Repeat Customer,6,10,High Value
CUST02190,5,7,128585.60999999999,18607.26,25717.121999999996,Repeat Customer,3503,3,Low Value
CUST02191,8,16,120092.37,14577.92,15011.54625,Repeat Customer,3661,3,Low Value
CUST02192,6,12,57440.65,6620.699999999999,9573.441666666668,Repeat Customer,4769,1,Low Value
CUST02193,8,15,103908.07,12170.48,12988.50875,Repeat Customer,3969,3,Low Value
CUST02194,6,8,42274.549999999996,6251.9400000000005,7045.758333333332,Repeat Customer,4892,1,Low Value
CUST02195,11,21,135807.89,16814.57,12346.17181818182,Repeat Customer,3331,4,Low Value
CUST02196,7,13,236829.2,39453.31,33832.74285714286,Repeat Customer,1527,7,Medium Value
CUST02197,9,17,123756.4,15804.6,13750.71111111111,Repeat Customer,3589,3,Low Value
CUST02198,11,17,164862.74,29158.550000000003,14987.521818181818,Repeat Customer,2717,5,Low Value
CUST02199,14,20,267665.02999999997,46924.5,19118.93071428571,Repeat Customer,1186,8,Medium Value
CUST02200,12,20,208146.52,42166.35,17345.54333333333,Repeat Customer,1918,7,Medium Value
CUST02201,17,33,337029.27,72283.77,19825.25117647059,Repeat Customer,598,9,Medium Value
CUST02202,11,21,137554.29,21602.52,12504.935454545455,Repeat Customer,3287,4,Low Value
CUST02203,8,13,99019.67,23505.19,12377.45875,Repeat Customer,4077,2,Low Value
CUST02204,13,25,260733.22,39950.71,20056.401538461538,Repeat Customer,1255,8,Medium Value
CUST02205,7,11,81255.23999999999,8475.61,11607.891428571427,Repeat Customer,4394,2,Low Value
CUST02206,10,17,159009.49,25808.01,15900.948999999999,Repeat Customer,2836,5,Low Value
CUST02207,9,20,275477.35,25412.48,30608.594444444443,Repeat Customer,1104,8,Medium Value
CUST02208,18,37,483215.95,77865.35,26845.330555555556,Repeat Customer,124,10,High Value
CUST02209,6,12,91747.29,21161.01,15291.214999999998,Repeat Customer,4220,2,Low Value
CUST02210,6,10,48240.380000000005,6941.0599999999995,8040.063333333334,Repeat Customer,4847,1,Low Value
CUST02211,5,7,46387.1,10519.980000000001,9277.42,Repeat Customer,4861,1,Low Value
CUST02212,13,22,249086.63,29181.49,19160.510000000002,Repeat Customer,1386,8,Medium Value
CUST02213,11,15,207828.67,39640.380000000005,18893.515454545457,Repeat Customer,1925,7,Medium Value
CUST02214,7,13,186506.36,31134.46,26643.765714285713,Repeat Customer,2300,6,Low Value
CUST02215,12,22,154575.19,20139.24,12881.265833333333,Repeat Customer,2917,5,Low Value
CUST02216,10,17,332664.96,47135.17,33266.496,Repeat Customer,626,9,Medium Value
CUST02217,10,19,303809.91,51375.54,30380.990999999998,Repeat Customer,835,9,Medium Value
CUST02218,11,23,228180.04,26172.3,20743.64,Repeat Customer,1644,7,Medium Value
CUST02219,13,23,150030.78,21237.920000000002,11540.82923076923,Repeat Customer,3006,4,Low Value
CUST02220,8,17,94558.45,15997.55,11819.80625,Repeat Customer,4168,2,Low Value
CUST02221,11,14,159326.7,25957.47,14484.245454545455,Repeat Customer,2829,5,Low Value
CUST02222,16,29,407814.67,55684.58,25488.416875,Repeat Customer,299,10,High Value
CUST02223,9,16,161358.99,27401.46,17928.776666666665,Repeat Customer,2780,5,Low Value
CUST02224,10,20,555235.6000000001,89643.54000000001,55523.56000000001,Repeat Customer,57,10,High Value
CUST02225,8,14,115823.97,15799.07,14477.99625,Repeat Customer,3743,3,Low Value
CUST02226,15,30,463898.62,75109.24,30926.574666666667,Repeat Customer,155,10,High Value
CUST02227,12,24,278653.97,47215.69,23221.164166666666,Repeat Customer,1066,8,Medium Value
CUST02228,10,16,101980.15000000001,20629.34,10198.015000000001,Repeat Customer,4016,2,Low Value
CUST02229,16,25,462891.31,85018.03,28930.706875,Repeat Customer,157,10,High Value
CUST02230,5,7,110828.43,25152.050000000003,22165.685999999998,Repeat Customer,3846,3,Low Value
CUST02231,8,14,188430.67,30322.74,23553.83375,Repeat Customer,2256,6,Low Value
CUST02232,6,8,84927.18,12054.4,14154.529999999999,Repeat Customer,4333,2,Low Value
CUST02233,11,21,224067.89,33182.05,20369.80818181818,Repeat Customer,1687,7,Medium Value
CUST02234,4,7,42730.03,3256.52,10682.5075,Repeat Customer,4891,1,Low Value
CUST02235,10,15,143906.04,26862.2,14390.604000000001,Repeat Customer,3152,4,Low Value
CUST02236,9,9,39127.29,5689.32,4347.4766666666665,Repeat Customer,4914,1,Low Value
CUST02237,10,22,145682.35,21433.34,14568.235,Repeat Customer,3109,4,Low Value
CUST02238,12,22,144042.03,28021.559999999998,12003.5025,Repeat Customer,3147,4,Low Value
CUST02239,7,13,171640.82,24380.62,24520.117142857143,Repeat Customer,2575,5,Low Value
CUST02240,12,24,245714.71,43869.45,20476.225833333334,Repeat Customer,1426,8,Medium Value
CUST02241,7,13,150708.31,31150.010000000002,21529.75857142857,Repeat Customer,2997,5,Low Value
CUST02242,11,20,278618.81,43159.11,25328.982727272727,Repeat Customer,1067,8,Medium Value
CUST02243,13,20,260744.16,30431.739999999998,20057.243076923078,Repeat Customer,1254,8,Medium Value
CUST02244,8,13,220989.49,17118.27,27623.68625,Repeat Customer,1738,7,Medium Value
CUST02245,11,15,179219.36,27471.65,16292.66909090909,Repeat Customer,2443,6,Low Value
CUST02246,14,20,294905.79000000004,41846.35,21064.699285714287,Repeat Customer,908,9,Medium Value
CUST02247,11,24,439488.51999999996,71474.39,39953.501818181816,Repeat Customer,204,10,High Value
CUST02248,9,12,160348.72,19368.99,17816.524444444443,Repeat Customer,2802,5,Low Value
CUST02249,12,22,427416.47000000003,86442.81,35618.03916666667,Repeat Customer,233,10,High Value
CUST02250,10,21,195597.15999999997,31174.440000000002,19559.715999999997,Repeat Customer,2125,6,Low Value
CUST02251,10,15,127443.34,21570.09,12744.333999999999,Repeat Customer,3524,3,Low Value
CUST02252,12,21,354119.66000000003,59623.99,29509.971666666668,Repeat Customer,514,9,Medium Value
CUST02253,8,13,165535.03999999998,25154.16,20691.879999999997,Repeat Customer,2701,5,Low Value
CUST02254,8,11,98824.54,11504.14,12353.0675,Repeat Customer,4081,2,Low Value
CUST02255,4,4,28655.460000000003,5853.55,7163.865000000001,Repeat Customer,4963,1,Low Value
CUST02256,8,14,139933.26,30257.27,17491.6575,Repeat Customer,3241,4,Low Value
CUST02257,10,18,113132.22,21497.809999999998,11313.222,Repeat Customer,3800,3,Low Value
CUST02258,3,3,11432.14,1299.71,3810.713333333333,Repeat Customer,4992,1,Low Value
CUST02259,12,23,243297.5,46800.45,20274.791666666668,Repeat Customer,1450,8,Medium Value
CUST02260,8,9,83853.11,12662.32,10481.63875,Repeat Customer,4349,2,Low Value
CUST02261,9,13,167177.67,26264.32,18575.29666666667,Repeat Customer,2660,5,Low Value
CUST02262,10,17,112753.6,17894.64,11275.36,Repeat Customer,3808,3,Low Value
CUST02263,13,26,321224.12,53489.75,24709.547692307693,Repeat Customer,698,9,Medium Value
CUST02264,9,16,166914.16,34066.43,18546.01777777778,Repeat Customer,2667,5,Low Value
CUST02265,8,10,63570.1,14882.5,7946.2625,Repeat Customer,4686,1,Low Value
CUST02266,16,25,278321.92,17948.77,17395.12,Repeat Customer,1070,8,Medium Value
CUST02267,9,24,161026.19,23976.99,17891.79888888889,Repeat Customer,2789,5,Low Value
CUST02268,11,21,233961.27000000002,39728.97,21269.206363636364,Repeat Customer,1557,7,Medium Value
CUST02269,5,10,69415.62,12740.34,13883.124,Repeat Customer,4602,1,Low Value
CUST02270,13,21,353483.01,54506.93,27191.00076923077,Repeat Customer,516,9,Medium Value
CUST02271,12,18,286682.9,38268.090000000004,23890.24166666667,Repeat Customer,993,9,Medium Value
CUST02272,7,11,93749.49,7755.610000000001,13392.784285714286,Repeat Customer,4186,2,Low Value
CUST02273,12,18,177795.66999999998,30016.77,14816.305833333332,Repeat Customer,2466,6,Low Value
CUST02274,8,11,193812.54,24325.899999999998,24226.5675,Repeat Customer,2161,6,Low Value
CUST02275,9,17,414028.28,72500.77,46003.142222222225,Repeat Customer,276,10,High Value
CUST02276,12,30,342032.0,42410.85,28502.666666666668,Repeat Customer,572,9,Medium Value
CUST02277,9,15,183883.69999999998,41397.04,20431.522222222222,Repeat Customer,2353,6,Low Value
CUST02278,11,16,188333.44999999998,29722.11,17121.222727272725,Repeat Customer,2259,6,Low Value
CUST02279,12,18,186690.24999999997,27464.04,15557.52083333333,Repeat Customer,2295,6,Low Value
CUST02280,7,11,184556.0,34221.93,26365.14285714286,Repeat Customer,2334,6,Low Value
CUST02281,8,12,136807.66,26831.96,17100.9575,Repeat Customer,3305,4,Low Value
CUST02282,6,10,67301.41,8352.56,11216.901666666667,Repeat Customer,4641,1,Low Value
CUST02283,5,9,87039.84,9127.029999999999,17407.968,Repeat Customer,4300,2,Low Value
CUST02284,11,17,383430.59,52045.2,34857.32636363636,Repeat Customer,384,10,High Value
CUST02285,10,16,170940.59,24611.32,17094.059,Repeat Customer,2583,5,Low Value
CUST02286,9,14,366478.73,52496.78,40719.858888888884,Repeat Customer,457,10,High Value
CUST02287,5,9,139141.72,32038.050000000003,27828.344,Repeat Customer,3254,4,Low Value
CUST02288,10,21,173079.31,29215.46,17307.931,Repeat Customer,2554,5,Low Value
CUST02289,6,11,74426.53,7696.360000000001,12404.421666666667,Repeat Customer,4523,1,Low Value
CUST02290,9,16,314949.73000000004,42132.77,34994.41444444445,Repeat Customer,738,9,Medium Value
CUST02291,7,9,60142.91,9505.83,8591.844285714285,Repeat Customer,4726,1,Low Value
CUST02292,9,14,246665.59,52526.55,27407.287777777776,Repeat Customer,1417,8,Medium Value
CUST02293,16,25,231767.92,41050.62,14485.495,Repeat Customer,1588,7,Medium Value
CUST02294,11,17,123125.52,17787.15,11193.229090909092,Repeat Customer,3601,3,Low Value
CUST02295,11,12,210308.53,31466.039999999997,19118.95727272727,Repeat Customer,1891,7,Medium Value
CUST02296,8,16,72678.2,9769.85,9084.775,Repeat Customer,4553,1,Low Value
CUST02297,11,14,105097.57,19766.21,9554.324545454547,Repeat Customer,3947,3,Low Value
CUST02298,6,8,51111.46,8942.09,8518.576666666666,Repeat Customer,4834,1,Low Value
CUST02299,12,19,134915.34,16195.51,11242.945,Repeat Customer,3363,4,Low Value
CUST02300,12,23,197884.41999999998,35301.4,16490.368333333332,Repeat Customer,2079,6,Low Value
CUST02301,8,14,174918.55,18098.54,21864.81875,Repeat Customer,2520,5,Low Value
CUST02302,17,26,425479.3,43940.340000000004,25028.194117647057,Repeat Customer,242,10,High Value
CUST02303,13,26,442918.4,69709.7,34070.64615384616,Repeat Customer,191,10,High Value
CUST02304,10,14,179731.43,32171.579999999998,17973.143,Repeat Customer,2430,6,Low Value
CUST02305,12,26,294554.35,50150.240000000005,24546.19583333333,Repeat Customer,914,9,Medium Value
CUST02306,7,7,97191.16,9354.51,13884.451428571429,Repeat Customer,4113,2,Low Value
CUST02307,7,14,58760.49,8135.87,8394.355714285713,Repeat Customer,4749,1,Low Value
CUST02308,8,19,134115.3,10580.41,16764.4125,Repeat Customer,3381,4,Low Value
CUST02309,5,7,74907.87,-968.2000000000002,14981.573999999999,Repeat Customer,4513,1,Low Value
CUST02310,9,16,149168.35,23186.620000000003,16574.26111111111,Repeat Customer,3023,4,Low Value
CUST02311,10,19,165526.11000000002,30531.95,16552.611,Repeat Customer,2702,5,Low Value
CUST02312,11,19,178798.41999999998,30206.22,16254.401818181817,Repeat Customer,2454,6,Low Value
CUST02313,9,14,139377.84,22449.22,15486.426666666666,Repeat Customer,3251,4,Low Value
CUST02314,7,9,54989.090000000004,13344.039999999999,7855.584285714286,Repeat Customer,4796,1,Low Value
CUST02315,8,17,91667.63,13732.39,11458.45375,Repeat Customer,4221,2,Low Value
CUST02316,12,18,169925.86,27702.02,14160.488333333333,Repeat Customer,2607,5,Low Value
CUST02317,8,11,77716.45,14514.42,9714.55625,Repeat Customer,4465,2,Low Value
CUST02318,5,9,238011.65000000002,41521.32,47602.33,Repeat Customer,1509,7,Medium Value
CUST02319,12,24,302582.45,47373.95,25215.204166666666,Repeat Customer,847,9,Medium Value
CUST02320,16,25,230721.98,43698.86,14420.12375,Repeat Customer,1602,7,Medium Value
CUST02321,7,15,209801.39,27421.72,29971.627142857145,Repeat Customer,1900,7,Medium Value
CUST02322,17,24,269836.37,42917.5,15872.727647058824,Repeat Customer,1153,8,Medium Value
CUST02323,11,20,516150.56,104378.22,46922.77818181818,Repeat Customer,92,10,High Value
CUST02324,17,26,402147.35000000003,50202.48,23655.726470588237,Repeat Customer,322,10,High Value
CUST02325,8,19,153679.41,35159.850000000006,19209.92625,Repeat Customer,2938,5,Low Value
CUST02326,8,13,172998.03,28968.32,21624.75375,Repeat Customer,2556,5,Low Value
CUST02327,14,24,273199.98,48334.02,19514.284285714286,Repeat Customer,1125,8,Medium Value
CUST02328,11,19,242661.98,28741.2,22060.18,Repeat Customer,1454,8,Medium Value
CUST02329,9,18,145354.16,12745.79,16150.462222222222,Repeat Customer,3120,4,Low Value
CUST02330,9,11,60022.14,11697.01,6669.126666666667,Repeat Customer,4729,1,Low Value
CUST02331,14,23,222235.34,41716.27,15873.952857142856,Repeat Customer,1721,7,Medium Value
CUST02332,11,25,371350.52,51505.75,33759.13818181818,Repeat Customer,437,10,High Value
CUST02333,8,12,177719.97,20531.47,22214.99625,Repeat Customer,2467,6,Low Value
CUST02334,11,18,183705.35,39129.97,16700.486363636363,Repeat Customer,2358,6,Low Value
CUST02335,17,31,183764.87,33004.53,10809.698235294118,Repeat Customer,2355,6,Low Value
CUST02336,7,10,99847.91,19384.829999999998,14263.987142857144,Repeat Customer,4055,2,Low Value
CUST02337,5,5,63028.799999999996,9524.39,12605.759999999998,Repeat Customer,4690,1,Low Value
CUST02338,3,6,16511.9,1058.38,5503.966666666667,Repeat Customer,4989,1,Low Value
CUST02339,12,19,229557.73,35910.43,19129.810833333333,Repeat Customer,1620,7,Medium Value
CUST02340,16,24,189507.91,31433.309999999998,11844.244375,Repeat Customer,2236,6,Low Value
CUST02341,17,28,546018.11,76591.07,32118.712352941177,Repeat Customer,64,10,High Value
CUST02342,10,14,185232.63,34072.479999999996,18523.263,Repeat Customer,2325,6,Low Value
CUST02343,14,23,220001.1,25108.73,15714.364285714286,Repeat Customer,1755,7,Medium Value
CUST02344,7,9,131176.1,24785.58,18739.442857142858,Repeat Customer,3441,4,Low Value
CUST02345,5,6,30177.9,4736.71,6035.58,Repeat Customer,4953,1,Low Value
CUST02346,14,23,263824.37,45318.42,18844.597857142857,Repeat Customer,1224,8,Medium Value
CUST02347,13,25,284745.43,30270.36,21903.494615384614,Repeat Customer,1009,8,Medium Value
CUST02348,8,10,77418.93000000001,14167.41,9677.366250000001,Repeat Customer,4476,2,Low Value
CUST02349,14,19,258734.36,48097.12,18481.02571428571,Repeat Customer,1271,8,Medium Value
CUST02350,12,27,437983.6,50274.94,36498.63333333333,Repeat Customer,205,10,High Value
CUST02351,12,22,214126.69,27444.12,17843.890833333335,Repeat Customer,1840,7,Medium Value
CUST02352,12,29,147640.6,24161.11,12303.383333333333,Repeat Customer,3075,4,Low Value
CUST02353,14,19,368251.34,66294.08,26303.667142857146,Repeat Customer,447,10,High Value
CUST02354,12,17,118162.17,22547.73,9846.8475,Repeat Customer,3700,3,Low Value
CUST02355,9,13,163622.56,37714.36,18180.284444444445,Repeat Customer,2742,5,Low Value
CUST02356,11,19,387876.31999999995,74449.46,35261.483636363635,Repeat Customer,371,10,High Value
CUST02357,9,17,78788.34,14593.03,8754.26,Repeat Customer,4447,2,Low Value
CUST02358,8,16,124946.22,24747.65,15618.2775,Repeat Customer,3566,3,Low Value
CUST02359,11,20,315521.65,67360.29000000001,28683.786363636365,Repeat Customer,734,9,Medium Value
CUST02360,9,14,184197.58000000002,22469.6,20466.39777777778,Repeat Customer,2346,6,Low Value
CUST02361,8,12,210723.09,34306.76,26340.38625,Repeat Customer,1882,7,Medium Value
CUST02362,9,10,239699.02,48904.08,26633.224444444444,Repeat Customer,1486,8,Medium Value
CUST02363,15,22,145079.32,21828.98,9671.954666666667,Repeat Customer,3125,4,Low Value
CUST02364,15,31,372001.72000000003,56352.13,24800.11466666667,Repeat Customer,432,10,High Value
CUST02365,12,17,216129.66,47196.41,18010.805,Repeat Customer,1815,7,Medium Value
CUST02366,9,20,667090.46,112504.9,74121.16222222222,Repeat Customer,12,10,High Value
CUST02367,8,15,76704.2,12509.470000000001,9588.025,Repeat Customer,4484,2,Low Value
CUST02368,5,6,36558.71,5755.160000000001,7311.742,Repeat Customer,4923,1,Low Value
CUST02369,9,18,331355.06,38508.28,36817.22888888889,Repeat Customer,637,9,Medium Value
CUST02370,10,18,268876.68,53019.55,26887.667999999998,Repeat Customer,1177,8,Medium Value
CUST02371,7,12,63725.490000000005,6040.78,9103.641428571429,Repeat Customer,4680,1,Low Value
CUST02372,15,25,269707.33,39506.19,17980.488666666668,Repeat Customer,1160,8,Medium Value
CUST02373,8,11,76056.18,13738.210000000001,9507.0225,Repeat Customer,4497,2,Low Value
CUST02374,6,15,120265.1,21538.05,20044.183333333334,Repeat Customer,3652,3,Low Value
CUST02375,12,15,225849.14,53878.32000000001,18820.76166666667,Repeat Customer,1672,7,Medium Value
CUST02376,6,12,140974.36000000002,21810.879999999997,23495.72666666667,Repeat Customer,3213,4,Low Value
CUST02377,9,15,341110.55000000005,73680.76999999999,37901.17222222223,Repeat Customer,580,9,Medium Value
CUST02378,12,19,255747.15000000002,30372.77,21312.2625,Repeat Customer,1302,8,Medium Value
CUST02379,5,7,33119.41,2435.17,6623.8820000000005,Repeat Customer,4946,1,Low Value
CUST02380,9,20,232057.6,25394.88,25784.17777777778,Repeat Customer,1583,7,Medium Value
CUST02381,8,14,153461.08,26787.98,19182.635,Repeat Customer,2946,5,Low Value
CUST02382,6,9,99653.72,11516.7,16608.953333333335,Repeat Customer,4059,2,Low Value
CUST02383,8,11,138661.05,27723.5,17332.63125,Repeat Customer,3268,4,Low Value
CUST02384,7,10,145572.13,3769.8799999999997,20796.018571428573,Repeat Customer,3114,4,Low Value
CUST02385,10,16,186891.72,41861.75,18689.172,Repeat Customer,2291,6,Low Value
CUST02386,9,10,151625.61000000002,14021.52,16847.29,Repeat Customer,2987,5,Low Value
CUST02387,10,16,347988.08,36483.84,34798.808000000005,Repeat Customer,543,9,Medium Value
CUST02388,11,13,83491.84,9590.57,7590.167272727273,Repeat Customer,4358,2,Low Value
CUST02389,12,12,66764.95,13071.42,5563.745833333333,Repeat Customer,4644,1,Low Value
CUST02390,7,13,118017.95,16799.78,16859.707142857143,Repeat Customer,3705,3,Low Value
CUST02391,14,23,219873.58000000002,39568.56,15705.255714285715,Repeat Customer,1758,7,Medium Value
CUST02392,12,16,134592.06,25427.73,11216.005,Repeat Customer,3375,4,Low Value
CUST02393,7,17,318221.5,54753.619999999995,45460.21428571428,Repeat Customer,717,9,Medium Value
CUST02394,15,28,260786.36,49057.829999999994,17385.75733333333,Repeat Customer,1253,8,Medium Value
CUST02395,9,23,368172.87,48062.01,40908.096666666665,Repeat Customer,449,10,High Value
CUST02396,7,15,106685.37000000001,16965.03,15240.767142857145,Repeat Customer,3914,3,Low Value
CUST02397,12,20,155511.54,24169.47,12959.295,Repeat Customer,2903,5,Low Value
CUST02398,10,15,332342.97,57453.759999999995,33234.297,Repeat Customer,629,9,Medium Value
CUST02399,5,7,96868.99,16862.35,19373.798000000003,Repeat Customer,4121,2,Low Value
CUST02400,7,12,156462.79,24204.5,22351.827142857142,Repeat Customer,2887,5,Low Value
CUST02401,8,12,90098.36,14274.26,11262.295,Repeat Customer,4251,2,Low Value
CUST02402,17,42,641007.26,88441.2,37706.309411764705,Repeat Customer,17,10,High Value
CUST02403,8,11,68726.25,8076.99,8590.78125,Repeat Customer,4615,1,Low Value
CUST02404,2,2,9682.89,2291.79,4841.445,Repeat Customer,4995,1,Low Value
CUST02405,8,11,135989.47,24721.19,16998.68375,Repeat Customer,3329,4,Low Value
CUST02406,11,23,141340.59,29251.98,12849.144545454545,Repeat Customer,3207,4,Low Value
CUST02407,5,7,44957.369999999995,6746.1,8991.473999999998,Repeat Customer,4874,1,Low Value
CUST02408,14,23,366740.67000000004,41065.62,26195.762142857147,Repeat Customer,454,10,High Value
CUST02409,7,13,196441.7,26473.71,28063.100000000002,Repeat Customer,2106,6,Low Value
CUST02410,10,20,245876.83000000002,43626.33,24587.683,Repeat Customer,1424,8,Medium Value
CUST02411,4,6,80777.24,18098.780000000002,20194.31,Repeat Customer,4405,2,Low Value
CUST02412,12,16,282099.48,50025.95,23508.289999999997,Repeat Customer,1037,8,Medium Value
CUST02413,5,8,111519.34,19925.54,22303.868,Repeat Customer,3831,3,Low Value
CUST02414,8,13,236438.15,46590.93000000001,29554.76875,Repeat Customer,1529,7,Medium Value
CUST02415,9,15,141259.51,25188.41,15695.501111111113,Repeat Customer,3209,4,Low Value
CUST02416,14,24,345586.37,51349.31,24684.740714285716,Repeat Customer,554,9,Medium Value
CUST02417,6,6,41825.07,10209.619999999999,6970.845,Repeat Customer,4894,1,Low Value
CUST02418,6,13,52956.55,9770.21,8826.091666666667,Repeat Customer,4815,1,Low Value
CUST02419,10,15,197454.32,34739.35,19745.432,Repeat Customer,2090,6,Low Value
CUST02420,11,20,328047.77,45916.26,29822.524545454547,Repeat Customer,657,9,Medium Value
CUST02421,7,13,71028.98,12120.51,10146.997142857143,Repeat Customer,4578,1,Low Value
CUST02422,13,31,441776.86,73582.1,33982.835384615384,Repeat Customer,194,10,High Value
CUST02423,8,17,182200.03,42381.89,22775.00375,Repeat Customer,2385,6,Low Value
CUST02424,6,13,65046.5,11610.61,10841.083333333334,Repeat Customer,4660,1,Low Value
CUST02425,16,34,359829.23,54920.91,22489.326875,Repeat Customer,494,10,High Value
CUST02426,15,24,188066.38,20550.129999999997,12537.758666666667,Repeat Customer,2262,6,Low Value
CUST02427,14,26,223190.43,33647.62,15942.173571428571,Repeat Customer,1703,7,Medium Value
CUST02428,9,15,222422.0,40229.44,24713.555555555555,Repeat Customer,1717,7,Medium Value
CUST02429,10,17,229143.88,24785.02,22914.388,Repeat Customer,1628,7,Medium Value
CUST02430,6,9,83037.48999999999,8208.89,13839.581666666665,Repeat Customer,4364,2,Low Value
CUST02431,11,25,336474.62,37260.74,30588.601818181818,Repeat Customer,604,9,Medium Value
CUST02432,8,14,111011.5,16312.460000000001,13876.4375,Repeat Customer,3842,3,Low Value
CUST02433,8,13,189102.45,27343.22,23637.80625,Repeat Customer,2246,6,Low Value
CUST02434,16,22,283694.58999999997,59623.39,17730.911874999998,Repeat Customer,1020,8,Medium Value
CUST02435,7,14,133985.85,20733.5,19140.835714285717,Repeat Customer,3383,4,Low Value
CUST02436,9,10,141754.96,15805.08,15750.55111111111,Repeat Customer,3197,4,Low Value
CUST02437,9,14,481721.96,49898.34,53524.66222222222,Repeat Customer,127,10,High Value
CUST02438,16,26,202906.53,34523.35,12681.658125,Repeat Customer,2001,6,Low Value
CUST02439,14,31,246361.50999999998,53147.78,17597.250714285714,Repeat Customer,1420,8,Medium Value
CUST02440,11,20,336207.11,18250.39,30564.282727272726,Repeat Customer,607,9,Medium Value
CUST02441,8,16,101081.39,19683.29,12635.17375,Repeat Customer,4034,2,Low Value
CUST02442,13,22,404660.58,94167.48,31127.736923076925,Repeat Customer,310,10,High Value
CUST02443,14,27,199479.01,36031.36,14248.500714285716,Repeat Customer,2053,6,Low Value
CUST02444,11,16,109490.1,16941.52,9953.645454545454,Repeat Customer,3866,3,Low Value
CUST02445,7,14,66030.22,8960.1,9432.888571428572,Repeat Customer,4650,1,Low Value
CUST02446,16,26,300632.91,46981.450000000004,18789.556875,Repeat Customer,868,9,Medium Value
CUST02447,12,17,181324.61,37940.64,15110.384166666665,Repeat Customer,2404,6,Low Value
CUST02448,9,9,57637.22,6238.79,6404.135555555556,Repeat Customer,4768,1,Low Value
CUST02449,9,13,128829.02,17236.1,14314.335555555555,Repeat Customer,3496,4,Low Value
CUST02450,11,16,133520.16999999998,12213.76,12138.197272727271,Repeat Customer,3392,4,Low Value
CUST02451,13,18,207949.38999999998,36266.58,15996.106923076923,Repeat Customer,1921,7,Medium Value
CUST02452,8,10,128645.01999999999,23060.74,16080.627499999999,Repeat Customer,3502,3,Low Value
CUST02453,8,15,204043.72,36934.7,25505.465,Repeat Customer,1979,7,Medium Value
CUST02454,9,10,97698.48000000001,14805.04,10855.386666666667,Repeat Customer,4098,2,Low Value
CUST02455,8,13,106928.58,9077.32,13366.0725,Repeat Customer,3910,3,Low Value
CUST02456,7,10,195934.89,27577.19,27990.698571428573,Repeat Customer,2117,6,Low Value
CUST02457,16,40,418937.06,62209.43,26183.56625,Repeat Customer,264,10,High Value
CUST02458,8,14,106341.84000000001,17381.149999999998,13292.730000000001,Repeat Customer,3919,3,Low Value
CUST02459,7,10,308111.4,33163.48,44015.91428571429,Repeat Customer,799,9,Medium Value
CUST02460,13,21,155426.02,26747.81,11955.847692307692,Repeat Customer,2907,5,Low Value
CUST02461,11,17,148956.82,25572.199999999997,13541.52909090909,Repeat Customer,3034,4,Low Value
CUST02462,14,22,108105.56,21437.170000000002,7721.825714285714,Repeat Customer,3888,3,Low Value
CUST02463,8,12,147053.97999999998,30917.059999999998,18381.747499999998,Repeat Customer,3086,4,Low Value
CUST02464,19,45,405840.3,69723.2,21360.015789473684,Repeat Customer,304,10,High Value
CUST02465,8,9,130272.41,24613.63,16284.05125,Repeat Customer,3465,4,Low Value
CUST02466,13,16,352644.99,55569.520000000004,27126.53769230769,Repeat Customer,520,9,Medium Value
CUST02467,12,25,420174.41000000003,45397.43,35014.53416666667,Repeat Customer,258,10,High Value
CUST02468,11,19,153356.48,30236.26,13941.498181818182,Repeat Customer,2949,5,Low Value
CUST02469,15,27,313462.22000000003,44808.78,20897.481333333337,Repeat Customer,748,9,Medium Value
CUST02470,4,9,103790.57999999999,19025.079999999998,25947.644999999997,Repeat Customer,3973,3,Low Value
CUST02471,10,17,327376.06,75277.02,32737.606,Repeat Customer,659,9,Medium Value
CUST02472,10,21,482518.89,71002.77,48251.889,Repeat Customer,126,10,High Value
CUST02473,10,12,124214.26,19454.58,12421.426,Repeat Customer,3580,3,Low Value
CUST02474,10,14,82466.23,16881.5,8246.623,Repeat Customer,4378,2,Low Value
CUST02475,14,23,231117.91999999998,28066.66,16508.422857142858,Repeat Customer,1599,7,Medium Value
CUST02476,6,11,226648.66,52832.79,37774.776666666665,Repeat Customer,1662,7,Medium Value
CUST02477,9,19,231553.65,38557.27,25728.183333333334,Repeat Customer,1593,7,Medium Value
CUST02478,10,14,187906.40000000002,30348.14,18790.640000000003,Repeat Customer,2264,6,Low Value
CUST02479,14,29,291640.12,47911.78,20831.437142857143,Repeat Customer,944,9,Medium Value
CUST02480,12,17,187743.15,32394.26,15645.262499999999,Repeat Customer,2268,6,Low Value
CUST02481,7,8,107958.18,19404.55,15422.597142857141,Repeat Customer,3890,3,Low Value
CUST02482,5,8,59847.479999999996,9513.14,11969.496,Repeat Customer,4733,1,Low Value
CUST02483,12,24,151997.26,13757.98,12666.438333333334,Repeat Customer,2981,5,Low Value
CUST02484,9,18,195537.35,33448.89,21726.372222222224,Repeat Customer,2127,6,Low Value
CUST02485,8,14,249619.88,35399.119999999995,31202.485,Repeat Customer,1382,8,Medium Value
CUST02486,10,20,135803.29,22898.829999999998,13580.329000000002,Repeat Customer,3332,4,Low Value
CUST02487,11,18,157796.74,22643.82,14345.15818181818,Repeat Customer,2868,5,Low Value
CUST02488,10,20,169759.39,25029.93,16975.939000000002,Repeat Customer,2614,5,Low Value
CUST02489,5,7,94418.92,11749.2,18883.784,Repeat Customer,4173,2,Low Value
CUST02490,9,14,143200.3,9928.51,15911.144444444442,Repeat Customer,3170,4,Low Value
CUST02491,11,15,76124.75,12827.18,6920.431818181818,Repeat Customer,4495,2,Low Value
CUST02492,9,21,269026.87,9703.150000000001,29891.874444444446,Repeat Customer,1173,8,Medium Value
CUST02493,14,21,143726.83,28769.719999999998,10266.202142857142,Repeat Customer,3156,4,Low Value
CUST02494,7,17,207030.54,41676.07,29575.79142857143,Repeat Customer,1937,7,Medium Value
CUST02495,9,12,143284.17,20180.16,15920.463333333335,Repeat Customer,3168,4,Low Value
CUST02496,13,20,185280.93,33267.72,14252.379230769231,Repeat Customer,2324,6,Low Value
CUST02497,11,18,302716.95,34300.77,27519.72272727273,Repeat Customer,844,9,Medium Value
CUST02498,10,18,312371.05,43632.64,31237.105,Repeat Customer,758,9,Medium Value
CUST02499,6,9,51534.299999999996,6366.32,8589.05,Repeat Customer,4826,1,Low Value
CUST02500,9,19,311740.77,33345.259999999995,34637.863333333335,Repeat Customer,765,9,Medium Value
CUST02501,10,18,82731.4,12794.07,8273.14,Repeat Customer,4372,2,Low Value
CUST02502,12,25,305520.47,56407.899999999994,25460.039166666666,Repeat Customer,821,9,Medium Value
CUST02503,8,11,140245.72,23715.510000000002,17530.715,Repeat Customer,3232,4,Low Value
CUST02504,7,7,61146.299999999996,10609.16,8735.185714285713,Repeat Customer,4708,1,Low Value
CUST02505,8,14,92717.06,13475.59,11589.6325,Repeat Customer,4200,2,Low Value
CUST02506,11,17,94696.79000000001,12134.75,8608.799090909091,Repeat Customer,4166,2,Low Value
CUST02507,8,17,332188.27,27367.81,41523.53375,Repeat Customer,632,9,Medium Value
CUST02508,8,10,165487.38,42020.2,20685.9225,Repeat Customer,2703,5,Low Value
CUST02509,6,8,58384.47,7441.68,9730.745,Repeat Customer,4759,1,Low Value
CUST02510,9,11,111312.44,19629.46,12368.048888888889,Repeat Customer,3835,3,Low Value
CUST02511,7,11,76113.48000000001,6595.72,10873.354285714287,Repeat Customer,4496,2,Low Value
CUST02512,12,19,420744.88,83004.59,35062.073333333334,Repeat Customer,256,10,High Value
CUST02513,16,29,606754.53,79532.06,37922.158125,Repeat Customer,27,10,High Value
CUST02514,9,14,95393.47,13834.01,10599.274444444445,Repeat Customer,4152,2,Low Value
CUST02515,9,19,100225.76000000001,16519.85,11136.195555555556,Repeat Customer,4048,2,Low Value
CUST02516,2,2,27368.95,6544.19,13684.475,Repeat Customer,4968,1,Low Value
CUST02517,8,17,109770.06999999999,18235.33,13721.258749999999,Repeat Customer,3861,3,Low Value
CUST02518,8,14,146838.6,10034.06,18354.825,Repeat Customer,3089,4,Low Value
CUST02519,11,18,140587.3,22764.63,12780.663636363635,Repeat Customer,3223,4,Low Value
CUST02520,8,17,181581.34,31501.73,22697.6675,Repeat Customer,2397,6,Low Value
CUST02521,7,15,204132.52,37373.11,29161.78857142857,Repeat Customer,1976,7,Medium Value
CUST02522,7,10,124172.25,27005.42,17738.89285714286,Repeat Customer,3581,3,Low Value
CUST02523,8,16,173515.98,24245.23,21689.4975,Repeat Customer,2545,5,Low Value
CUST02524,9,14,182942.86000000002,18802.510000000002,20326.984444444446,Repeat Customer,2371,6,Low Value
CUST02525,7,14,385403.99,39259.4,55057.712857142855,Repeat Customer,379,10,High Value
CUST02526,6,15,181677.33000000002,27208.29,30279.555000000004,Repeat Customer,2395,6,Low Value
CUST02527,14,25,302408.13,58774.8,21600.580714285716,Repeat Customer,850,9,Medium Value
CUST02528,5,9,66316.98,14394.76,13263.395999999999,Repeat Customer,4646,1,Low Value
CUST02529,6,15,86938.3,13239.86,14489.716666666667,Repeat Customer,4302,2,Low Value
CUST02530,11,14,140951.42,25061.52,12813.765454545455,Repeat Customer,3214,4,Low Value
CUST02531,10,24,576253.94,37528.92,57625.39399999999,Repeat Customer,45,10,High Value
CUST02532,23,36,350876.31,53275.77,15255.491739130435,Repeat Customer,530,9,Medium Value
CUST02533,11,26,245704.41999999998,31328.62,22336.765454545453,Repeat Customer,1427,8,Medium Value
CUST02534,11,22,218548.56,35097.770000000004,19868.050909090907,Repeat Customer,1784,7,Medium Value
CUST02535,7,7,55710.35,7495.7699999999995,7958.621428571429,Repeat Customer,4790,1,Low Value
CUST02536,4,5,87688.58,14562.52,21922.145,Repeat Customer,4283,2,Low Value
CUST02537,8,15,63715.51,11623.93,7964.43875,Repeat Customer,4681,1,Low Value
CUST02538,5,10,53512.38,7333.54,10702.475999999999,Repeat Customer,4810,1,Low Value
CUST02539,13,19,180132.36,22750.89,13856.335384615384,Repeat Customer,2416,6,Low Value
CUST02540,15,20,169839.22,30388.74,11322.614666666666,Repeat Customer,2610,5,Low Value
CUST02541,7,10,123206.14,22419.67,17600.87714285714,Repeat Customer,3600,3,Low Value
CUST02542,7,12,137506.59,28252.81,19643.79857142857,Repeat Customer,3290,4,Low Value
CUST02543,9,15,192428.58,30463.01,21380.95333333333,Repeat Customer,2189,6,Low Value
CUST02544,11,18,220414.33,10939.23,20037.666363636363,Repeat Customer,1747,7,Medium Value
CUST02545,16,26,178693.19,32331.11,11168.324375,Repeat Customer,2457,6,Low Value
CUST02546,11,13,106261.56999999999,10776.68,9660.142727272727,Repeat Customer,3922,3,Low Value
CUST02547,8,12,196824.96,42246.600000000006,24603.12,Repeat Customer,2097,6,Low Value
CUST02548,9,14,70032.83,13586.13,7781.425555555556,Repeat Customer,4592,1,Low Value
CUST02549,11,12,102758.8,17810.0,9341.709090909091,Repeat Customer,3991,3,Low Value
CUST02550,10,16,309169.22,66363.25,30916.922,Repeat Customer,788,9,Medium Value
CUST02551,11,18,529034.96,46978.81,48094.08727272727,Repeat Customer,83,10,High Value
CUST02552,13,29,476255.18,75441.84,36635.013846153844,Repeat Customer,137,10,High Value
CUST02553,9,21,255144.0,63049.119999999995,28349.333333333332,Repeat Customer,1310,8,Medium Value
CUST02554,7,14,168979.02,38672.479999999996,24139.859999999997,Repeat Customer,2624,5,Low Value
CUST02555,9,15,175766.06,29990.170000000002,19529.562222222223,Repeat Customer,2502,5,Low Value
CUST02556,13,20,235280.09999999998,39261.36,18098.469230769228,Repeat Customer,1542,7,Medium Value
CUST02557,10,17,121330.61,18368.25,12133.061,Repeat Customer,3640,3,Low Value
CUST02558,8,10,106408.16,16347.61,13301.02,Repeat Customer,3918,3,Low Value
CUST02559,13,26,443532.4,92881.1,34117.876923076925,Repeat Customer,190,10,High Value
CUST02560,10,20,118065.67,19822.670000000002,11806.567,Repeat Customer,3702,3,Low Value
CUST02561,5,8,71984.44,11124.34,14396.888,Repeat Customer,4565,1,Low Value
CUST02562,10,13,119884.88,22997.1,11988.488000000001,Repeat Customer,3665,3,Low Value
CUST02563,9,10,108366.51,24894.89,12040.723333333333,Repeat Customer,3883,3,Low Value
CUST02564,8,15,417702.02,74745.23999999999,52212.7525,Repeat Customer,268,10,High Value
CUST02565,12,24,272975.42,52401.28,22747.951666666664,Repeat Customer,1127,8,Medium Value
CUST02566,7,14,102698.75,12564.93,14671.25,Repeat Customer,3993,3,Low Value
CUST02567,7,12,79275.81,11627.28,11325.115714285714,Repeat Customer,4440,2,Low Value
CUST02568,11,15,143061.88999999998,28630.739999999998,13005.626363636362,Repeat Customer,3171,4,Low Value
CUST02569,8,12,132321.23,29856.97,16540.15375,Repeat Customer,3416,4,Low Value
CUST02570,7,8,68771.3,5520.44,9824.471428571429,Repeat Customer,4614,1,Low Value
CUST02571,9,17,183009.06,29127.71,20334.34,Repeat Customer,2369,6,Low Value
CUST02572,10,17,218931.34,35317.82,21893.134,Repeat Customer,1773,7,Medium Value
CUST02573,12,20,279584.21,56687.829999999994,23298.68416666667,Repeat Customer,1056,8,Medium Value
CUST02574,9,14,262617.44999999995,64051.07,29179.71666666666,Repeat Customer,1232,8,Medium Value
CUST02575,11,20,84063.06999999999,13774.28,7642.097272727272,Repeat Customer,4345,2,Low Value
CUST02576,6,6,88306.37,15542.41,14717.728333333333,Repeat Customer,4273,2,Low Value
CUST02577,11,28,203618.89,30678.35,18510.80818181818,Repeat Customer,1988,7,Medium Value
CUST02578,13,22,133471.07,25165.67,10267.005384615386,Repeat Customer,3393,4,Low Value
CUST02579,8,14,198843.85,38140.85,24855.48125,Repeat Customer,2063,6,Low Value
CUST02580,10,17,140188.2,29770.87,14018.820000000002,Repeat Customer,3235,4,Low Value
CUST02581,4,9,95871.19,13781.83,23967.7975,Repeat Customer,4143,2,Low Value
CUST02582,15,17,219354.12,16452.28,14623.608,Repeat Customer,1765,7,Medium Value
CUST02583,9,16,137326.65,28619.0,15258.516666666666,Repeat Customer,3293,4,Low Value
CUST02584,8,12,106851.73000000001,17736.93,13356.466250000001,Repeat Customer,3911,3,Low Value
CUST02585,8,14,109844.13,18799.38,13730.51625,Repeat Customer,3857,3,Low Value
CUST02586,15,33,291318.4,61971.64,19421.22666666667,Repeat Customer,948,9,Medium Value
CUST02587,12,23,446748.51,57316.32,37229.0425,Repeat Customer,182,10,High Value
CUST02588,9,13,110509.2,28438.79,12278.8,Repeat Customer,3850,3,Low Value
CUST02589,14,20,328488.9,58881.76,23463.492857142857,Repeat Customer,656,9,Medium Value
CUST02590,9,9,76711.08,9742.33,8523.453333333333,Repeat Customer,4483,2,Low Value
CUST02591,6,10,126053.01999999999,17384.21,21008.836666666666,Repeat Customer,3545,3,Low Value
CUST02592,15,27,355132.38,66881.85,23675.492000000002,Repeat Customer,507,9,Medium Value
CUST02593,13,33,177346.02,37449.88,13642.001538461538,Repeat Customer,2475,6,Low Value
CUST02594,11,18,104742.65,4564.290000000001,9522.05909090909,Repeat Customer,3952,3,Low Value
CUST02595,7,18,134149.02,17866.739999999998,19164.145714285714,Repeat Customer,3380,4,Low Value
CUST02596,12,18,102398.13,19837.25,8533.1775,Repeat Customer,4001,2,Low Value
CUST02597,7,16,159013.4,30677.74,22716.2,Repeat Customer,2835,5,Low Value
CUST02598,15,26,297352.01,67402.82,19823.467333333334,Repeat Customer,894,9,Medium Value
CUST02599,11,24,310026.27,31125.28,28184.206363636364,Repeat Customer,777,9,Medium Value
CUST02600,7,16,134721.77,23396.989999999998,19245.967142857142,Repeat Customer,3367,4,Low Value
CUST02601,12,23,477921.22000000003,72095.54,39826.76833333333,Repeat Customer,134,10,High Value
CUST02602,15,33,267035.26,42014.7,17802.35066666667,Repeat Customer,1190,8,Medium Value
CUST02603,13,22,186660.29,31071.16,14358.483846153847,Repeat Customer,2297,6,Low Value
CUST02604,8,16,226828.94,37483.37,28353.6175,Repeat Customer,1661,7,Medium Value
CUST02605,16,29,231634.69,30776.35,14477.168125,Repeat Customer,1591,7,Medium Value
CUST02606,12,22,299793.11,54044.89,24982.759166666667,Repeat Customer,874,9,Medium Value
CUST02607,10,18,300216.08,60053.799999999996,30021.608,Repeat Customer,871,9,Medium Value
CUST02608,11,23,341543.17000000004,64197.43,31049.379090909093,Repeat Customer,576,9,Medium Value
CUST02609,6,14,113735.32,13253.619999999999,18955.88666666667,Repeat Customer,3787,3,Low Value
CUST02610,6,14,188372.38,40940.59,31395.396666666667,Repeat Customer,2257,6,Low Value
CUST02611,9,16,103450.29000000001,20665.2,11494.476666666667,Repeat Customer,3981,3,Low Value
CUST02612,10,20,389606.43,72475.45999999999,38960.643,Repeat Customer,366,10,High Value
CUST02613,3,7,101533.01000000001,19867.3,33844.33666666667,Repeat Customer,4024,2,Low Value
CUST02614,8,12,146261.62,23266.44,18282.7025,Repeat Customer,3094,4,Low Value
CUST02615,11,18,239678.15,46844.729999999996,21788.922727272726,Repeat Customer,1487,8,Medium Value
CUST02616,12,18,203195.28,35319.94,16932.94,Repeat Customer,1997,7,Medium Value
CUST02617,7,9,123646.5,27979.8,17663.785714285714,Repeat Customer,3591,3,Low Value
CUST02618,8,18,292084.1,48302.05,36510.5125,Repeat Customer,938,9,Medium Value
CUST02619,7,11,66434.28,12087.64,9490.611428571428,Repeat Customer,4645,1,Low Value
CUST02620,10,16,224206.03,24288.37,22420.603,Repeat Customer,1685,7,Medium Value
CUST02621,11,21,374177.05,36759.090000000004,34016.09545454545,Repeat Customer,421,10,High Value
CUST02622,10,16,123531.21,11946.73,12353.121000000001,Repeat Customer,3594,3,Low Value
CUST02623,16,32,322849.89,63643.219999999994,20178.118125,Repeat Customer,690,9,Medium Value
CUST02624,7,8,161432.6,33366.04,23061.8,Repeat Customer,2776,5,Low Value
CUST02625,12,23,339495.12,79953.28,28291.26,Repeat Customer,582,9,Medium Value
CUST02626,11,25,286754.62,38455.76,26068.601818181818,Repeat Customer,992,9,Medium Value
CUST02627,15,28,199532.38999999998,37061.88,13302.159333333333,Repeat Customer,2050,6,Low Value
CUST02628,10,14,131469.44,15653.59,13146.944,Repeat Customer,3436,4,Low Value
CUST02629,13,29,141854.9,14511.189999999999,10911.915384615384,Repeat Customer,3193,4,Low Value
CUST02630,6,14,152506.88,26558.25,25417.813333333335,Repeat Customer,2971,5,Low Value
CUST02631,10,19,195025.16,34977.990000000005,19502.516,Repeat Customer,2136,6,Low Value
CUST02632,8,10,76556.22,13855.98,9569.5275,Repeat Customer,4487,2,Low Value
CUST02633,15,23,212695.36,35457.12,14179.690666666665,Repeat Customer,1857,7,Medium Value
CUST02634,8,18,255166.08000000002,46684.99,31895.760000000002,Repeat Customer,1309,8,Medium Value
CUST02635,9,15,165920.85,27142.25,18435.65,Repeat Customer,2688,5,Low Value
CUST02636,9,12,184130.52,25720.739999999998,20458.946666666667,Repeat Customer,2350,6,Low Value
CUST02637,11,15,209441.65999999997,33822.59,19040.150909090906,Repeat Customer,1903,7,Medium Value
CUST02638,9,12,82619.66,17993.789999999997,9179.962222222222,Repeat Customer,4376,2,Low Value
CUST02639,11,20,318168.17,44917.530000000006,28924.37909090909,Repeat Customer,718,9,Medium Value
CUST02640,10,21,283712.56,19823.83,28371.256,Repeat Customer,1019,8,Medium Value
CUST02641,11,15,280996.58999999997,45490.1,25545.144545454543,Repeat Customer,1043,8,Medium Value
CUST02642,15,22,107836.2,8723.84,7189.08,Repeat Customer,3893,3,Low Value
CUST02643,10,13,206873.48,35305.549999999996,20687.348,Repeat Customer,1939,7,Medium Value
CUST02644,10,19,106298.29000000001,16482.52,10629.829000000002,Repeat Customer,3920,3,Low Value
CUST02645,9,18,135871.62,26040.239999999998,15096.846666666666,Repeat Customer,3330,4,Low Value
CUST02646,14,22,243911.71,33453.76,17422.265,Repeat Customer,1446,8,Medium Value
CUST02647,10,24,260868.87,29647.56,26086.887,Repeat Customer,1250,8,Medium Value
CUST02648,16,29,287084.99,37499.020000000004,17942.811875,Repeat Customer,987,9,Medium Value
CUST02649,13,26,272877.77,33177.94,20990.597692307692,Repeat Customer,1128,8,Medium Value
CUST02650,11,17,180670.31,30190.07,16424.573636363635,Repeat Customer,2413,6,Low Value
CUST02651,8,12,136397.56,26597.379999999997,17049.695,Repeat Customer,3321,4,Low Value
CUST02652,13,19,223324.37,37188.17,17178.797692307693,Repeat Customer,1699,7,Medium Value
CUST02653,8,9,78364.59,12109.35,9795.57375,Repeat Customer,4456,2,Low Value
CUST02654,13,27,417784.65,78581.57,32137.280769230772,Repeat Customer,267,10,High Value
CUST02655,12,20,440527.78,65781.25,36710.64833333334,Repeat Customer,201,10,High Value
CUST02656,10,14,148336.36,22106.89,14833.635999999999,Repeat Customer,3055,4,Low Value
CUST02657,12,21,317527.55,56454.96,26460.629166666666,Repeat Customer,726,9,Medium Value
CUST02658,10,21,161367.66,15278.6,16136.766,Repeat Customer,2778,5,Low Value
CUST02659,10,16,132721.41,25959.710000000003,13272.141,Repeat Customer,3411,4,Low Value
CUST02660,9,19,136496.11000000002,30638.3,15166.234444444446,Repeat Customer,3318,4,Low Value
CUST02661,7,9,72645.95,15127.91,10377.992857142857,Repeat Customer,4554,1,Low Value
CUST02662,14,19,185482.14,38107.6,13248.724285714286,Repeat Customer,2317,6,Low Value
CUST02663,7,12,47946.86,5646.75,6849.551428571429,Repeat Customer,4851,1,Low Value
CUST02664,6,8,58454.83,6953.1,9742.471666666666,Repeat Customer,4757,1,Low Value
CUST02665,12,16,165925.71,33828.21,13827.1425,Repeat Customer,2687,5,Low Value
CUST02666,14,19,247347.45,40327.770000000004,17667.675,Repeat Customer,1408,8,Medium Value
CUST02667,10,14,127412.16,17419.5,12741.216,Repeat Customer,3525,3,Low Value
CUST02668,10,14,174591.13,36217.22,17459.113,Repeat Customer,2525,5,Low Value
CUST02669,12,20,403781.57,78618.03,33648.464166666665,Repeat Customer,315,10,High Value
CUST02670,3,3,18654.93,4278.21,6218.31,Repeat Customer,4986,1,Low Value
CUST02671,15,20,177436.82,22043.41,11829.121333333334,Repeat Customer,2472,6,Low Value
CUST02672,11,16,236416.41999999998,31114.55,21492.401818181817,Repeat Customer,1530,7,Medium Value
CUST02673,12,22,194624.22,30074.92,16218.685,Repeat Customer,2141,6,Low Value
CUST02674,14,28,345824.8,41770.22,24701.77142857143,Repeat Customer,552,9,Medium Value
CUST02675,10,16,203335.8,36829.31,20333.579999999998,Repeat Customer,1995,7,Medium Value
CUST02676,10,25,185041.3,21906.78,18504.129999999997,Repeat Customer,2329,6,Low Value
CUST02677,8,13,252998.08,39696.090000000004,31624.76,Repeat Customer,1335,8,Medium Value
CUST02678,2,5,27550.739999999998,6836.54,13775.369999999999,Repeat Customer,4967,1,Low Value
CUST02679,15,21,364578.45,56632.15,24305.23,Repeat Customer,466,10,High Value
CUST02680,9,18,379555.43,83915.62,42172.82555555555,Repeat Customer,398,10,High Value
CUST02681,11,15,82879.12,15793.599999999999,7534.465454545454,Repeat Customer,4368,2,Low Value
CUST02682,14,26,252798.78,36488.34,18057.055714285714,Repeat Customer,1342,8,Medium Value
CUST02683,5,8,51789.97,6749.7,10357.994,Repeat Customer,4823,1,Low Value
CUST02684,15,25,288175.82,38775.23,19211.721333333335,Repeat Customer,980,9,Medium Value
CUST02685,13,19,275864.14,56013.36,21220.318461538463,Repeat Customer,1101,8,Medium Value
CUST02686,13,34,273554.46,33573.0,21042.65076923077,Repeat Customer,1121,8,Medium Value
CUST02687,9,17,180094.12,35070.369999999995,20010.457777777778,Repeat Customer,2417,6,Low Value
CUST02688,8,11,177203.32,23418.2,22150.415,Repeat Customer,2484,6,Low Value
CUST02689,13,26,193816.37,29153.73,14908.951538461539,Repeat Customer,2160,6,Low Value
CUST02690,8,12,163516.33,35150.04,20439.54125,Repeat Customer,2743,5,Low Value
CUST02691,10,17,380402.11,67366.7,38040.210999999996,Repeat Customer,394,10,High Value
CUST02692,10,15,181555.78,23355.14,18155.578,Repeat Customer,2399,6,Low Value
CUST02693,6,12,130369.71000000002,19160.329999999998,21728.285000000003,Repeat Customer,3463,4,Low Value
CUST02694,11,13,103649.15000000001,13359.21,9422.650000000001,Repeat Customer,3975,3,Low Value
CUST02695,9,20,231686.67,44494.72,25742.963333333333,Repeat Customer,1589,7,Medium Value
CUST02696,4,8,100418.84,17887.3,25104.71,Repeat Customer,4041,2,Low Value
CUST02697,16,23,331897.88,36775.87,20743.6175,Repeat Customer,634,9,Medium Value
CUST02698,4,8,40337.32,5814.53,10084.33,Repeat Customer,4904,1,Low Value
CUST02699,12,20,135568.7,20633.53,11297.391666666668,Repeat Customer,3338,4,Low Value
CUST02700,8,14,167602.30000000002,16275.55,20950.287500000002,Repeat Customer,2650,5,Low Value
CUST02701,12,21,214010.71,32038.239999999998,17834.225833333334,Repeat Customer,1843,7,Medium Value
CUST02702,6,8,87555.07,12161.140000000001,14592.511666666667,Repeat Customer,4287,2,Low Value
CUST02703,9,20,259101.05,27313.72,28789.005555555555,Repeat Customer,1270,8,Medium Value
CUST02704,12,19,182616.73,26080.09,15218.060833333335,Repeat Customer,2378,6,Low Value
CUST02705,6,9,115788.43999999999,4230.289999999999,19298.07333333333,Repeat Customer,3744,3,Low Value
CUST02706,9,14,105590.5,22301.49,11732.277777777777,Repeat Customer,3934,3,Low Value
CUST02707,5,9,72788.81,6196.95,14557.761999999999,Repeat Customer,4551,1,Low Value
CUST02708,10,20,92608.4,12231.62,9260.84,Repeat Customer,4203,2,Low Value
CUST02709,10,21,292976.38,59413.46000000001,29297.638,Repeat Customer,929,9,Medium Value
CUST02710,9,12,187661.51,28730.39,20851.27888888889,Repeat Customer,2275,6,Low Value
CUST02711,14,17,142117.21,13061.27,10151.229285714286,Repeat Customer,3187,4,Low Value
CUST02712,11,21,402461.08999999997,90007.51,36587.37181818182,Repeat Customer,320,10,High Value
CUST02713,11,18,221537.82,27380.73,20139.80181818182,Repeat Customer,1730,7,Medium Value
CUST02714,6,9,95417.26000000001,9472.7,15902.876666666669,Repeat Customer,4151,2,Low Value
CUST02715,8,15,159563.2,24323.34,19945.4,Repeat Customer,2822,5,Low Value
CUST02716,8,11,160687.21,21196.58,20085.90125,Repeat Customer,2797,5,Low Value
CUST02717,10,14,118678.98999999999,13359.72,11867.899,Repeat Customer,3690,3,Low Value
CUST02718,11,18,226218.61,41413.69,20565.328181818182,Repeat Customer,1664,7,Medium Value
CUST02719,10,18,130674.59,23512.68,13067.458999999999,Repeat Customer,3458,4,Low Value
CUST02720,10,13,100154.89,15621.109999999999,10015.489,Repeat Customer,4049,2,Low Value
CUST02721,14,22,251472.37,52415.35,17962.312142857143,Repeat Customer,1365,8,Medium Value
CUST02722,7,9,89157.35,15011.99,12736.764285714287,Repeat Customer,4263,2,Low Value
CUST02723,6,14,84746.17,10625.779999999999,14124.361666666666,Repeat Customer,4336,2,Low Value
CUST02724,11,18,151285.86,17543.4,13753.259999999998,Repeat Customer,2989,5,Low Value
CUST02725,8,14,64384.51,9820.61,8048.06375,Repeat Customer,4672,1,Low Value
CUST02726,7,14,185766.98,37015.97,26538.140000000003,Repeat Customer,2312,6,Low Value
CUST02727,11,19,390008.41000000003,51249.07000000001,35455.310000000005,Repeat Customer,363,10,High Value
CUST02728,11,21,98834.48,12560.32,8984.952727272726,Repeat Customer,4079,2,Low Value
CUST02729,9,15,228269.96,24746.52,25363.32888888889,Repeat Customer,1642,7,Medium Value
CUST02730,7,9,89841.53,13649.42,12834.504285714285,Repeat Customer,4256,2,Low Value
CUST02731,6,7,85072.39,12078.640000000001,14178.731666666667,Repeat Customer,4329,2,Low Value
CUST02732,9,14,161020.06,12683.48,17891.117777777778,Repeat Customer,2790,5,Low Value
CUST02733,6,7,63529.45,11983.54,10588.241666666667,Repeat Customer,4687,1,Low Value
CUST02734,3,3,30162.47,7500.549999999999,10054.156666666668,Repeat Customer,4954,1,Low Value
CUST02735,13,25,163397.35,27594.08,12569.026923076923,Repeat Customer,2744,5,Low Value
CUST02736,8,16,91553.59,12163.800000000001,11444.19875,Repeat Customer,4225,2,Low Value
CUST02737,9,14,121734.76,18967.38,13526.084444444445,Repeat Customer,3631,3,Low Value
CUST02738,10,14,254719.01,44385.69,25471.901,Repeat Customer,1317,8,Medium Value
CUST02739,9,12,86904.99,15240.060000000001,9656.11,Repeat Customer,4303,2,Low Value
CUST02740,13,23,159967.22999999998,24268.31,12305.171538461536,Repeat Customer,2815,5,Low Value
CUST02741,10,16,51513.09,7465.78,5151.308999999999,Repeat Customer,4827,1,Low Value
CUST02742,8,14,106159.34,15804.89,13269.9175,Repeat Customer,3924,3,Low Value
CUST02743,7,9,101568.87999999999,10520.84,14509.839999999998,Repeat Customer,4023,2,Low Value
CUST02744,7,10,100285.28,16224.7,14326.468571428572,Repeat Customer,4045,2,Low Value
CUST02745,8,13,213087.41,34772.72,26635.92625,Repeat Customer,1853,7,Medium Value
CUST02746,13,21,117240.49,18244.37,9018.499230769232,Repeat Customer,3716,3,Low Value
CUST02747,10,16,104878.34,14788.74,10487.833999999999,Repeat Customer,3950,3,Low Value
CUST02748,18,26,347760.67,45367.91,19320.03722222222,Repeat Customer,544,9,Medium Value
CUST02749,5,8,46378.39,5069.32,9275.678,Repeat Customer,4862,1,Low Value
CUST02750,15,20,116281.87,19659.8,7752.124666666667,Repeat Customer,3732,3,Low Value
CUST02751,11,12,94534.71,14209.42,8594.064545454547,Repeat Customer,4169,2,Low Value
CUST02752,11,15,60003.9,11571.47,5454.900000000001,Repeat Customer,4731,1,Low Value
CUST02753,6,11,129904.16,21204.32,21650.693333333333,Repeat Customer,3469,4,Low Value
CUST02754,6,11,47920.65,5792.67,7986.775000000001,Repeat Customer,4852,1,Low Value
CUST02755,14,23,229904.29,37701.1,16421.735,Repeat Customer,1616,7,Medium Value
CUST02756,16,22,252489.79,43165.49,15780.611875,Repeat Customer,1346,8,Medium Value
CUST02757,12,19,122055.01999999999,14241.470000000001,10171.251666666665,Repeat Customer,3625,3,Low Value
CUST02758,4,7,46544.29,10007.24,11636.0725,Repeat Customer,4860,1,Low Value
CUST02759,15,33,158063.92,22627.54,10537.594666666668,Repeat Customer,2862,5,Low Value
CUST02760,7,11,176836.05,22423.11,25262.292857142857,Repeat Customer,2489,6,Low Value
CUST02761,10,18,285851.04,53912.58,28585.104,Repeat Customer,1002,8,Medium Value
CUST02762,7,10,91898.35,17466.530000000002,13128.335714285715,Repeat Customer,4219,2,Low Value
CUST02763,10,19,138836.61,22655.39,13883.660999999998,Repeat Customer,3263,4,Low Value
CUST02764,9,12,196758.1,30842.329999999998,21862.01111111111,Repeat Customer,2098,6,Low Value
CUST02765,18,23,286675.05,35858.1,15926.391666666666,Repeat Customer,994,9,Medium Value
CUST02766,9,19,302499.74,36076.33,33611.08222222222,Repeat Customer,848,9,Medium Value
CUST02767,5,5,58599.829999999994,6823.280000000001,11719.965999999999,Repeat Customer,4753,1,Low Value
CUST02768,8,14,116166.87,17951.61,14520.85875,Repeat Customer,3733,3,Low Value
CUST02769,6,6,19564.7,3178.59,3260.7833333333333,Repeat Customer,4985,1,Low Value
CUST02770,10,20,58433.869999999995,10951.24,5843.387,Repeat Customer,4758,1,Low Value
CUST02771,14,22,426615.27,63971.6,30472.519285714287,Repeat Customer,238,10,High Value
CUST02772,13,26,417785.97000000003,49750.44,32137.38230769231,Repeat Customer,266,10,High Value
CUST02773,7,7,68976.63,9115.68,9853.804285714286,Repeat Customer,4609,1,Low Value
CUST02774,15,24,170862.65,22039.17,11390.843333333332,Repeat Customer,2586,5,Low Value
CUST02775,15,23,260118.13999999998,51589.89,17341.209333333332,Repeat Customer,1262,8,Medium Value
CUST02776,10,19,225128.54,25147.3,22512.854,Repeat Customer,1682,7,Medium Value
CUST02777,11,19,155671.33000000002,26822.76,14151.939090909093,Repeat Customer,2901,5,Low Value
CUST02778,11,20,314337.38,47653.979999999996,28576.125454545454,Repeat Customer,742,9,Medium Value
CUST02779,5,10,43539.81,54.44999999999989,8707.962,Repeat Customer,4883,1,Low Value
CUST02780,7,10,71026.28,14947.240000000002,10146.611428571428,Repeat Customer,4579,1,Low Value
CUST02781,13,22,378799.35,46631.47,29138.411538461536,Repeat Customer,404,10,High Value
CUST02782,17,32,597652.05,35147.2,35156.00294117647,Repeat Customer,30,10,High Value
CUST02783,13,20,191069.48,39640.89,14697.652307692308,Repeat Customer,2212,6,Low Value
CUST02784,10,14,167489.42,25290.55,16748.942000000003,Repeat Customer,2655,5,Low Value
CUST02785,13,23,288696.26,32513.18,22207.404615384618,Repeat Customer,973,9,Medium Value
CUST02786,7,10,73549.89,10635.0,10507.127142857144,Repeat Customer,4541,1,Low Value
CUST02787,9,13,142517.72,8877.58,15835.302222222223,Repeat Customer,3178,4,Low Value
CUST02788,11,20,114838.03,23962.989999999998,10439.82090909091,Repeat Customer,3762,3,Low Value
CUST02789,10,18,153230.25,27977.58,15323.025,Repeat Customer,2952,5,Low Value
CUST02790,8,10,90791.28,11326.05,11348.91,Repeat Customer,4238,2,Low Value
CUST02791,8,15,83938.29,13348.52,10492.28625,Repeat Customer,4347,2,Low Value
CUST02792,7,16,157359.85,30420.07,22479.97857142857,Repeat Customer,2875,5,Low Value
CUST02793,10,18,129405.69,21670.36,12940.569,Repeat Customer,3481,4,Low Value
CUST02794,11,27,257723.94,42454.17,23429.449090909093,Repeat Customer,1280,8,Medium Value
CUST02795,5,6,63635.24,11835.15,12727.047999999999,Repeat Customer,4684,1,Low Value
CUST02796,7,11,83370.22,10712.0,11910.031428571428,Repeat Customer,4359,2,Low Value
CUST02797,5,11,185557.34,41411.64,37111.468,Repeat Customer,2315,6,Low Value
CUST02798,11,17,92976.24,11594.75,8452.385454545454,Repeat Customer,4197,2,Low Value
CUST02799,9,12,148484.37,21641.07,16498.263333333332,Repeat Customer,3046,4,Low Value
CUST02800,8,16,104590.70999999999,20118.89,13073.838749999999,Repeat Customer,3954,3,Low Value
CUST02801,5,7,52930.69,10642.57,10586.138,Repeat Customer,4816,1,Low Value
CUST02802,7,10,298330.56,38133.95,42618.65142857143,Repeat Customer,886,9,Medium Value
CUST02803,11,21,299668.4,39216.96,27242.58181818182,Repeat Customer,876,9,Medium Value
CUST02804,10,17,129317.89,14655.85,12931.789,Repeat Customer,3483,4,Low Value
CUST02805,16,25,238756.21,36426.58,14922.263125,Repeat Customer,1497,8,Medium Value
CUST02806,13,17,197458.26,40581.58,15189.096923076924,Repeat Customer,2089,6,Low Value
CUST02807,7,9,81367.03,12073.34,11623.861428571428,Repeat Customer,4391,2,Low Value
CUST02808,9,14,99293.84,15290.9,11032.648888888889,Repeat Customer,4070,2,Low Value
CUST02809,8,13,144418.9,16869.620000000003,18052.3625,Repeat Customer,3137,4,Low Value
CUST02810,11,16,115025.93000000001,20561.539999999997,10456.902727272727,Repeat Customer,3757,3,Low Value
CUST02811,9,14,68830.7,8115.29,7647.855555555555,Repeat Customer,4612,1,Low Value
CUST02812,7,10,90709.71,17133.399999999998,12958.53,Repeat Customer,4240,2,Low Value
CUST02813,9,19,285522.41000000003,60256.02,31724.712222222224,Repeat Customer,1003,8,Medium Value
CUST02814,10,22,179584.41999999998,32659.52,17958.442,Repeat Customer,2433,6,Low Value
CUST02815,10,19,267838.54,16190.400000000001,26783.854,Repeat Customer,1185,8,Medium Value
CUST02816,9,14,73638.03,11244.48,8182.003333333333,Repeat Customer,4539,1,Low Value
CUST02817,15,25,238220.74,39656.52,15881.382666666666,Repeat Customer,1505,7,Medium Value
CUST02818,5,7,54582.72,8976.849999999999,10916.544,Repeat Customer,4801,1,Low Value
CUST02819,8,11,78330.43000000001,14061.88,9791.303750000001,Repeat Customer,4457,2,Low Value
CUST02820,8,15,274483.83999999997,12131.92,34310.479999999996,Repeat Customer,1111,8,Medium Value
CUST02821,12,15,194270.68,34862.65,16189.223333333333,Repeat Customer,2151,6,Low Value
CUST02822,9,10,86304.54000000001,6901.0599999999995,9589.393333333333,Repeat Customer,4314,2,Low Value
CUST02823,12,18,193376.1,23395.52,16114.675000000001,Repeat Customer,2171,6,Low Value
CUST02824,12,16,116562.56,16550.72,9713.546666666667,Repeat Customer,3726,3,Low Value
CUST02825,10,19,187357.88,34313.11,18735.788,Repeat Customer,2282,6,Low Value
CUST02826,11,16,96382.59,17257.27,8762.053636363637,Repeat Customer,4135,2,Low Value
CUST02827,9,17,112861.93999999999,17178.37,12540.215555555555,Repeat Customer,3804,3,Low Value
CUST02828,10,22,206652.9,44670.89,20665.29,Repeat Customer,1944,7,Medium Value
CUST02829,10,23,164106.16999999998,21213.850000000002,16410.617,Repeat Customer,2727,5,Low Value
CUST02830,15,25,248751.01,31585.09,16583.40066666667,Repeat Customer,1391,8,Medium Value
CUST02831,9,17,236832.1,40668.68,26314.67777777778,Repeat Customer,1526,7,Medium Value
CUST02832,8,15,289840.54,60308.82,36230.0675,Repeat Customer,965,9,Medium Value
CUST02833,8,11,81985.49,12784.94,10248.18625,Repeat Customer,4385,2,Low Value
CUST02834,10,21,491795.51999999996,102114.52,49179.551999999996,Repeat Customer,117,10,High Value
CUST02835,8,12,153643.1,17450.23,19205.3875,Repeat Customer,2939,5,Low Value
CUST02836,14,27,401736.04,27966.91,28695.431428571428,Repeat Customer,325,10,High Value
CUST02837,8,15,121188.05,15611.66,15148.50625,Repeat Customer,3642,3,Low Value
CUST02838,11,17,194498.51,29334.27,17681.682727272728,Repeat Customer,2145,6,Low Value
CUST02839,14,26,235898.43,33409.16,16849.887857142858,Repeat Customer,1536,7,Medium Value
CUST02840,13,27,163700.54,28040.24,12592.349230769232,Repeat Customer,2739,5,Low Value
CUST02841,8,16,221909.35,52719.64,27738.66875,Repeat Customer,1724,7,Medium Value
CUST02842,6,14,78783.04,13994.52,13130.506666666666,Repeat Customer,4448,2,Low Value
CUST02843,14,17,226549.19,28816.09,16182.085000000001,Repeat Customer,1663,7,Medium Value
CUST02844,10,27,269391.58,41095.35,26939.158000000003,Repeat Customer,1167,8,Medium Value
CUST02845,11,23,274202.81,61549.840000000004,24927.528181818183,Repeat Customer,1114,8,Medium Value
CUST02846,9,12,147880.51,18216.82,16431.16777777778,Repeat Customer,3070,4,Low Value
CUST02847,8,11,113727.03,11014.45,14215.87875,Repeat Customer,3788,3,Low Value
CUST02848,10,21,276762.91000000003,49858.79,27676.291000000005,Repeat Customer,1089,8,Medium Value
CUST02849,12,16,256369.29,43147.61,21364.107500000002,Repeat Customer,1296,8,Medium Value
CUST02850,8,12,168916.8,26247.56,21114.6,Repeat Customer,2626,5,Low Value
CUST02851,12,18,184141.71,30231.32,15345.1425,Repeat Customer,2349,6,Low Value
CUST02852,10,20,216856.08,23410.45,21685.608,Repeat Customer,1809,7,Medium Value
CUST02853,7,9,92602.17,16353.77,13228.881428571429,Repeat Customer,4204,2,Low Value
CUST02854,15,27,296851.52,28998.09,19790.101333333336,Repeat Customer,899,9,Medium Value
CUST02855,13,23,92549.09,17925.87,7119.160769230769,Repeat Customer,4208,2,Low Value
CUST02856,14,25,294293.6,40298.66,21020.971428571425,Repeat Customer,918,9,Medium Value
CUST02857,10,17,114988.81999999999,10044.720000000001,11498.882,Repeat Customer,3758,3,Low Value
CUST02858,7,9,145507.74000000002,29616.3,20786.820000000003,Repeat Customer,3118,4,Low Value
CUST02859,10,12,113706.86,14778.859999999999,11370.686,Repeat Customer,3789,3,Low Value
CUST02860,12,24,529958.94,57336.990000000005,44163.244999999995,Repeat Customer,81,10,High Value
CUST02861,11,13,68002.08,14059.73,6182.007272727273,Repeat Customer,4629,1,Low Value
CUST02862,15,21,79503.06,14140.37,5300.204,Repeat Customer,4435,2,Low Value
CUST02863,7,18,475381.45,52816.880000000005,67911.63571428572,Repeat Customer,139,10,High Value
CUST02864,9,15,122028.48999999999,18891.940000000002,13558.72111111111,Repeat Customer,3627,3,Low Value
CUST02865,12,26,193008.38,25708.5,16084.031666666668,Repeat Customer,2180,6,Low Value
CUST02866,8,12,53403.33,10394.4,6675.41625,Repeat Customer,4811,1,Low Value
CUST02867,10,14,139080.77,18891.739999999998,13908.077,Repeat Customer,3258,4,Low Value
CUST02868,9,14,122732.14,18312.59,13636.904444444444,Repeat Customer,3609,3,Low Value
CUST02869,4,6,104485.45,21904.34,26121.3625,Repeat Customer,3957,3,Low Value
CUST02870,12,15,156978.26,16521.09,13081.521666666667,Repeat Customer,2878,5,Low Value
CUST02871,15,21,177238.64,28324.32,11815.909333333335,Repeat Customer,2482,6,Low Value
CUST02872,16,28,490891.78,86686.05,30680.73625,Repeat Customer,118,10,High Value
CUST02873,7,10,124453.79,19165.09,17779.112857142856,Repeat Customer,3577,3,Low Value
CUST02874,11,18,143349.21,20062.03,13031.746363636363,Repeat Customer,3166,4,Low Value
CUST02875,7,15,96705.31,17785.829999999998,13815.044285714286,Repeat Customer,4127,2,Low Value
CUST02876,14,24,131626.87,16816.37,9401.919285714286,Repeat Customer,3432,4,Low Value
CUST02877,11,21,119231.48999999999,13780.350000000002,10839.226363636362,Repeat Customer,3680,3,Low Value
CUST02878,14,19,239549.09,40935.48,17110.649285714284,Repeat Customer,1490,8,Medium Value
CUST02879,6,15,177257.16,33123.12,29542.86,Repeat Customer,2479,6,Low Value
CUST02880,12,18,228303.28,50969.880000000005,19025.273333333334,Repeat Customer,1641,7,Medium Value
CUST02881,9,14,142170.72999999998,22488.21,15796.747777777775,Repeat Customer,3186,4,Low Value
CUST02882,9,14,145114.27,20880.690000000002,16123.807777777776,Repeat Customer,3124,4,Low Value
CUST02883,9,11,95944.45,12309.3,10660.494444444445,Repeat Customer,4142,2,Low Value
CUST02884,10,17,252975.38,51389.25,25297.538,Repeat Customer,1336,8,Medium Value
CUST02885,12,24,125461.7,20278.13,10455.141666666666,Repeat Customer,3557,3,Low Value
CUST02886,11,32,858541.07,146494.6,78049.18818181817,Repeat Customer,2,10,High Value
CUST02887,9,11,101316.67,24259.67,11257.407777777778,Repeat Customer,4029,2,Low Value
CUST02888,15,25,429079.11,53602.83,28605.273999999998,Repeat Customer,226,10,High Value
CUST02889,10,19,406890.65,56257.869999999995,40689.065,Repeat Customer,301,10,High Value
CUST02890,12,15,63915.3,11779.59,5326.275000000001,Repeat Customer,4678,1,Low Value
CUST02891,14,30,338087.15,74162.14,24149.082142857143,Repeat Customer,590,9,Medium Value
CUST02892,10,16,135320.47,23632.870000000003,13532.047,Repeat Customer,3348,4,Low Value
CUST02893,5,7,78663.63,9638.23,15732.726,Repeat Customer,4450,2,Low Value
CUST02894,17,30,397357.93,73500.62,23373.99588235294,Repeat Customer,339,10,High Value
CUST02895,12,25,237024.42,55929.01,19752.035,Repeat Customer,1523,7,Medium Value
CUST02896,12,29,248388.65,39832.450000000004,20699.054166666665,Repeat Customer,1397,8,Medium Value
CUST02897,15,28,576301.61,84494.45999999999,38420.10733333333,Repeat Customer,44,10,High Value
CUST02898,16,27,195020.07,28757.22,12188.754375,Repeat Customer,2137,6,Low Value
CUST02899,11,20,191712.07,31047.07,17428.37,Repeat Customer,2201,6,Low Value
CUST02900,12,16,343551.56,57236.9,28629.296666666665,Repeat Customer,566,9,Medium Value
CUST02901,9,17,105187.02,15915.59,11687.446666666667,Repeat Customer,3942,3,Low Value
CUST02902,11,16,74404.66,14403.72,6764.06,Repeat Customer,4524,1,Low Value
CUST02903,15,21,182520.94,32944.43,12168.062666666667,Repeat Customer,2380,6,Low Value
CUST02904,8,13,183110.5,27540.43,22888.8125,Repeat Customer,2367,6,Low Value
CUST02905,8,14,98289.39,654.4299999999996,12286.17375,Repeat Customer,4091,2,Low Value
CUST02906,6,10,60818.03999999999,12714.16,10136.339999999998,Repeat Customer,4711,1,Low Value
CUST02907,10,12,148062.97999999998,18724.239999999998,14806.297999999999,Repeat Customer,3061,4,Low Value
CUST02908,9,15,165086.02000000002,32229.24,18342.891111111112,Repeat Customer,2713,5,Low Value
CUST02909,10,16,152637.26,28670.18,15263.726,Repeat Customer,2967,5,Low Value
CUST02910,10,16,123295.51,19264.6,12329.551,Repeat Customer,3599,3,Low Value
CUST02911,7,16,287789.02,36810.47,41112.717142857146,Repeat Customer,983,9,Medium Value
CUST02912,8,14,111371.14,24340.66,13921.3925,Repeat Customer,3834,3,Low Value
CUST02913,12,19,225505.16999999998,32529.239999999998,18792.0975,Repeat Customer,1677,7,Medium Value
CUST02914,11,19,131923.16,20254.93,11993.014545454545,Repeat Customer,3422,4,Low Value
CUST02915,16,24,145903.29,18651.51,9118.955625,Repeat Customer,3105,4,Low Value
CUST02916,9,16,199661.11000000002,38765.67,22184.56777777778,Repeat Customer,2045,6,Low Value
CUST02917,10,23,168894.53,24574.35,16889.453,Repeat Customer,2627,5,Low Value
CUST02918,6,10,53031.38,6230.33,8838.563333333334,Repeat Customer,4814,1,Low Value
CUST02919,9,11,123961.7,18131.24,13773.522222222222,Repeat Customer,3583,3,Low Value
CUST02920,7,10,165569.76,21414.699999999997,23652.82285714286,Repeat Customer,2698,5,Low Value
CUST02921,12,22,259462.07,26770.800000000003,21621.83916666667,Repeat Customer,1266,8,Medium Value
CUST02922,22,44,385448.16,50228.89,17520.370909090907,Repeat Customer,377,10,High Value
CUST02923,7,14,167175.76,34261.21,23882.25142857143,Repeat Customer,2661,5,Low Value
CUST02924,9,23,307385.73,56633.03,34153.97,Repeat Customer,808,9,Medium Value
CUST02925,7,17,79940.88,11551.25,11420.125714285716,Repeat Customer,4425,2,Low Value
CUST02926,11,18,125226.26999999999,21413.289999999997,11384.206363636362,Repeat Customer,3561,3,Low Value
CUST02927,12,21,307916.19,45818.45,25659.6825,Repeat Customer,803,9,Medium Value
CUST02928,10,18,420116.58,92996.73,42011.658,Repeat Customer,260,10,High Value
CUST02929,10,15,92283.74,14620.28,9228.374,Repeat Customer,4214,2,Low Value
CUST02930,11,16,210732.15,26481.43,19157.46818181818,Repeat Customer,1881,7,Medium Value
CUST02931,9,12,111655.64,19642.81,12406.182222222222,Repeat Customer,3828,3,Low Value
CUST02932,13,26,230144.92,40928.43,17703.455384615387,Repeat Customer,1613,7,Medium Value
CUST02933,9,16,123878.09,14868.369999999999,13764.232222222221,Repeat Customer,3586,3,Low Value
CUST02934,14,20,258037.3,53098.45,18431.235714285714,Repeat Customer,1278,8,Medium Value
CUST02935,14,24,210238.74,21348.440000000002,15017.052857142857,Repeat Customer,1894,7,Medium Value
CUST02936,11,16,152297.4,11345.87,13845.218181818182,Repeat Customer,2976,5,Low Value
CUST02937,11,16,319961.71,73264.42,29087.428181818184,Repeat Customer,705,9,Medium Value
CUST02938,11,13,171403.63,33828.98,15582.148181818182,Repeat Customer,2578,5,Low Value
CUST02939,7,11,132944.23,27771.12,18992.032857142858,Repeat Customer,3401,4,Low Value
CUST02940,13,28,193805.25,35617.61,14908.096153846154,Repeat Customer,2162,6,Low Value
CUST02941,4,5,83666.35,19100.47,20916.5875,Repeat Customer,4353,2,Low Value
CUST02942,9,14,83573.1,14347.62,9285.900000000001,Repeat Customer,4354,2,Low Value
CUST02943,10,17,376938.96,71533.0,37693.896,Repeat Customer,409,10,High Value
CUST02944,17,28,304396.46,42939.43,17905.67411764706,Repeat Customer,829,9,Medium Value
CUST02945,10,26,573331.66,84928.01,57333.166000000005,Repeat Customer,46,10,High Value
CUST02946,10,11,114129.95000000001,14670.17,11412.995,Repeat Customer,3775,3,Low Value
CUST02947,9,21,94179.52,10432.17,10464.391111111112,Repeat Customer,4180,2,Low Value
CUST02948,12,22,119028.42,21716.9,9919.035,Repeat Customer,3685,3,Low Value
CUST02949,14,22,223817.37000000002,26096.73,15986.955000000002,Repeat Customer,1694,7,Medium Value
CUST02950,4,8,210516.78,35600.72,52629.195,Repeat Customer,1885,7,Medium Value
CUST02951,14,24,252800.69999999998,48811.270000000004,18057.192857142854,Repeat Customer,1341,8,Medium Value
CUST02952,12,21,217734.33000000002,34258.490000000005,18144.5275,Repeat Customer,1797,7,Medium Value
CUST02953,10,21,210246.62,33802.090000000004,21024.662,Repeat Customer,1893,7,Medium Value
CUST02954,4,6,202812.63,42085.11,50703.1575,Repeat Customer,2002,6,Low Value
CUST02955,10,12,109236.93,17247.07,10923.693,Repeat Customer,3870,3,Low Value
CUST02956,10,17,368974.49,82955.20999999999,36897.449,Repeat Customer,444,10,High Value
CUST02957,6,10,96064.39,14928.539999999999,16010.731666666667,Repeat Customer,4140,2,Low Value
CUST02958,10,22,353403.86,73129.28,35340.386,Repeat Customer,517,9,Medium Value
CUST02959,8,15,187766.34,30302.670000000002,23470.7925,Repeat Customer,2266,6,Low Value
CUST02960,5,7,25514.43,4317.42,5102.886,Repeat Customer,4973,1,Low Value
CUST02961,3,3,39973.380000000005,8218.91,13324.460000000001,Repeat Customer,4909,1,Low Value
CUST02962,6,11,79525.36,13259.07,13254.226666666667,Repeat Customer,4434,2,Low Value
CUST02963,7,16,78768.44,16474.170000000002,11252.634285714286,Repeat Customer,4449,2,Low Value
CUST02964,8,21,210879.85,20709.29,26359.98125,Repeat Customer,1880,7,Medium Value
CUST02965,9,17,152275.47,14793.960000000001,16919.496666666666,Repeat Customer,2977,5,Low Value
CUST02966,20,37,322647.34,29869.16,16132.367000000002,Repeat Customer,692,9,Medium Value
CUST02967,7,10,141493.2,17406.17,20213.31428571429,Repeat Customer,3202,4,Low Value
CUST02968,10,14,122605.37,24224.56,12260.537,Repeat Customer,3614,3,Low Value
CUST02969,8,13,52522.85,7428.24,6565.35625,Repeat Customer,4817,1,Low Value
CUST02970,12,16,223084.78,28867.0,18590.398333333334,Repeat Customer,1705,7,Medium Value
CUST02971,9,16,94968.72,16473.8,10552.08,Repeat Customer,4161,2,Low Value
CUST02972,7,17,149953.04,25291.72,21421.86285714286,Repeat Customer,3007,4,Low Value
CUST02973,8,17,381371.01,63595.63,47671.37625,Repeat Customer,389,10,High Value
CUST02974,6,11,80379.4,12660.03,13396.566666666666,Repeat Customer,4415,2,Low Value
CUST02975,13,25,324784.74,56375.97,24983.44153846154,Repeat Customer,679,9,Medium Value
CUST02976,19,26,197964.78,29159.63,10419.19894736842,Repeat Customer,2075,6,Low Value
CUST02977,15,21,241197.9,36598.5,16079.859999999999,Repeat Customer,1469,8,Medium Value
CUST02978,9,15,88042.63,11652.64,9782.514444444445,Repeat Customer,4276,2,Low Value
CUST02979,11,22,196178.74,35021.74,17834.43090909091,Repeat Customer,2110,6,Low Value
CUST02980,13,21,330421.95,52447.22,25417.07307692308,Repeat Customer,642,9,Medium Value
CUST02981,12,23,189711.38,38721.75,15809.281666666668,Repeat Customer,2231,6,Low Value
CUST02982,13,24,194304.53,36505.78,14946.502307692308,Repeat Customer,2150,6,Low Value
CUST02983,7,9,159362.2,31779.510000000002,22766.028571428575,Repeat Customer,2827,5,Low Value
CUST02984,10,19,160130.59,30695.600000000002,16013.059,Repeat Customer,2809,5,Low Value
CUST02985,11,23,301976.33999999997,59735.28,27452.394545454543,Repeat Customer,856,9,Medium Value
CUST02986,14,31,409493.25,47964.93,29249.51785714286,Repeat Customer,292,10,High Value
CUST02987,11,26,416577.83999999997,55980.43,37870.71272727272,Repeat Customer,270,10,High Value
CUST02988,11,18,286937.51,22810.46,26085.228181818184,Repeat Customer,989,9,Medium Value
CUST02989,10,21,206145.48,29082.96,20614.548000000003,Repeat Customer,1954,7,Medium Value
CUST02990,3,7,40682.64,4288.650000000001,13560.88,Repeat Customer,4901,1,Low Value
CUST02991,16,22,291175.34,44688.22,18198.45875,Repeat Customer,950,9,Medium Value
CUST02992,8,14,196330.8,31649.0,24541.35,Repeat Customer,2108,6,Low Value
CUST02993,8,16,137654.33000000002,14750.630000000001,17206.791250000002,Repeat Customer,3285,4,Low Value
CUST02994,12,16,167482.38,21709.79,13956.865,Repeat Customer,2656,5,Low Value
CUST02995,14,24,420167.88,82952.48999999999,30011.99142857143,Repeat Customer,259,10,High Value
CUST02996,6,8,136498.46,32948.89,22749.743333333332,Repeat Customer,3317,4,Low Value
CUST02997,12,23,135125.91999999998,15275.23,11260.493333333332,Repeat Customer,3357,4,Low Value
CUST02998,18,34,581609.87,103722.89,32311.659444444445,Repeat Customer,41,10,High Value
CUST02999,7,11,197648.78,38965.9,28235.54,Repeat Customer,2086,6,Low Value
CUST03000,14,28,659192.97,87390.45,47085.21214285714,Repeat Customer,14,10,High Value
CUST03001,5,10,56998.770000000004,7897.09,11399.754,Repeat Customer,4774,1,Low Value
CUST03002,13,19,118538.75,14951.33,9118.365384615385,Repeat Customer,3693,3,Low Value
CUST03003,12,17,201973.6,43109.29,16831.133333333335,Repeat Customer,2016,6,Low Value
CUST03004,11,21,155958.27,25332.76,14178.024545454544,Repeat Customer,2896,5,Low Value
CUST03005,12,25,361396.07,41250.99,30116.33916666667,Repeat Customer,482,10,High Value
CUST03006,10,27,313898.16,56308.05,31389.816,Repeat Customer,744,9,Medium Value
CUST03007,11,14,161250.65,27041.05,14659.15,Repeat Customer,2781,5,Low Value
CUST03008,13,19,216410.38,40831.54,16646.952307692307,Repeat Customer,1811,7,Medium Value
CUST03009,12,18,169816.3,27705.18,14151.358333333332,Repeat Customer,2612,5,Low Value
CUST03010,12,17,123825.38,25345.32,10318.781666666668,Repeat Customer,3588,3,Low Value
CUST03011,16,39,294670.48,48266.53,18416.905,Repeat Customer,911,9,Medium Value
CUST03012,9,19,168138.66999999998,21863.1,18682.074444444443,Repeat Customer,2641,5,Low Value
CUST03013,12,19,190476.9,29295.190000000002,15873.074999999999,Repeat Customer,2217,6,Low Value
CUST03014,14,29,334639.32999999996,36209.770000000004,23902.809285714284,Repeat Customer,614,9,Medium Value
CUST03015,13,21,338328.68,60714.439999999995,26025.283076923075,Repeat Customer,589,9,Medium Value
CUST03016,8,15,198911.03,20713.3,24863.87875,Repeat Customer,2061,6,Low Value
CUST03017,12,19,126629.03,12684.07,10552.419166666667,Repeat Customer,3535,3,Low Value
CUST03018,16,31,422139.29,75819.43,26383.705625,Repeat Customer,249,10,High Value
CUST03019,8,18,201881.09,18251.77,25235.13625,Repeat Customer,2019,6,Low Value
CUST03020,12,23,184390.51,31932.85,15365.875833333334,Repeat Customer,2341,6,Low Value
CUST03021,10,14,229323.19,47747.93,22932.319,Repeat Customer,1626,7,Medium Value
CUST03022,9,14,156489.79,21836.01,17387.754444444447,Repeat Customer,2885,5,Low Value
CUST03023,4,6,36493.159999999996,3887.2599999999998,9123.289999999999,Repeat Customer,4925,1,Low Value
CUST03024,8,9,107603.03,14093.65,13450.37875,Repeat Customer,3894,3,Low Value
CUST03025,10,16,87735.22,3055.09,8773.522,Repeat Customer,4280,2,Low Value
CUST03026,10,22,129792.77,22542.739999999998,12979.277,Repeat Customer,3472,4,Low Value
CUST03027,16,25,511264.37,114120.92,31954.023125,Repeat Customer,103,10,High Value
CUST03028,7,10,104264.37,14435.61,14894.91,Repeat Customer,3961,3,Low Value
CUST03029,13,24,369834.56,71858.05,28448.812307692308,Repeat Customer,441,10,High Value
CUST03030,11,13,71823.96,11255.26,6529.45090909091,Repeat Customer,4570,1,Low Value
CUST03031,12,25,164417.6,17893.48,13701.466666666667,Repeat Customer,2725,5,Low Value
CUST03032,13,24,290739.57,36003.35,22364.582307692308,Repeat Customer,960,9,Medium Value
CUST03033,10,17,319791.14,51975.83,31979.114,Repeat Customer,708,9,Medium Value
CUST03034,9,22,255581.0,21876.27,28397.88888888889,Repeat Customer,1304,8,Medium Value
CUST03035,12,19,121632.53,22172.82,10136.044166666667,Repeat Customer,3633,3,Low Value
CUST03036,11,23,251634.53999999998,31398.03,22875.86727272727,Repeat Customer,1359,8,Medium Value
CUST03037,12,17,211173.17,39554.96,17597.764166666668,Repeat Customer,1875,7,Medium Value
CUST03038,5,5,57015.78,11828.38,11403.155999999999,Repeat Customer,4773,1,Low Value
CUST03039,4,10,101697.78,8639.689999999999,25424.445,Repeat Customer,4021,2,Low Value
CUST03040,16,31,417629.43000000005,69559.12,26101.839375000003,Repeat Customer,269,10,High Value
CUST03041,17,32,232305.58,33383.46,13665.034117647057,Repeat Customer,1580,7,Medium Value
CUST03042,11,20,149246.91,20801.59,13567.90090909091,Repeat Customer,3021,4,Low Value
CUST03043,6,7,59254.03,6771.83,9875.671666666667,Repeat Customer,4743,1,Low Value
CUST03044,12,26,245781.23,44745.81,20481.76916666667,Repeat Customer,1425,8,Medium Value
CUST03045,9,13,54351.04,11125.11,6039.004444444445,Repeat Customer,4803,1,Low Value
CUST03046,9,19,264137.59,51633.32,29348.621111111115,Repeat Customer,1222,8,Medium Value
CUST03047,8,13,102265.29,18275.61,12783.16125,Repeat Customer,4004,2,Low Value
CUST03048,3,8,58348.75,11243.05,19449.583333333332,Repeat Customer,4761,1,Low Value
CUST03049,6,9,263117.49,45737.6,43852.915,Repeat Customer,1228,8,Medium Value
CUST03050,9,17,115509.1,15371.19,12834.344444444445,Repeat Customer,3748,3,Low Value
CUST03051,12,17,146426.81,21377.649999999998,12202.234166666667,Repeat Customer,3093,4,Low Value
CUST03052,18,34,408067.18,77400.26000000001,22670.39888888889,Repeat Customer,297,10,High Value
CUST03053,7,14,160886.06,27692.81,22983.722857142857,Repeat Customer,2793,5,Low Value
CUST03054,14,22,337810.36,61325.29,24129.31142857143,Repeat Customer,595,9,Medium Value
CUST03055,11,21,360237.2,51231.28,32748.836363636365,Repeat Customer,492,10,High Value
CUST03056,7,12,71949.22,15698.68,10278.460000000001,Repeat Customer,4566,1,Low Value
CUST03057,6,9,86086.97,15379.449999999999,14347.828333333333,Repeat Customer,4317,2,Low Value
CUST03058,8,10,58457.45,12079.0,7307.18125,Repeat Customer,4756,1,Low Value
CUST03059,15,17,168356.29,35232.58,11223.752666666667,Repeat Customer,2635,5,Low Value
CUST03060,1,1,6990.54,1678.89,6990.54,One-Time Customer,5000,1,Low Value
CUST03061,7,10,38681.53,8803.08,5525.932857142857,Repeat Customer,4915,1,Low Value
CUST03062,10,26,526963.3,73891.81999999999,52696.33,Repeat Customer,84,10,High Value
CUST03063,20,31,247166.61,44640.35,12358.3305,Repeat Customer,1409,8,Medium Value
CUST03064,5,7,114241.6,12107.46,22848.32,Repeat Customer,3773,3,Low Value
CUST03065,8,17,171909.49000000002,32333.420000000002,21488.686250000002,Repeat Customer,2570,5,Low Value
CUST03066,8,14,173777.89,37050.52,21722.23625,Repeat Customer,2539,5,Low Value
CUST03067,10,25,225369.44,25794.78,22536.944,Repeat Customer,1679,7,Medium Value
CUST03068,7,17,110229.81999999999,24008.9,15747.117142857142,Repeat Customer,3855,3,Low Value
CUST03069,10,17,166144.85,22147.27,16614.485,Repeat Customer,2683,5,Low Value
CUST03070,12,15,205608.41,38949.02,17134.034166666668,Repeat Customer,1958,7,Medium Value
CUST03071,13,27,220441.52000000002,27204.24,16957.04,Repeat Customer,1745,7,Medium Value
CUST03072,8,13,128651.67,26945.21,16081.45875,Repeat Customer,3501,3,Low Value
CUST03073,8,11,230279.44,37179.17,28784.93,Repeat Customer,1608,7,Medium Value
CUST03074,15,27,557621.48,68339.76,37174.76533333333,Repeat Customer,54,10,High Value
CUST03075,12,24,177658.67,34611.21,14804.889166666668,Repeat Customer,2468,6,Low Value
CUST03076,12,21,184950.36000000002,39095.49,15412.53,Repeat Customer,2330,6,Low Value
CUST03077,7,9,159495.86,1901.2599999999998,22785.122857142855,Repeat Customer,2825,5,Low Value
CUST03078,11,23,405093.14,62077.36,36826.64909090909,Repeat Customer,306,10,High Value
CUST03079,10,21,204193.35,40461.38,20419.335,Repeat Customer,1975,7,Medium Value
CUST03080,12,24,157219.29,26155.63,13101.6075,Repeat Customer,2876,5,Low Value
CUST03081,6,11,135579.35,14901.56,22596.558333333334,Repeat Customer,3337,4,Low Value
CUST03082,9,19,209706.41,36343.96,23300.712222222224,Repeat Customer,1901,7,Medium Value
CUST03083,11,22,346155.64,58520.86,31468.694545454546,Repeat Customer,550,9,Medium Value
CUST03084,9,17,99291.13,12315.91,11032.347777777779,Repeat Customer,4071,2,Low Value
CUST03085,10,19,204855.78,28662.579999999998,20485.578,Repeat Customer,1964,7,Medium Value
CUST03086,10,17,256463.49,39919.27,25646.349,Repeat Customer,1294,8,Medium Value
CUST03087,10,19,87272.9,7327.870000000001,8727.289999999999,Repeat Customer,4294,2,Low Value
CUST03088,10,16,251351.43,40244.74,25135.143,Repeat Customer,1366,8,Medium Value
CUST03089,8,16,152063.93,24274.42,19007.99125,Repeat Customer,2980,5,Low Value
CUST03090,9,15,101154.13,14750.310000000001,11239.347777777779,Repeat Customer,4033,2,Low Value
CUST03091,6,13,148753.84,27312.43,24792.306666666667,Repeat Customer,3042,4,Low Value
CUST03092,6,12,135019.72,33544.28,22503.286666666667,Repeat Customer,3360,4,Low Value
CUST03093,13,23,346552.23,36957.59,26657.863846153843,Repeat Customer,548,9,Medium Value
CUST03094,9,14,112209.04000000001,20413.15,12467.671111111113,Repeat Customer,3817,3,Low Value
CUST03095,12,26,250138.87999999998,29163.75,20844.906666666666,Repeat Customer,1374,8,Medium Value
CUST03096,9,16,411496.7,65935.87,45721.85555555556,Repeat Customer,289,10,High Value
CUST03097,10,18,104954.57,13896.68,10495.457,Repeat Customer,3948,3,Low Value
CUST03098,10,20,202034.03,28577.43,20203.403,Repeat Customer,2014,6,Low Value
CUST03099,13,27,308467.82,38216.65,23728.293846153847,Repeat Customer,795,9,Medium Value
CUST03100,13,19,202423.0,28011.08,15571.0,Repeat Customer,2007,6,Low Value
CUST03101,11,17,314160.67,31472.579999999998,28560.06090909091,Repeat Customer,743,9,Medium Value
CUST03102,13,18,269023.89,51378.55,20694.145384615385,Repeat Customer,1174,8,Medium Value
CUST03103,9,15,151164.47,15887.01,16796.05222222222,Repeat Customer,2991,5,Low Value
CUST03104,17,26,198469.6,30083.48,11674.682352941178,Repeat Customer,2067,6,Low Value
CUST03105,7,12,403899.63,71772.70999999999,57699.94714285714,Repeat Customer,313,10,High Value
CUST03106,7,13,79790.56999999999,11544.11,11398.652857142855,Repeat Customer,4427,2,Low Value
CUST03107,7,9,77537.08,12373.35,11076.725714285714,Repeat Customer,4473,2,Low Value
CUST03108,7,10,156342.78,16180.24,22334.682857142856,Repeat Customer,2889,5,Low Value
CUST03109,6,10,35806.880000000005,6384.4,5967.813333333334,Repeat Customer,4930,1,Low Value
CUST03110,6,14,399284.05000000005,78235.59,66547.34166666667,Repeat Customer,332,10,High Value
CUST03111,14,24,309941.12,27223.57,22138.65142857143,Repeat Customer,778,9,Medium Value
CUST03112,8,13,150812.09999999998,36343.75,18851.512499999997,Repeat Customer,2995,5,Low Value
CUST03113,8,9,40070.75,6497.16,5008.84375,Repeat Customer,4907,1,Low Value
CUST03114,13,26,248130.14,32750.18,19086.933846153846,Repeat Customer,1399,8,Medium Value
CUST03115,10,15,227501.47,50021.4,22750.147,Repeat Customer,1652,7,Medium Value
CUST03116,9,12,71711.56,10413.289999999999,7967.951111111111,Repeat Customer,4572,1,Low Value
CUST03117,11,17,217849.76,43994.95,19804.523636363636,Repeat Customer,1795,7,Medium Value
CUST03118,5,9,153861.06,34730.86,30772.212,Repeat Customer,2930,5,Low Value
CUST03119,8,18,182939.81,996.52,22867.47625,Repeat Customer,2372,6,Low Value
CUST03120,10,11,173560.87,20371.27,17356.087,Repeat Customer,2544,5,Low Value
CUST03121,14,24,529721.79,122959.59,37837.27071428572,Repeat Customer,82,10,High Value
CUST03122,14,23,495613.23000000004,85723.85,35400.945,Repeat Customer,115,10,High Value
CUST03123,13,19,204111.26,29853.86,15700.866153846155,Repeat Customer,1977,7,Medium Value
CUST03124,13,26,302133.86,59566.94,23241.066153846154,Repeat Customer,853,9,Medium Value
CUST03125,7,9,161088.71,24776.08,23012.672857142858,Repeat Customer,2787,5,Low Value
CUST03126,5,9,39266.62,7293.71,7853.3240000000005,Repeat Customer,4913,1,Low Value
CUST03127,8,10,97985.88,18142.07,12248.235,Repeat Customer,4095,2,Low Value
CUST03128,9,14,143938.49,20045.010000000002,15993.165555555555,Repeat Customer,3150,4,Low Value
CUST03129,17,26,453998.48,93718.64,26705.79294117647,Repeat Customer,168,10,High Value
CUST03130,15,28,204335.30000000002,36740.78,13622.353333333334,Repeat Customer,1972,7,Medium Value
CUST03131,8,13,69995.86,9332.12,8749.4825,Repeat Customer,4593,1,Low Value
CUST03132,15,31,199523.41,33146.31,13301.560666666666,Repeat Customer,2051,6,Low Value
CUST03133,10,19,108723.29000000001,18789.07,10872.329000000002,Repeat Customer,3875,3,Low Value
CUST03134,12,18,151709.33,13153.41,12642.444166666666,Repeat Customer,2984,5,Low Value
CUST03135,7,15,127219.28,21349.66,18174.182857142856,Repeat Customer,3527,3,Low Value
CUST03136,5,13,444802.11,68812.61,88960.42199999999,Repeat Customer,186,10,High Value
CUST03137,4,7,95325.62,16698.39,23831.405,Repeat Customer,4153,2,Low Value
CUST03138,13,25,442813.29,71051.29999999999,34062.56076923077,Repeat Customer,192,10,High Value
CUST03139,6,9,158932.43,34486.01,26488.73833333333,Repeat Customer,2837,5,Low Value
CUST03140,8,10,78005.28,12764.369999999999,9750.66,Repeat Customer,4463,2,Low Value
CUST03141,10,22,324077.49,491.7799999999992,32407.749,Repeat Customer,683,9,Medium Value
CUST03142,13,21,301980.86,44744.92,23229.296923076923,Repeat Customer,855,9,Medium Value
CUST03143,12,20,332577.06,72083.81999999999,27714.755,Repeat Customer,627,9,Medium Value
CUST03144,8,15,234660.77000000002,24308.550000000003,29332.596250000002,Repeat Customer,1549,7,Medium Value
CUST03145,12,17,208100.93,45022.34,17341.744166666667,Repeat Customer,1919,7,Medium Value
CUST03146,13,26,412699.55,58171.29,31746.11923076923,Repeat Customer,285,10,High Value
CUST03147,18,26,355233.01,49462.82,19735.167222222222,Repeat Customer,505,9,Medium Value
CUST03148,9,16,358052.64,69132.59,39783.62666666667,Repeat Customer,499,10,High Value
CUST03149,11,22,198716.36000000002,9922.86,18065.123636363638,Repeat Customer,2064,6,Low Value
CUST03150,11,15,300766.37,65587.74,27342.397272727274,Repeat Customer,866,9,Medium Value
CUST03151,6,12,78556.28,15573.35,13092.713333333333,Repeat Customer,4452,2,Low Value
CUST03152,9,14,147958.78,27255.27,16439.864444444444,Repeat Customer,3065,4,Low Value
CUST03153,8,12,279741.4,17369.29,34967.675,Repeat Customer,1055,8,Medium Value
CUST03154,15,23,215910.65,31461.28,14394.043333333333,Repeat Customer,1819,7,Medium Value
CUST03155,9,10,156018.69,26149.989999999998,17335.41,Repeat Customer,2894,5,Low Value
CUST03156,8,15,213936.62,44507.729999999996,26742.0775,Repeat Customer,1845,7,Medium Value
CUST03157,11,22,368187.82,50078.479999999996,33471.62,Repeat Customer,448,10,High Value
CUST03158,8,14,86192.15,17028.8,10774.01875,Repeat Customer,4315,2,Low Value
CUST03159,4,4,79492.49,11593.76,19873.1225,Repeat Customer,4436,2,Low Value
CUST03160,13,26,427340.86000000004,82601.11,32872.37384615385,Repeat Customer,234,10,High Value
CUST03161,5,7,99424.65000000001,15775.41,19884.93,Repeat Customer,4068,2,Low Value
CUST03162,5,5,96012.97,13614.68,19202.594,Repeat Customer,4141,2,Low Value
CUST03163,9,18,187759.39,31321.64,20862.154444444444,Repeat Customer,2267,6,Low Value
CUST03164,9,16,218755.87,19869.91,24306.207777777778,Repeat Customer,1778,7,Medium Value
CUST03165,9,20,324960.97000000003,43742.81,36106.77444444445,Repeat Customer,676,9,Medium Value
CUST03166,10,19,199586.34,40369.44,19958.634,Repeat Customer,2046,6,Low Value
CUST03167,14,31,201301.63,32890.69,14378.687857142857,Repeat Customer,2030,6,Low Value
CUST03168,11,13,85026.27,13691.3,7729.66090909091,Repeat Customer,4331,2,Low Value
CUST03169,11,30,405067.55,48472.95999999999,36824.32272727272,Repeat Customer,307,10,High Value
CUST03170,9,14,79098.21,14581.16,8788.69,Repeat Customer,4444,2,Low Value
CUST03171,9,13,175288.43,30211.66,19476.492222222223,Repeat Customer,2510,5,Low Value
CUST03172,7,14,204368.69,30748.550000000003,29195.527142857143,Repeat Customer,1971,7,Medium Value
CUST03173,10,13,94515.57,17494.09,9451.557,Repeat Customer,4170,2,Low Value
CUST03174,12,20,161484.12,27967.23,13457.01,Repeat Customer,2774,5,Low Value
CUST03175,10,13,139229.72,19681.63,13922.972,Repeat Customer,3252,4,Low Value
CUST03176,9,18,235783.78999999998,41685.1,26198.198888888888,Repeat Customer,1537,7,Medium Value
CUST03177,14,24,181081.11,22062.22,12934.365,Repeat Customer,2408,6,Low Value
CUST03178,18,21,324578.72000000003,49007.1,18032.151111111114,Repeat Customer,680,9,Medium Value
CUST03179,15,26,228440.39,34597.87,15229.359333333334,Repeat Customer,1639,7,Medium Value
CUST03180,7,17,301256.93,61778.43,43036.70428571429,Repeat Customer,860,9,Medium Value
CUST03181,6,14,89358.23,15562.619999999999,14893.038333333332,Repeat Customer,4261,2,Low Value
CUST03182,14,21,124471.62,20032.66,8890.83,Repeat Customer,3576,3,Low Value
CUST03183,8,19,203804.07,40192.7,25475.50875,Repeat Customer,1984,7,Medium Value
CUST03184,8,11,114091.68000000001,13446.2,14261.460000000001,Repeat Customer,3776,3,Low Value
CUST03185,16,25,303970.59,52875.58,18998.161875,Repeat Customer,833,9,Medium Value
CUST03186,12,19,270572.39,61840.65,22547.69916666667,Repeat Customer,1145,8,Medium Value
CUST03187,13,19,214890.61,36690.88,16530.046923076923,Repeat Customer,1834,7,Medium Value
CUST03188,11,17,140043.87,19595.07,12731.260909090908,Repeat Customer,3239,4,Low Value
CUST03189,14,20,241736.32,28755.5,17266.88,Repeat Customer,1462,8,Medium Value
CUST03190,16,28,371875.2,50799.490000000005,23242.2,Repeat Customer,434,10,High Value
CUST03191,11,19,365872.65,53274.73,33261.15,Repeat Customer,462,10,High Value
CUST03192,14,23,148975.49,28800.67,10641.106428571427,Repeat Customer,3032,4,Low Value
CUST03193,12,15,76459.34,13898.0,6371.611666666667,Repeat Customer,4490,2,Low Value
CUST03194,14,20,167323.05,30739.04,11951.646428571428,Repeat Customer,2658,5,Low Value
CUST03195,11,19,274309.74,40779.53,24937.24909090909,Repeat Customer,1112,8,Medium Value
CUST03196,11,16,149813.32,20450.37,13619.392727272729,Repeat Customer,3012,4,Low Value
CUST03197,6,6,36412.48,6488.389999999999,6068.746666666667,Repeat Customer,4926,1,Low Value
CUST03198,13,24,331496.89999999997,69595.86,25499.761538461535,Repeat Customer,636,9,Medium Value
CUST03199,5,8,64282.67,6208.17,12856.534,Repeat Customer,4673,1,Low Value
CUST03200,10,13,123110.19,19156.71,12311.019,Repeat Customer,3602,3,Low Value
CUST03201,10,23,135472.86,19811.73,13547.285999999998,Repeat Customer,3342,4,Low Value
CUST03202,11,15,130842.95,25162.050000000003,11894.813636363637,Repeat Customer,3453,4,Low Value
CUST03203,7,13,373103.89,72093.95999999999,53300.555714285714,Repeat Customer,426,10,High Value
CUST03204,9,14,123424.41,20375.11,13713.823333333334,Repeat Customer,3597,3,Low Value
CUST03205,16,30,538697.67,86497.19,33668.604375,Repeat Customer,70,10,High Value
CUST03206,5,7,205363.96000000002,42524.95,41072.792,Repeat Customer,1959,7,Medium Value
CUST03207,9,17,238049.21000000002,39339.54,26449.912222222225,Repeat Customer,1508,7,Medium Value
CUST03208,5,7,80742.76000000001,12988.439999999999,16148.552000000001,Repeat Customer,4407,2,Low Value
CUST03209,9,17,186686.29,33501.72,20742.92111111111,Repeat Customer,2296,6,Low Value
CUST03210,11,16,238655.84,51723.77,21695.985454545455,Repeat Customer,1499,8,Medium Value
CUST03211,8,9,62663.6,8112.6900000000005,7832.95,Repeat Customer,4695,1,Low Value
CUST03212,9,24,338452.2,68288.13,37605.8,Repeat Customer,587,9,Medium Value
CUST03213,5,5,28702.52,7004.8,5740.504,Repeat Customer,4961,1,Low Value
CUST03214,12,20,307650.45,56517.659999999996,25637.537500000002,Repeat Customer,805,9,Medium Value
CUST03215,14,23,122871.36,25316.57,8776.525714285714,Repeat Customer,3608,3,Low Value
CUST03216,10,21,241745.48,37922.12,24174.548000000003,Repeat Customer,1461,8,Medium Value
CUST03217,10,15,170285.86,35073.7,17028.586,Repeat Customer,2598,5,Low Value
CUST03218,9,15,200888.14,40258.5,22320.904444444444,Repeat Customer,2033,6,Low Value
CUST03219,7,14,104153.6,19181.55,14879.085714285715,Repeat Customer,3963,3,Low Value
CUST03220,9,16,109776.69,22027.28,12197.41,Repeat Customer,3859,3,Low Value
CUST03221,11,14,113406.75,14137.83,10309.704545454546,Repeat Customer,3795,3,Low Value
CUST03222,8,16,131881.5,22240.27,16485.1875,Repeat Customer,3424,4,Low Value
CUST03223,11,18,102414.33,16700.21,9310.393636363637,Repeat Customer,3999,3,Low Value
CUST03224,13,19,190413.33,22470.440000000002,14647.17923076923,Repeat Customer,2219,6,Low Value
CUST03225,12,25,177313.56,31329.8,14776.13,Repeat Customer,2477,6,Low Value
CUST03226,6,13,289724.47,42344.81,48287.41166666666,Repeat Customer,967,9,Medium Value
CUST03227,12,18,160147.86000000002,24551.010000000002,13345.655,Repeat Customer,2807,5,Low Value
CUST03228,11,22,140537.75,22148.4,12776.15909090909,Repeat Customer,3226,4,Low Value
CUST03229,8,17,125702.87999999999,26621.46,15712.859999999999,Repeat Customer,3551,3,Low Value
CUST03230,13,28,309384.39,36928.99,23798.799230769233,Repeat Customer,784,9,Medium Value
CUST03231,10,21,116539.19,20195.79,11653.919,Repeat Customer,3727,3,Low Value
CUST03232,7,12,114879.12,15763.25,16411.302857142855,Repeat Customer,3761,3,Low Value
CUST03233,11,22,176757.06,25511.7,16068.823636363637,Repeat Customer,2490,6,Low Value
CUST03234,11,24,398415.88,78849.78,36219.62545454546,Repeat Customer,336,10,High Value
CUST03235,12,19,86557.55,10073.449999999999,7213.129166666667,Repeat Customer,4311,2,Low Value
CUST03236,15,33,596199.73,119161.44,39746.64866666667,Repeat Customer,31,10,High Value
CUST03237,5,5,42996.67,10896.22,8599.333999999999,Repeat Customer,4889,1,Low Value
CUST03238,11,19,219186.24,34473.01,19926.021818181816,Repeat Customer,1767,7,Medium Value
CUST03239,12,22,317571.58999999997,62382.380000000005,26464.299166666664,Repeat Customer,725,9,Medium Value
CUST03240,16,32,541617.92,86973.97,33851.12,Repeat Customer,67,10,High Value
CUST03241,13,19,261424.67,32362.89,20109.59,Repeat Customer,1244,8,Medium Value
CUST03242,17,31,194771.62,26813.39,11457.154117647058,Repeat Customer,2139,6,Low Value
CUST03243,11,16,343125.53,48818.39,31193.230000000003,Repeat Customer,569,9,Medium Value
CUST03244,10,14,134699.66,28441.02,13469.966,Repeat Customer,3369,4,Low Value
CUST03245,7,15,255594.36,52681.19,36513.479999999996,Repeat Customer,1303,8,Medium Value
CUST03246,10,22,222073.09999999998,27464.29,22207.309999999998,Repeat Customer,1723,7,Medium Value
CUST03247,9,13,99367.25,15271.26,11040.805555555555,Repeat Customer,4069,2,Low Value
CUST03248,8,12,218237.85,32403.050000000003,27279.73125,Repeat Customer,1790,7,Medium Value
CUST03249,6,12,260336.77000000002,42605.01,43389.46166666667,Repeat Customer,1261,8,Medium Value
CUST03250,9,17,252810.84000000003,1519.550000000001,28090.093333333338,Repeat Customer,1340,8,Medium Value
CUST03251,9,15,98168.73,22733.59,10907.636666666665,Repeat Customer,4092,2,Low Value
CUST03252,13,30,332435.88,63329.49,25571.990769230768,Repeat Customer,628,9,Medium Value
CUST03253,15,29,424014.92,72149.16,28267.661333333333,Repeat Customer,247,10,High Value
CUST03254,10,17,250758.4,38571.06,25075.84,Repeat Customer,1372,8,Medium Value
CUST03255,11,16,167690.22,30103.100000000002,15244.565454545454,Repeat Customer,2648,5,Low Value
CUST03256,9,14,120066.32,18009.34,13340.702222222222,Repeat Customer,3662,3,Low Value
CUST03257,11,16,176972.41,34591.06,16088.40090909091,Repeat Customer,2487,6,Low Value
CUST03258,7,11,66114.3,8101.360000000001,9444.9,Repeat Customer,4649,1,Low Value
CUST03259,9,20,104053.48,15506.65,11561.497777777777,Repeat Customer,3965,3,Low Value
CUST03260,9,22,108585.17,19684.58,12065.018888888888,Repeat Customer,3879,3,Low Value
CUST03261,8,11,85171.83,19033.0,10646.47875,Repeat Customer,4327,2,Low Value
CUST03262,10,16,172139.39,19112.56,17213.939000000002,Repeat Customer,2565,5,Low Value
CUST03263,12,20,152717.89,29611.16,12726.490833333335,Repeat Customer,2964,5,Low Value
CUST03264,8,16,129221.05,26661.29,16152.63125,Repeat Customer,3486,4,Low Value
CUST03265,11,18,85378.53,14594.2,7761.6845454545455,Repeat Customer,4325,2,Low Value
CUST03266,10,18,61091.65,9664.27,6109.165,Repeat Customer,4710,1,Low Value
CUST03267,5,6,93572.34999999999,19455.66,18714.469999999998,Repeat Customer,4189,2,Low Value
CUST03268,10,32,381122.72000000003,61419.590000000004,38112.272000000004,Repeat Customer,390,10,High Value
CUST03269,14,19,281551.24,46589.81,20110.802857142855,Repeat Customer,1041,8,Medium Value
CUST03270,8,17,194518.96,45301.090000000004,24314.87,Repeat Customer,2143,6,Low Value
CUST03271,10,22,338010.87,44997.01,33801.087,Repeat Customer,592,9,Medium Value
CUST03272,7,9,100111.24,19627.850000000002,14301.605714285715,Repeat Customer,4050,2,Low Value
CUST03273,11,19,115464.78,16253.759999999998,10496.798181818182,Repeat Customer,3750,3,Low Value
CUST03274,9,17,257004.38,52164.96,28556.042222222222,Repeat Customer,1289,8,Medium Value
CUST03275,8,14,163789.44,24373.11,20473.68,Repeat Customer,2736,5,Low Value
CUST03276,10,19,148063.91,11453.04,14806.391,Repeat Customer,3060,4,Low Value
CUST03277,12,29,294493.81,56074.91,24541.150833333333,Repeat Customer,915,9,Medium Value
CUST03278,8,18,154029.32,15186.78,19253.665,Repeat Customer,2927,5,Low Value
CUST03279,9,12,115717.18,19845.11,12857.464444444444,Repeat Customer,3747,3,Low Value
CUST03280,13,20,145595.78999999998,31014.730000000003,11199.676153846152,Repeat Customer,3113,4,Low Value
CUST03281,11,21,192775.52,26619.760000000002,17525.04727272727,Repeat Customer,2184,6,Low Value
CUST03282,10,16,260582.91,48708.72,26058.291,Repeat Customer,1257,8,Medium Value
CUST03283,11,18,228967.41999999998,44336.840000000004,20815.219999999998,Repeat Customer,1632,7,Medium Value
CUST03284,7,9,102409.32,15899.1,14629.902857142859,Repeat Customer,4000,3,Low Value
CUST03285,13,19,189127.06,34025.23,14548.235384615384,Repeat Customer,2244,6,Low Value
CUST03286,7,9,131763.25,28856.899999999998,18823.321428571428,Repeat Customer,3428,4,Low Value
CUST03287,10,13,130423.20999999999,22151.149999999998,13042.321,Repeat Customer,3462,4,Low Value
CUST03288,13,28,321473.54000000004,52587.34,24728.73384615385,Repeat Customer,696,9,Medium Value
CUST03289,10,12,125561.93,19511.31,12556.193,Repeat Customer,3554,3,Low Value
CUST03290,11,17,243020.19,32624.64,22092.744545454545,Repeat Customer,1451,8,Medium Value
CUST03291,8,11,119716.66,21493.010000000002,14964.5825,Repeat Customer,3669,3,Low Value
CUST03292,11,25,276374.67000000004,24611.61,25124.970000000005,Repeat Customer,1095,8,Medium Value
CUST03293,12,14,131117.91999999998,21252.36,10926.493333333332,Repeat Customer,3442,4,Low Value
CUST03294,11,16,251777.06,43519.729999999996,22888.823636363635,Repeat Customer,1357,8,Medium Value
CUST03295,18,26,362792.14,36874.35,20155.11888888889,Repeat Customer,470,10,High Value
CUST03296,7,9,68209.91,11674.8,9744.272857142858,Repeat Customer,4622,1,Low Value
CUST03297,9,14,190509.21,34021.78,21167.69,Repeat Customer,2216,6,Low Value
CUST03298,17,36,337128.35000000003,52770.03,19831.07941176471,Repeat Customer,597,9,Medium Value
CUST03299,8,13,175819.13,31686.839999999997,21977.39125,Repeat Customer,2501,5,Low Value
CUST03300,11,15,117405.98,23102.68,10673.270909090908,Repeat Customer,3712,3,Low Value
CUST03301,9,19,314554.11,36623.4,34950.456666666665,Repeat Customer,740,9,Medium Value
CUST03302,9,14,162952.44999999998,19445.989999999998,18105.827777777777,Repeat Customer,2751,5,Low Value
CUST03303,12,23,142308.78,27033.85,11859.065,Repeat Customer,3184,4,Low Value
CUST03304,9,12,189843.90999999997,32291.399999999998,21093.767777777775,Repeat Customer,2229,6,Low Value
CUST03305,7,10,131196.69999999998,28171.43,18742.385714285712,Repeat Customer,3440,4,Low Value
CUST03306,7,15,137736.89,22198.39,19676.698571428573,Repeat Customer,3282,4,Low Value
CUST03307,13,17,239802.34999999998,32578.36,18446.334615384614,Repeat Customer,1485,8,Medium Value
CUST03308,12,18,132098.74,26180.16,11008.228333333333,Repeat Customer,3418,4,Low Value
CUST03309,10,17,294654.05,37044.17,29465.405,Repeat Customer,913,9,Medium Value
CUST03310,15,34,373546.62,66131.98,24903.108,Repeat Customer,423,10,High Value
CUST03311,15,36,334702.71,58471.44,22313.514000000003,Repeat Customer,613,9,Medium Value
CUST03312,11,14,269914.78,52148.81,24537.707272727275,Repeat Customer,1150,8,Medium Value
CUST03313,7,8,104451.51,19410.0,14921.644285714285,Repeat Customer,3958,3,Low Value
CUST03314,6,7,68619.17,14970.220000000001,11436.528333333334,Repeat Customer,4617,1,Low Value
CUST03315,8,10,115494.65999999999,22272.61,14436.832499999999,Repeat Customer,3749,3,Low Value
CUST03316,12,19,189132.2,38022.46,15761.016666666668,Repeat Customer,2242,6,Low Value
CUST03317,11,25,362968.45,77833.26,32997.13181818182,Repeat Customer,469,10,High Value
CUST03318,9,19,119395.74,13596.36,13266.193333333335,Repeat Customer,3676,3,Low Value
CUST03319,8,10,85018.75,18018.13,10627.34375,Repeat Customer,4332,2,Low Value
CUST03320,3,7,61653.41,6373.01,20551.13666666667,Repeat Customer,4705,1,Low Value
CUST03321,9,12,149245.96,28615.190000000002,16582.884444444444,Repeat Customer,3022,4,Low Value
CUST03322,9,17,206262.78,37610.96,22918.086666666666,Repeat Customer,1952,7,Medium Value
CUST03323,10,19,156121.14,29958.66,15612.114000000001,Repeat Customer,2892,5,Low Value
CUST03324,9,17,187820.36,39677.090000000004,20868.928888888888,Repeat Customer,2265,6,Low Value
CUST03325,13,16,147503.41999999998,17440.7,11346.416923076922,Repeat Customer,3077,4,Low Value
CUST03326,8,9,67797.20999999999,14618.19,8474.651249999999,Repeat Customer,4634,1,Low Value
CUST03327,15,23,166187.38999999998,32697.51,11079.159333333333,Repeat Customer,2682,5,Low Value
CUST03328,12,28,421869.23000000004,73063.53,35155.76916666667,Repeat Customer,251,10,High Value
CUST03329,8,13,161894.65,22981.8,20236.83125,Repeat Customer,2766,5,Low Value
CUST03330,10,17,136376.57,25847.86,13637.657000000001,Repeat Customer,3323,4,Low Value
CUST03331,10,13,193869.36,20115.33,19386.935999999998,Repeat Customer,2157,6,Low Value
CUST03332,13,24,241908.49,37220.58,18608.345384615382,Repeat Customer,1457,8,Medium Value
CUST03333,6,10,69380.90999999999,13639.13,11563.484999999999,Repeat Customer,4603,1,Low Value
CUST03334,10,18,114744.19,13750.82,11474.419,Repeat Customer,3764,3,Low Value
CUST03335,11,21,108533.28000000001,17009.57,9866.66181818182,Repeat Customer,3880,3,Low Value
CUST03336,11,16,231579.27,41398.439999999995,21052.660909090908,Repeat Customer,1592,7,Medium Value
CUST03337,10,18,150305.53999999998,26205.1,15030.553999999998,Repeat Customer,3001,4,Low Value
CUST03338,12,17,225907.59,18500.08,18825.6325,Repeat Customer,1669,7,Medium Value
CUST03339,10,19,134046.21,18065.09,13404.621,Repeat Customer,3382,4,Low Value
CUST03340,6,8,69620.05,6650.18,11603.341666666667,Repeat Customer,4597,1,Low Value
CUST03341,6,17,122653.43,15369.43,20442.23833333333,Repeat Customer,3611,3,Low Value
CUST03342,13,23,149017.03,23090.329999999998,11462.848461538462,Repeat Customer,3027,4,Low Value
CUST03343,7,16,163984.13,31554.589999999997,23426.304285714286,Repeat Customer,2731,5,Low Value
CUST03344,12,27,414359.47,82091.63,34529.95583333333,Repeat Customer,275,10,High Value
CUST03345,8,17,233977.46,29749.03,29247.1825,Repeat Customer,1556,7,Medium Value
CUST03346,7,16,212502.88999999998,43800.75,30357.55571428571,Repeat Customer,1860,7,Medium Value
CUST03347,9,17,145678.78,16811.5,16186.531111111111,Repeat Customer,3110,4,Low Value
CUST03348,11,15,196154.84,31370.28,17832.258181818182,Repeat Customer,2111,6,Low Value
CUST03349,3,5,126072.09,15555.98,42024.03,Repeat Customer,3544,3,Low Value
CUST03350,13,21,408532.31,77074.73000000001,31425.562307692308,Repeat Customer,296,10,High Value
CUST03351,10,16,175039.33,31550.89,17503.932999999997,Repeat Customer,2515,5,Low Value
CUST03352,9,13,115969.44,21787.5,12885.493333333334,Repeat Customer,3738,3,Low Value
CUST03353,7,9,160508.4,-1106.4099999999994,22929.77142857143,Repeat Customer,2799,5,Low Value
CUST03354,9,15,211154.75000000003,38163.450000000004,23461.63888888889,Repeat Customer,1876,7,Medium Value
CUST03355,6,8,59266.81,8490.17,9877.801666666666,Repeat Customer,4742,1,Low Value
CUST03356,11,18,218825.37,40711.31,19893.215454545454,Repeat Customer,1775,7,Medium Value
CUST03357,13,21,153835.41,23282.260000000002,11833.493076923078,Repeat Customer,2931,5,Low Value
CUST03358,12,21,183705.43,23296.8,15308.785833333333,Repeat Customer,2357,6,Low Value
CUST03359,13,22,400740.41000000003,27067.0,30826.185384615386,Repeat Customer,326,10,High Value
CUST03360,9,22,182726.49,26319.65,20302.943333333333,Repeat Customer,2377,6,Low Value
CUST03361,9,23,183214.29,35592.15,20357.143333333333,Repeat Customer,2366,6,Low Value
CUST03362,15,16,265406.55,39722.46,17693.77,Repeat Customer,1207,8,Medium Value
CUST03363,4,5,20698.42,2462.5699999999997,5174.605,Repeat Customer,4982,1,Low Value
CUST03364,12,23,506832.54,100397.72,42236.045,Repeat Customer,106,10,High Value
CUST03365,10,19,302496.37,63506.240000000005,30249.637,Repeat Customer,849,9,Medium Value
CUST03366,5,9,53971.96,9050.18,10794.392,Repeat Customer,4807,1,Low Value
CUST03367,11,14,75020.27,9683.39,6820.024545454546,Repeat Customer,4510,1,Low Value
CUST03368,10,22,385426.03,60294.00000000001,38542.603,Repeat Customer,378,10,High Value
CUST03369,13,30,177218.56,24202.45,13632.196923076923,Repeat Customer,2483,6,Low Value
CUST03370,13,21,176839.41,31156.32,13603.031538461539,Repeat Customer,2488,6,Low Value
CUST03371,8,14,141486.6,21718.079999999998,17685.825,Repeat Customer,3203,4,Low Value
CUST03372,13,24,530327.0,77502.66,40794.38461538462,Repeat Customer,80,10,High Value
CUST03373,10,19,217638.81,40485.58,21763.881,Repeat Customer,1798,7,Medium Value
CUST03374,11,19,127816.93,17888.9,11619.72090909091,Repeat Customer,3512,3,Low Value
CUST03375,13,29,272529.69,28680.52,20963.82230769231,Repeat Customer,1131,8,Medium Value
CUST03376,8,18,95312.21,12973.83,11914.02625,Repeat Customer,4155,2,Low Value
CUST03377,7,12,97394.45999999999,10194.269999999999,13913.494285714285,Repeat Customer,4108,2,Low Value
CUST03378,4,8,157846.29,35483.25,39461.5725,Repeat Customer,2865,5,Low Value
CUST03379,9,13,240111.72,12180.21,26679.08,Repeat Customer,1482,8,Medium Value
CUST03380,12,26,418850.96,57041.92,34904.246666666666,Repeat Customer,265,10,High Value
CUST03381,6,14,449261.1,85520.95,74876.84999999999,Repeat Customer,177,10,High Value
CUST03382,15,21,182303.83,14134.59,12153.588666666667,Repeat Customer,2383,6,Low Value
CUST03383,9,17,135269.92,19669.84,15029.991111111112,Repeat Customer,3349,4,Low Value
CUST03384,8,15,142474.62,13824.59,17809.3275,Repeat Customer,3180,4,Low Value
CUST03385,8,17,257581.91,24718.800000000003,32197.73875,Repeat Customer,1283,8,Medium Value
CUST03386,10,16,153627.66999999998,15758.210000000001,15362.766999999998,Repeat Customer,2941,5,Low Value
CUST03387,10,23,576942.7200000001,108342.93000000001,57694.27200000001,Repeat Customer,43,10,High Value
CUST03388,6,17,65194.0,9396.78,10865.666666666666,Repeat Customer,4656,1,Low Value
CUST03389,11,19,351184.63,51077.28999999999,31925.875454545454,Repeat Customer,527,9,Medium Value
CUST03390,8,11,142438.28,17126.41,17804.785,Repeat Customer,3182,4,Low Value
CUST03391,7,14,183882.95,19130.39,26268.992857142857,Repeat Customer,2354,6,Low Value
CUST03392,15,18,253336.7,46179.77,16889.113333333335,Repeat Customer,1332,8,Medium Value
CUST03393,5,12,123610.95,18782.59,24722.19,Repeat Customer,3592,3,Low Value
CUST03394,9,18,105506.5,16819.18,11722.944444444445,Repeat Customer,3935,3,Low Value
CUST03395,7,11,72517.97,13041.34,10359.710000000001,Repeat Customer,4558,1,Low Value
CUST03396,9,15,271402.12,42364.18,30155.79111111111,Repeat Customer,1141,8,Medium Value
CUST03397,5,7,80622.39,14561.45,16124.478,Repeat Customer,4408,2,Low Value
CUST03398,14,20,223718.0,48318.96,15979.857142857143,Repeat Customer,1695,7,Medium Value
CUST03399,15,28,444794.66,84686.75,29652.977333333332,Repeat Customer,187,10,High Value
CUST03400,9,17,238598.09,37278.35,26510.89888888889,Repeat Customer,1501,7,Medium Value
CUST03401,8,16,229615.76,39253.3,28701.97,Repeat Customer,1618,7,Medium Value
CUST03402,13,28,214853.82,42839.13,16527.216923076925,Repeat Customer,1835,7,Medium Value
CUST03403,8,14,61130.88,11457.91,7641.36,Repeat Customer,4709,1,Low Value
CUST03404,11,21,300662.78,17021.77,27332.980000000003,Repeat Customer,867,9,Medium Value
CUST03405,8,21,114612.43,15076.36,14326.55375,Repeat Customer,3766,3,Low Value
CUST03406,9,24,262409.82999999996,29231.96,29156.647777777773,Repeat Customer,1235,8,Medium Value
CUST03407,6,11,209918.12,27386.920000000002,34986.35333333333,Repeat Customer,1898,7,Medium Value
CUST03408,12,21,227920.39,50347.79,18993.365833333333,Repeat Customer,1647,7,Medium Value
CUST03409,20,38,214103.08,30747.079999999998,10705.153999999999,Repeat Customer,1841,7,Medium Value
CUST03410,12,19,277812.72,43948.88,23151.059999999998,Repeat Customer,1078,8,Medium Value
CUST03411,11,15,207613.74,32075.230000000003,18873.976363636364,Repeat Customer,1929,7,Medium Value
CUST03412,7,8,38257.85,7547.49,5465.407142857142,Repeat Customer,4917,1,Low Value
CUST03413,7,9,134615.05,21927.66,19230.721428571425,Repeat Customer,3374,4,Low Value
CUST03414,18,38,448702.07,79159.64,24927.89277777778,Repeat Customer,178,10,High Value
CUST03415,9,23,324822.64,68246.23999999999,36091.404444444444,Repeat Customer,678,9,Medium Value
CUST03416,11,21,161687.67,23818.03,14698.879090909091,Repeat Customer,2770,5,Low Value
CUST03417,7,14,82173.73999999999,11617.119999999999,11739.105714285713,Repeat Customer,4382,2,Low Value
CUST03418,11,19,261887.65,47351.85,23807.96818181818,Repeat Customer,1238,8,Medium Value
CUST03419,9,13,277363.93,38111.76,30818.214444444442,Repeat Customer,1084,8,Medium Value
CUST03420,8,12,68108.51999999999,11745.71,8513.564999999999,Repeat Customer,4626,1,Low Value
CUST03421,4,7,113514.98000000001,15896.25,28378.745000000003,Repeat Customer,3794,3,Low Value
CUST03422,5,9,153808.85,28225.22,30761.77,Repeat Customer,2932,5,Low Value
CUST03423,6,8,122404.45999999999,21262.47,20400.743333333332,Repeat Customer,3617,3,Low Value
CUST03424,12,18,275961.27999999997,44311.9,22996.77333333333,Repeat Customer,1100,8,Medium Value
CUST03425,13,25,304102.12,64094.44,23392.470769230767,Repeat Customer,831,9,Medium Value
CUST03426,10,16,181387.72,24298.64,18138.772,Repeat Customer,2401,6,Low Value
CUST03427,13,27,329337.04000000004,68912.36,25333.618461538463,Repeat Customer,649,9,Medium Value
CUST03428,12,20,133235.95,32059.149999999998,11102.995833333334,Repeat Customer,3396,4,Low Value
CUST03429,7,11,151132.47,33697.32,21590.352857142858,Repeat Customer,2992,5,Low Value
CUST03430,5,8,49718.0,11396.490000000002,9943.6,Repeat Customer,4838,1,Low Value
CUST03431,10,13,187183.47,28363.550000000003,18718.347,Repeat Customer,2285,6,Low Value
CUST03432,10,15,207437.63,41257.11,20743.763,Repeat Customer,1932,7,Medium Value
CUST03433,16,32,531068.4,77081.26,33191.775,Repeat Customer,79,10,High Value
CUST03434,7,15,89190.01,14681.2,12741.429999999998,Repeat Customer,4262,2,Low Value
CUST03435,9,11,202413.46000000002,23635.739999999998,22490.384444444448,Repeat Customer,2008,6,Low Value
CUST03436,7,20,135389.22999999998,22508.989999999998,19341.31857142857,Repeat Customer,3345,4,Low Value
CUST03437,11,21,389449.47,52122.20999999999,35404.49727272727,Repeat Customer,367,10,High Value
CUST03438,14,20,206361.25,31585.3,14740.089285714286,Repeat Customer,1949,7,Medium Value
CUST03439,6,8,28103.53,3508.46,4683.921666666666,Repeat Customer,4964,1,Low Value
CUST03440,4,9,56610.94,12031.06,14152.735,Repeat Customer,4782,1,Low Value
CUST03441,12,17,178983.31,31074.920000000002,14915.275833333333,Repeat Customer,2449,6,Low Value
CUST03442,7,12,71830.12,13077.329999999998,10261.445714285714,Repeat Customer,4568,1,Low Value
CUST03443,9,11,66298.03,6631.9,7366.447777777777,Repeat Customer,4647,1,Low Value
CUST03444,10,12,94914.51,18359.11,9491.451,Repeat Customer,4162,2,Low Value
CUST03445,9,23,248677.69,39049.37,27630.854444444445,Repeat Customer,1392,8,Medium Value
CUST03446,4,4,29514.5,4336.41,7378.625,Repeat Customer,4956,1,Low Value
CUST03447,11,16,147958.44,30493.620000000003,13450.767272727273,Repeat Customer,3066,4,Low Value
CUST03448,6,10,78140.83,19072.649999999998,13023.471666666666,Repeat Customer,4460,2,Low Value
CUST03449,10,19,141775.6,23909.82,14177.560000000001,Repeat Customer,3196,4,Low Value
CUST03450,15,23,214640.83,35791.79,14309.388666666666,Repeat Customer,1837,7,Medium Value
CUST03451,13,21,185369.77,35981.87,14259.213076923075,Repeat Customer,2321,6,Low Value
CUST03452,14,25,232344.04,40793.409999999996,16596.00285714286,Repeat Customer,1579,7,Medium Value
CUST03453,10,17,363065.01,71448.95999999999,36306.501000000004,Repeat Customer,468,10,High Value
CUST03454,4,13,239530.18000000002,56646.22,59882.545000000006,Repeat Customer,1491,8,Medium Value
CUST03455,12,20,288377.54,662.6399999999996,24031.461666666666,Repeat Customer,977,9,Medium Value
CUST03456,16,26,261691.1,58150.26,16355.69375,Repeat Customer,1240,8,Medium Value
CUST03457,6,11,72224.82,14033.49,12037.470000000001,Repeat Customer,4561,1,Low Value
CUST03458,10,17,307866.12,47276.2,30786.612,Repeat Customer,804,9,Medium Value
CUST03459,11,19,291128.85000000003,34033.49,26466.259090909094,Repeat Customer,952,9,Medium Value
CUST03460,7,8,50649.92,7837.4,7235.702857142857,Repeat Customer,4835,1,Low Value
CUST03461,11,18,119675.0,17848.17,10879.545454545454,Repeat Customer,3671,3,Low Value
CUST03462,8,17,175074.33,25005.53,21884.29125,Repeat Customer,2514,5,Low Value
CUST03463,10,19,306468.14,52567.12,30646.814000000002,Repeat Customer,818,9,Medium Value
CUST03464,9,15,143001.33,22091.769999999997,15889.036666666665,Repeat Customer,3174,4,Low Value
CUST03465,11,20,338379.82,51490.35,30761.80181818182,Repeat Customer,588,9,Medium Value
CUST03466,19,38,634173.32,104007.92,33377.54315789473,Repeat Customer,21,10,High Value
CUST03467,12,19,159830.0,24313.14,13319.166666666666,Repeat Customer,2817,5,Low Value
CUST03468,10,11,60170.93,9634.99,6017.093,Repeat Customer,4725,1,Low Value
CUST03469,12,20,343065.67,38072.67,28588.805833333332,Repeat Customer,570,9,Medium Value
CUST03470,4,4,54241.93,12809.66,13560.4825,Repeat Customer,4805,1,Low Value
CUST03471,15,22,283183.77,54892.48,18878.918,Repeat Customer,1027,8,Medium Value
CUST03472,7,11,81795.69,18235.29,11685.098571428573,Repeat Customer,4388,2,Low Value
CUST03473,13,22,197916.08000000002,19389.44,15224.313846153847,Repeat Customer,2078,6,Low Value
CUST03474,14,24,287083.98,62038.590000000004,20505.99857142857,Repeat Customer,988,9,Medium Value
CUST03475,8,17,431688.1,76065.06999999999,53961.0125,Repeat Customer,220,10,High Value
CUST03476,15,24,338056.79,63858.12,22537.119333333332,Repeat Customer,591,9,Medium Value
CUST03477,11,13,187722.69,26659.27,17065.699090909093,Repeat Customer,2271,6,Low Value
CUST03478,13,18,170658.49,25485.84,13127.576153846154,Repeat Customer,2593,5,Low Value
CUST03479,6,9,92007.73,11175.32,15334.621666666666,Repeat Customer,4218,2,Low Value
CUST03480,9,20,239208.20999999996,30440.28,26578.689999999995,Repeat Customer,1496,8,Medium Value
CUST03481,11,17,115962.89,22381.07,10542.08090909091,Repeat Customer,3739,3,Low Value
CUST03482,12,19,251973.65999999997,44795.81,20997.804999999997,Repeat Customer,1354,8,Medium Value
CUST03483,12,18,218678.78999999998,33887.28,18223.2325,Repeat Customer,1782,7,Medium Value
CUST03484,10,14,105481.11,7367.26,10548.111,Repeat Customer,3937,3,Low Value
CUST03485,7,14,56984.39,8712.1,8140.627142857143,Repeat Customer,4775,1,Low Value
CUST03486,17,27,257014.95,45242.46,15118.526470588236,Repeat Customer,1288,8,Medium Value
CUST03487,7,14,195820.58000000002,35951.23,27974.368571428575,Repeat Customer,2121,6,Low Value
CUST03488,16,33,371992.81,73348.14,23249.550625,Repeat Customer,433,10,High Value
CUST03489,10,15,261667.87,51785.0,26166.787,Repeat Customer,1241,8,Medium Value
CUST03490,13,19,322186.2,55678.08,24783.553846153845,Repeat Customer,693,9,Medium Value
CUST03491,7,14,130828.67,24395.06,18689.81,Repeat Customer,3454,4,Low Value
CUST03492,9,16,169124.87,25033.239999999998,18791.652222222223,Repeat Customer,2622,5,Low Value
CUST03493,11,24,329653.92,33126.01,29968.53818181818,Repeat Customer,647,9,Medium Value
CUST03494,6,11,117720.78,23546.28,19620.13,Repeat Customer,3708,3,Low Value
CUST03495,6,7,28811.11,5064.3,4801.8516666666665,Repeat Customer,4959,1,Low Value
CUST03496,14,19,171922.69,25971.64,12280.192142857142,Repeat Customer,2569,5,Low Value
CUST03497,11,15,229329.65,42874.38,20848.149999999998,Repeat Customer,1625,7,Medium Value
CUST03498,8,15,206419.07,25187.02,25802.38375,Repeat Customer,1946,7,Medium Value
CUST03499,11,16,142178.22999999998,21544.97,12925.293636363635,Repeat Customer,3185,4,Low Value
CUST03500,12,19,286931.95,44975.810000000005,23910.995833333334,Repeat Customer,990,9,Medium Value
CUST03501,6,11,94390.06,14932.9,15731.676666666666,Repeat Customer,4176,2,Low Value
CUST03502,10,16,190706.47,25860.58,19070.647,Repeat Customer,2214,6,Low Value
CUST03503,11,19,118570.31,20307.47,10779.119090909091,Repeat Customer,3692,3,Low Value
CUST03504,9,18,230409.66,25217.19,25601.073333333334,Repeat Customer,1605,7,Medium Value
CUST03505,9,11,97413.0,14841.37,10823.666666666666,Repeat Customer,4107,2,Low Value
CUST03506,13,26,252842.72,13037.56,19449.44,Repeat Customer,1339,8,Medium Value
CUST03507,5,6,101225.43000000001,8029.6,20245.086000000003,Repeat Customer,4032,2,Low Value
CUST03508,13,17,231226.35,31129.91,17786.64230769231,Repeat Customer,1598,7,Medium Value
CUST03509,7,10,393663.39,45712.08,56237.62714285714,Repeat Customer,352,10,High Value
CUST03510,9,12,199553.06,16667.9,22172.562222222223,Repeat Customer,2049,6,Low Value
CUST03511,8,15,179821.27000000002,25974.61,22477.658750000002,Repeat Customer,2426,6,Low Value
CUST03512,12,27,375349.08999999997,78427.67,31279.090833333332,Repeat Customer,415,10,High Value
CUST03513,6,10,412218.06,103978.25,68703.01,Repeat Customer,287,10,High Value
CUST03514,15,27,316607.63,46167.77,21107.175333333333,Repeat Customer,730,9,Medium Value
CUST03515,14,22,194142.64,32059.72,13867.33142857143,Repeat Customer,2155,6,Low Value
CUST03516,12,14,140225.25,24660.929999999997,11685.4375,Repeat Customer,3233,4,Low Value
CUST03517,12,26,299272.59,55347.51,24939.382500000003,Repeat Customer,881,9,Medium Value
CUST03518,15,28,174114.45,20381.41,11607.630000000001,Repeat Customer,2532,5,Low Value
CUST03519,7,9,74966.48,14429.68,10709.497142857143,Repeat Customer,4511,1,Low Value
CUST03520,7,11,100039.84,11386.14,14291.405714285715,Repeat Customer,4052,2,Low Value
CUST03521,8,10,118081.02,17452.79,14760.1275,Repeat Customer,3701,3,Low Value
CUST03522,5,12,126331.26999999999,23206.510000000002,25266.253999999997,Repeat Customer,3539,3,Low Value
CUST03523,11,17,389826.98,57493.36,35438.81636363636,Repeat Customer,364,10,High Value
CUST03524,11,13,120571.98999999999,22236.54,10961.089999999998,Repeat Customer,3650,3,Low Value
CUST03525,6,12,144473.34,21294.83,24078.89,Repeat Customer,3135,4,Low Value
CUST03526,10,18,172457.51,29324.489999999998,17245.751,Repeat Customer,2563,5,Low Value
CUST03527,4,11,124812.46,9926.09,31203.115,Repeat Customer,3568,3,Low Value
CUST03528,13,23,268893.52,50233.68,20684.116923076923,Repeat Customer,1175,8,Medium Value
CUST03529,10,19,97278.12,18760.489999999998,9727.812,Repeat Customer,4111,2,Low Value
CUST03530,12,18,302706.15,20879.79,25225.5125,Repeat Customer,845,9,Medium Value
CUST03531,10,26,210028.37,39716.07,21002.837,Repeat Customer,1896,7,Medium Value
CUST03532,7,9,73355.01000000001,13916.02,10479.287142857143,Repeat Customer,4542,1,Low Value
CUST03533,11,21,148996.77000000002,14847.369999999999,13545.160909090911,Repeat Customer,3028,4,Low Value
CUST03534,11,17,160178.41999999998,29346.35,14561.674545454543,Repeat Customer,2806,5,Low Value
CUST03535,16,23,259856.78,39531.130000000005,16241.04875,Repeat Customer,1265,8,Medium Value
CUST03536,9,15,312376.71,49658.509999999995,34708.52333333334,Repeat Customer,757,9,Medium Value
CUST03537,9,15,140904.28,25204.2,15656.031111111111,Repeat Customer,3217,4,Low Value
CUST03538,9,15,127664.31,7783.13,14184.923333333332,Repeat Customer,3517,3,Low Value
CUST03539,8,14,106981.91,21921.72,13372.73875,Repeat Customer,3909,3,Low Value
CUST03540,9,16,103636.20999999999,18556.91,11515.134444444444,Repeat Customer,3976,3,Low Value
CUST03541,16,30,428959.15,73065.92,26809.946875,Repeat Customer,228,10,High Value
CUST03542,17,27,298508.71,53879.19,17559.33588235294,Repeat Customer,884,9,Medium Value
CUST03543,12,26,241898.72,39701.69,20158.226666666666,Repeat Customer,1458,8,Medium Value
CUST03544,16,26,183620.32,28688.16,11476.27,Repeat Customer,2361,6,Low Value
CUST03545,11,18,192125.72,22373.77,17465.974545454545,Repeat Customer,2195,6,Low Value
CUST03546,13,24,291970.79000000004,44438.88,22459.29153846154,Repeat Customer,940,9,Medium Value
CUST03547,10,20,411636.43,42879.09,41163.643,Repeat Customer,288,10,High Value
CUST03548,8,12,158238.05,16002.080000000002,19779.75625,Repeat Customer,2857,5,Low Value
CUST03549,9,19,159977.54,19437.56,17775.282222222224,Repeat Customer,2814,5,Low Value
CUST03550,8,13,97714.86,18681.58,12214.3575,Repeat Customer,4097,2,Low Value
CUST03551,8,18,312001.37,41903.51,39000.17125,Repeat Customer,761,9,Medium Value
CUST03552,11,19,333471.41,50341.19,30315.582727272726,Repeat Customer,620,9,Medium Value
CUST03553,8,11,79138.63,14084.74,9892.32875,Repeat Customer,4442,2,Low Value
CUST03554,12,14,139777.72,18844.16,11648.143333333333,Repeat Customer,3243,4,Low Value
CUST03555,6,8,45841.42,8946.12,7640.236666666667,Repeat Customer,4866,1,Low Value
CUST03556,14,25,391339.05,65768.95,27952.789285714283,Repeat Customer,359,10,High Value
CUST03557,13,23,214705.56,13115.04,16515.812307692308,Repeat Customer,1836,7,Medium Value
CUST03558,8,11,168455.59,36150.58,21056.94875,Repeat Customer,2632,5,Low Value
CUST03559,14,29,447635.44,91613.44,31973.96,Repeat Customer,180,10,High Value
CUST03560,13,19,158143.24,31828.44,12164.864615384615,Repeat Customer,2860,5,Low Value
CUST03561,10,15,110688.69,12388.69,11068.869,Repeat Customer,3848,3,Low Value
CUST03562,14,30,220551.41999999998,39340.35,15753.672857142856,Repeat Customer,1742,7,Medium Value
CUST03563,13,23,274111.86,40741.64,21085.527692307693,Repeat Customer,1116,8,Medium Value
CUST03564,11,18,187732.44,20984.449999999997,17066.585454545453,Repeat Customer,2270,6,Low Value
CUST03565,7,12,72619.65,12709.39,10374.235714285713,Repeat Customer,4555,1,Low Value
CUST03566,9,14,136771.99,16673.8,15196.887777777776,Repeat Customer,3306,4,Low Value
CUST03567,9,16,192201.24,34031.91,21355.693333333333,Repeat Customer,2194,6,Low Value
CUST03568,14,30,213157.41,34506.66,15225.529285714287,Repeat Customer,1850,7,Medium Value
CUST03569,12,26,192912.68,33854.44,16076.056666666665,Repeat Customer,2181,6,Low Value
CUST03570,10,12,252095.44,48979.200000000004,25209.544,Repeat Customer,1351,8,Medium Value
CUST03571,13,21,324830.57,33959.59,24986.966923076925,Repeat Customer,677,9,Medium Value
CUST03572,12,21,147279.21,22430.3,12273.2675,Repeat Customer,3081,4,Low Value
CUST03573,14,28,365248.39,64103.659999999996,26089.170714285716,Repeat Customer,463,10,High Value
CUST03574,16,27,467882.07,80225.67,29242.629375,Repeat Customer,149,10,High Value
CUST03575,7,8,135783.53,10214.279999999999,19397.647142857142,Repeat Customer,3334,4,Low Value
CUST03576,9,15,297016.38,46957.71,33001.82,Repeat Customer,898,9,Medium Value
CUST03577,9,12,83357.9,16659.489999999998,9261.988888888889,Repeat Customer,4360,2,Low Value
CUST03578,12,20,161834.57,27523.25,13486.214166666667,Repeat Customer,2768,5,Low Value
CUST03579,10,16,140821.07,22764.0,14082.107,Repeat Customer,3218,4,Low Value
CUST03580,13,23,626394.85,60861.15,48184.21923076923,Repeat Customer,24,10,High Value
CUST03581,4,6,37411.83,3969.23,9352.9575,Repeat Customer,4920,1,Low Value
CUST03582,4,5,65109.38,11287.91,16277.345,Repeat Customer,4659,1,Low Value
CUST03583,12,18,125513.20000000001,24200.530000000002,10459.433333333334,Repeat Customer,3555,3,Low Value
CUST03584,5,11,277309.83,44572.17,55461.966,Repeat Customer,1085,8,Medium Value
CUST03585,13,18,249042.94,31019.519999999997,19157.14923076923,Repeat Customer,1388,8,Medium Value
CUST03586,10,24,152688.28,22864.2,15268.828,Repeat Customer,2966,5,Low Value
CUST03587,10,22,280832.26,70012.51000000001,28083.226000000002,Repeat Customer,1045,8,Medium Value
CUST03588,13,19,166743.38,26030.38,12826.413846153846,Repeat Customer,2673,5,Low Value
CUST03589,8,12,58024.11,10775.73,7253.01375,Repeat Customer,4763,1,Low Value
CUST03590,12,20,253195.01,21849.57,21099.584166666667,Repeat Customer,1333,8,Medium Value
CUST03591,8,13,142105.16,33329.92,17763.145,Repeat Customer,3188,4,Low Value
CUST03592,13,21,96971.88,12206.18,7459.375384615385,Repeat Customer,4117,2,Low Value
CUST03593,10,13,114456.87,12475.97,11445.687,Repeat Customer,3769,3,Low Value
CUST03594,8,18,227100.66,12850.51,28387.5825,Repeat Customer,1659,7,Medium Value
CUST03595,12,17,200741.06,17776.09,16728.421666666665,Repeat Customer,2036,6,Low Value
CUST03596,4,6,145506.79,30580.850000000002,36376.6975,Repeat Customer,3119,4,Low Value
CUST03597,12,17,295766.31,25555.75,24647.1925,Repeat Customer,904,9,Medium Value
CUST03598,6,12,234733.72,42092.86,39122.28666666667,Repeat Customer,1548,7,Medium Value
CUST03599,9,19,161075.72999999998,24959.95,17897.30333333333,Repeat Customer,2788,5,Low Value
CUST03600,14,26,440076.97,85921.0,31434.069285714282,Repeat Customer,203,10,High Value
CUST03601,17,29,515795.24,102450.25,30340.896470588235,Repeat Customer,94,10,High Value
CUST03602,18,30,371785.21,73115.87,20654.73388888889,Repeat Customer,435,10,High Value
CUST03603,9,27,441481.28,101460.95999999999,49053.47555555556,Repeat Customer,195,10,High Value
CUST03604,8,17,76679.87,10926.7,9584.98375,Repeat Customer,4485,2,Low Value
CUST03605,8,12,132065.4,8670.46,16508.175,Repeat Customer,3419,4,Low Value
CUST03606,8,18,189043.38,23107.36,23630.4225,Repeat Customer,2248,6,Low Value
CUST03607,12,18,197778.79,35268.89,16481.565833333334,Repeat Customer,2083,6,Low Value
CUST03608,10,21,288561.66,52274.85,28856.165999999997,Repeat Customer,974,9,Medium Value
CUST03609,8,15,173712.72,30939.969999999998,21714.09,Repeat Customer,2541,5,Low Value
CUST03610,10,15,79595.93,5845.33,7959.592999999999,Repeat Customer,4432,2,Low Value
CUST03611,15,30,704110.66,171206.6,46940.710666666666,Repeat Customer,7,10,High Value
CUST03612,10,19,309843.98,64037.02,30984.397999999997,Repeat Customer,780,9,Medium Value
CUST03613,9,20,294302.8,50854.75,32700.31111111111,Repeat Customer,917,9,Medium Value
CUST03614,6,9,158699.95,24258.2,26449.99166666667,Repeat Customer,2845,5,Low Value
CUST03615,11,22,218731.68,22941.87,19884.69818181818,Repeat Customer,1780,7,Medium Value
CUST03616,14,22,244290.58,42735.7,17449.327142857142,Repeat Customer,1444,8,Medium Value
CUST03617,14,19,234755.56,29343.120000000003,16768.254285714287,Repeat Customer,1547,7,Medium Value
CUST03618,9,15,230685.72,48077.92,25631.746666666666,Repeat Customer,1603,7,Medium Value
CUST03619,16,29,314362.46,49115.41,19647.65375,Repeat Customer,741,9,Medium Value
CUST03620,14,31,400595.87,57401.1,28613.990714285716,Repeat Customer,327,10,High Value
CUST03621,7,17,166339.19,29889.479999999996,23762.74142857143,Repeat Customer,2678,5,Low Value
CUST03622,15,25,324055.36,61786.06,21603.690666666665,Repeat Customer,684,9,Medium Value
CUST03623,7,11,179246.09,36806.26,25606.584285714285,Repeat Customer,2442,6,Low Value
CUST03624,7,14,249536.68,64334.85,35648.09714285714,Repeat Customer,1383,8,Medium Value
CUST03625,7,12,60457.39,11490.27,8636.77,Repeat Customer,4720,1,Low Value
CUST03626,8,18,157744.11,24194.85,19718.01375,Repeat Customer,2869,5,Low Value
CUST03627,13,28,343154.18,66108.96,26396.475384615384,Repeat Customer,568,9,Medium Value
CUST03628,12,23,219195.01,28565.629999999997,18266.250833333335,Repeat Customer,1766,7,Medium Value
CUST03629,10,21,202699.01,42711.4,20269.901,Repeat Customer,2003,6,Low Value
CUST03630,10,14,287258.29,49252.56,28725.828999999998,Repeat Customer,986,9,Medium Value
CUST03631,12,22,297998.59,35563.53,24833.215833333335,Repeat Customer,888,9,Medium Value
CUST03632,8,11,64993.340000000004,10163.49,8124.1675000000005,Repeat Customer,4662,1,Low Value
CUST03633,7,13,158546.33000000002,25291.280000000002,22649.475714285716,Repeat Customer,2847,5,Low Value
CUST03634,13,18,172731.66999999998,26954.72,13287.051538461537,Repeat Customer,2557,5,Low Value
CUST03635,13,29,565236.9199999999,116300.28,43479.763076923075,Repeat Customer,52,10,High Value
CUST03636,5,11,160278.5,36314.17,32055.7,Repeat Customer,2803,5,Low Value
CUST03637,8,9,122921.14,25652.5,15365.1425,Repeat Customer,3606,3,Low Value
CUST03638,7,11,233864.41,45498.96,33409.20142857143,Repeat Customer,1560,7,Medium Value
CUST03639,9,18,232073.22,20952.74,25785.913333333334,Repeat Customer,1582,7,Medium Value
CUST03640,13,25,227958.18,39477.2,17535.244615384614,Repeat Customer,1646,7,Medium Value
CUST03641,7,14,200555.67,42018.24,28650.81,Repeat Customer,2037,6,Low Value
CUST03642,7,13,119596.22,24818.81,17085.174285714285,Repeat Customer,3672,3,Low Value
CUST03643,9,12,109917.54,18749.46,12213.06,Repeat Customer,3856,3,Low Value
CUST03644,7,17,256777.7,39375.89,36682.52857142857,Repeat Customer,1291,8,Medium Value
CUST03645,6,8,34598.03,3886.1099999999997,5766.338333333333,Repeat Customer,4936,1,Low Value
CUST03646,8,14,87906.01000000001,12963.18,10988.251250000001,Repeat Customer,4278,2,Low Value
CUST03647,10,14,138424.88999999998,23699.7,13842.488999999998,Repeat Customer,3271,4,Low Value
CUST03648,8,12,152439.36000000002,19588.57,19054.920000000002,Repeat Customer,2972,5,Low Value
CUST03649,8,17,163170.08,27280.73,20396.26,Repeat Customer,2749,5,Low Value
CUST03650,7,15,147079.06,30493.579999999998,21011.294285714284,Repeat Customer,3084,4,Low Value
CUST03651,7,11,153200.62,8301.42,21885.802857142855,Repeat Customer,2954,5,Low Value
CUST03652,14,16,170049.07,23911.91,12146.362142857144,Repeat Customer,2602,5,Low Value
CUST03653,18,26,375769.92,73095.22,20876.106666666667,Repeat Customer,413,10,High Value
CUST03654,9,17,121434.85,7878.08,13492.761111111111,Repeat Customer,3636,3,Low Value
CUST03655,16,27,216327.71,29259.37,13520.481875,Repeat Customer,1813,7,Medium Value
CUST03656,12,22,172130.66999999998,19947.17,14344.222499999998,Repeat Customer,2566,5,Low Value
CUST03657,11,15,188619.36,33927.6,17147.214545454543,Repeat Customer,2252,6,Low Value
CUST03658,11,17,339174.24,54145.65,30834.021818181816,Repeat Customer,585,9,Medium Value
CUST03659,13,18,362191.66000000003,56928.5,27860.896923076925,Repeat Customer,474,10,High Value
CUST03660,11,11,174959.83,21157.52,15905.439090909089,Repeat Customer,2516,5,Low Value
CUST03661,12,19,195972.44,30900.68,16331.036666666667,Repeat Customer,2116,6,Low Value
CUST03662,13,18,202444.38,34228.54,15572.644615384615,Repeat Customer,2006,6,Low Value
CUST03663,9,15,77359.07,13182.470000000001,8595.452222222222,Repeat Customer,4477,2,Low Value
CUST03664,11,20,230378.47,45619.17,20943.497272727273,Repeat Customer,1606,7,Medium Value
CUST03665,13,17,126899.51999999999,22820.07,9761.501538461538,Repeat Customer,3532,3,Low Value
CUST03666,11,20,196338.79,26466.23,17848.98090909091,Repeat Customer,2107,6,Low Value
CUST03667,11,17,283688.47000000003,54074.58,25789.860909090912,Repeat Customer,1021,8,Medium Value
CUST03668,17,30,240837.55,35676.74,14166.914705882353,Repeat Customer,1474,8,Medium Value
CUST03669,15,19,128346.05,21457.559999999998,8556.403333333334,Repeat Customer,3506,3,Low Value
CUST03670,14,20,247901.77,45175.5,17707.269285714287,Repeat Customer,1403,8,Medium Value
CUST03671,11,18,155480.09,13013.0,14134.553636363637,Repeat Customer,2905,5,Low Value
CUST03672,11,21,140647.76,26434.5,12786.160000000002,Repeat Customer,3221,4,Low Value
CUST03673,10,14,107942.9,21943.09,10794.289999999999,Repeat Customer,3891,3,Low Value
CUST03674,9,18,141587.28,14352.47,15731.92,Repeat Customer,3201,4,Low Value
CUST03675,11,23,269542.17,52904.55,24503.833636363634,Repeat Customer,1164,8,Medium Value
CUST03676,8,16,141644.93,26278.72,17705.61625,Repeat Customer,3200,4,Low Value
CUST03677,18,36,603200.1,96365.33,33511.11666666667,Repeat Customer,29,10,High Value
CUST03678,12,20,227878.22,27554.56,18989.851666666666,Repeat Customer,1648,7,Medium Value
CUST03679,10,24,112602.9,21737.25,11260.289999999999,Repeat Customer,3815,3,Low Value
CUST03680,6,7,59223.35,8399.369999999999,9870.558333333332,Repeat Customer,4745,1,Low Value
CUST03681,8,16,170314.4,28184.079999999998,21289.3,Repeat Customer,2597,5,Low Value
CUST03682,9,16,126175.97,21025.0,14019.552222222223,Repeat Customer,3543,3,Low Value
CUST03683,7,8,202015.49,33118.25,28859.355714285713,Repeat Customer,2015,6,Low Value
CUST03684,13,20,453397.3,84713.18999999999,34876.71538461538,Repeat Customer,170,10,High Value
CUST03685,11,25,233583.26,37593.25,21234.84181818182,Repeat Customer,1563,7,Medium Value
CUST03686,9,18,93156.0,7148.5199999999995,10350.666666666666,Repeat Customer,4193,2,Low Value
CUST03687,12,22,483382.41,66047.5,40281.8675,Repeat Customer,123,10,High Value
CUST03688,10,16,112706.42,19005.07,11270.642,Repeat Customer,3810,3,Low Value
CUST03689,10,15,177293.05,35118.909999999996,17729.305,Repeat Customer,2478,6,Low Value
CUST03690,5,9,123867.58,17072.51,24773.516,Repeat Customer,3587,3,Low Value
CUST03691,16,31,259353.6,39693.86,16209.6,Repeat Customer,1267,8,Medium Value
CUST03692,8,15,279488.33,57658.51,34936.04125,Repeat Customer,1060,8,Medium Value
CUST03693,14,32,351394.87,51039.25,25099.63357142857,Repeat Customer,526,9,Medium Value
CUST03694,10,19,238366.68,36324.12,23836.667999999998,Repeat Customer,1504,7,Medium Value
CUST03695,7,17,127965.13,31317.04,18280.73285714286,Repeat Customer,3511,3,Low Value
CUST03696,10,14,193829.4,29886.61,19382.94,Repeat Customer,2159,6,Low Value
CUST03697,9,15,98514.4,18521.77,10946.044444444444,Repeat Customer,4088,2,Low Value
CUST03698,8,15,168078.44,24482.420000000002,21009.805,Repeat Customer,2642,5,Low Value
CUST03699,8,17,434464.00000000006,106046.04,54308.00000000001,Repeat Customer,212,10,High Value
CUST03700,8,10,111085.88,25145.21,13885.735,Repeat Customer,3840,3,Low Value
CUST03701,11,20,177330.78,29976.79,16120.98,Repeat Customer,2476,6,Low Value
CUST03702,8,11,139007.13,17300.48,17375.89125,Repeat Customer,3260,4,Low Value
CUST03703,7,13,334367.1,37672.04,47766.72857142857,Repeat Customer,616,9,Medium Value
CUST03704,10,15,74783.72,9350.83,7478.372,Repeat Customer,4518,1,Low Value
CUST03705,6,10,53317.58,8765.0,8886.263333333334,Repeat Customer,4812,1,Low Value
CUST03706,8,13,101577.13,21119.93,12697.14125,Repeat Customer,4022,2,Low Value
CUST03707,7,11,62720.24,6210.089999999999,8960.034285714286,Repeat Customer,4694,1,Low Value
CUST03708,12,18,168427.4,27021.25,14035.616666666667,Repeat Customer,2633,5,Low Value
CUST03709,9,19,330069.79,69042.66,36674.42111111111,Repeat Customer,644,9,Medium Value
CUST03710,9,14,194156.22,32712.38,21572.913333333334,Repeat Customer,2154,6,Low Value
CUST03711,14,22,243784.25,39158.0,17413.160714285714,Repeat Customer,1447,8,Medium Value
CUST03712,8,10,66166.57,13793.43,8270.82125,Repeat Customer,4648,1,Low Value
CUST03713,18,36,513789.9,69670.27,28543.883333333335,Repeat Customer,97,10,High Value
CUST03714,9,13,173660.77000000002,20975.04,19295.641111111112,Repeat Customer,2542,5,Low Value
CUST03715,7,17,334760.5,68350.97,47822.92857142857,Repeat Customer,612,9,Medium Value
CUST03716,7,13,222840.59,45521.21,31834.37,Repeat Customer,1710,7,Medium Value
CUST03717,6,7,28674.55,3881.5800000000004,4779.091666666666,Repeat Customer,4962,1,Low Value
CUST03718,13,26,282431.67,61181.3,21725.513076923075,Repeat Customer,1033,8,Medium Value
CUST03719,7,16,183696.82,33231.71,26242.402857142857,Repeat Customer,2359,6,Low Value
CUST03720,11,25,264495.94,40502.94,24045.085454545453,Repeat Customer,1218,8,Medium Value
CUST03721,11,20,156017.8,33034.45,14183.436363636363,Repeat Customer,2895,5,Low Value
CUST03722,16,24,368033.06,64683.32,23002.06625,Repeat Customer,451,10,High Value
CUST03723,15,22,218697.78,39137.29,14579.852,Repeat Customer,1781,7,Medium Value
CUST03724,14,27,392851.74,80111.8,28060.838571428572,Repeat Customer,354,10,High Value
CUST03725,9,15,184830.96,42646.86,20536.77333333333,Repeat Customer,2333,6,Low Value
CUST03726,5,9,75793.4,11362.1,15158.679999999998,Repeat Customer,4501,1,Low Value
CUST03727,9,23,640161.31,137467.87,71129.03444444445,Repeat Customer,19,10,High Value
CUST03728,11,21,138355.31,22491.84,12577.755454545455,Repeat Customer,3272,4,Low Value
CUST03729,11,14,137997.33,13603.04,12545.211818181817,Repeat Customer,3277,4,Low Value
CUST03730,8,9,44194.86,5916.04,5524.3575,Repeat Customer,4881,1,Low Value
CUST03731,8,17,531575.59,84666.87,66446.94875,Repeat Customer,78,10,High Value
CUST03732,9,15,305723.39999999997,75001.22,33969.26666666666,Repeat Customer,820,9,Medium Value
CUST03733,7,18,75190.54,6374.299999999999,10741.505714285713,Repeat Customer,4507,1,Low Value
CUST03734,8,15,208658.1,32565.23,26082.2625,Repeat Customer,1914,7,Medium Value
CUST03735,12,17,193188.58000000002,29629.59,16099.048333333334,Repeat Customer,2175,6,Low Value
CUST03736,14,22,244272.67,40644.770000000004,17448.047857142858,Repeat Customer,1445,8,Medium Value
CUST03737,15,28,266006.32,43800.96,17733.754666666668,Repeat Customer,1202,8,Medium Value
CUST03738,11,24,274918.69,39965.14,24992.60818181818,Repeat Customer,1109,8,Medium Value
CUST03739,9,10,84316.09,13753.65,9368.454444444444,Repeat Customer,4340,2,Low Value
CUST03740,10,19,193682.5,32752.52,19368.25,Repeat Customer,2166,6,Low Value
CUST03741,15,31,278346.17,21735.489999999998,18556.411333333333,Repeat Customer,1069,8,Medium Value
CUST03742,5,8,287789.29,46332.520000000004,57557.85799999999,Repeat Customer,982,9,Medium Value
CUST03743,16,23,122550.95,19001.34,7659.434375,Repeat Customer,3615,3,Low Value
CUST03744,6,9,152738.34,24961.18,25456.39,Repeat Customer,2963,5,Low Value
CUST03745,17,32,312645.5,45548.94,18390.91176470588,Repeat Customer,754,9,Medium Value
CUST03746,11,19,149830.5,25806.59,13620.954545454546,Repeat Customer,3010,4,Low Value
CUST03747,6,10,92248.92000000001,17469.03,15374.820000000002,Repeat Customer,4215,2,Low Value
CUST03748,7,14,87604.57,17380.510000000002,12514.938571428573,Repeat Customer,4284,2,Low Value
CUST03749,15,29,311510.02,53366.66,20767.33466666667,Repeat Customer,767,9,Medium Value
CUST03750,12,20,268316.64,45770.17,22359.72,Repeat Customer,1180,8,Medium Value
CUST03751,3,3,32982.05,4289.51,10994.016666666668,Repeat Customer,4947,1,Low Value
CUST03752,19,24,280747.65,44542.87,14776.192105263159,Repeat Customer,1047,8,Medium Value
CUST03753,12,16,176094.57,21358.29,14674.5475,Repeat Customer,2498,6,Low Value
CUST03754,12,17,194472.71000000002,33615.97,16206.059166666668,Repeat Customer,2146,6,Low Value
CUST03755,6,11,69147.23,14003.43,11524.538333333332,Repeat Customer,4608,1,Low Value
CUST03756,12,20,318164.76,36501.909999999996,26513.73,Repeat Customer,719,9,Medium Value
CUST03757,12,14,162722.32,7553.05,13560.193333333335,Repeat Customer,2756,5,Low Value
CUST03758,12,26,606045.62,79793.08,50503.801666666666,Repeat Customer,28,10,High Value
CUST03759,8,8,97642.34,3479.66,12205.2925,Repeat Customer,4099,2,Low Value
CUST03760,6,10,127528.5,28394.38,21254.75,Repeat Customer,3521,3,Low Value
CUST03761,11,25,238715.61000000002,38076.93,21701.419090909094,Repeat Customer,1498,8,Medium Value
CUST03762,6,7,59559.520000000004,6251.07,9926.586666666668,Repeat Customer,4738,1,Low Value
CUST03763,8,11,182730.03,25326.45,22841.25375,Repeat Customer,2376,6,Low Value
CUST03764,12,15,179892.30000000002,29174.170000000002,14991.025000000001,Repeat Customer,2424,6,Low Value
CUST03765,10,17,142470.55,27019.16,14247.054999999998,Repeat Customer,3181,4,Low Value
CUST03766,10,12,117218.73999999999,20147.67,11721.874,Repeat Customer,3717,3,Low Value
CUST03767,9,15,99095.67,8486.58,11010.63,Repeat Customer,4073,2,Low Value
CUST03768,13,25,191425.9,24057.94,14725.06923076923,Repeat Customer,2205,6,Low Value
CUST03769,8,14,329103.56,79822.8,41137.945,Repeat Customer,651,9,Medium Value
CUST03770,11,23,460657.0,98360.09,41877.90909090909,Repeat Customer,160,10,High Value
CUST03771,3,8,56042.34,10905.44,18680.78,Repeat Customer,4784,1,Low Value
CUST03772,13,20,181876.73,28306.51,13990.517692307692,Repeat Customer,2392,6,Low Value
CUST03773,8,16,173791.15,38606.99,21723.89375,Repeat Customer,2538,5,Low Value
CUST03774,9,12,81170.77,13178.6,9018.974444444444,Repeat Customer,4397,2,Low Value
CUST03775,7,8,103551.68,17860.72,14793.097142857141,Repeat Customer,3978,3,Low Value
CUST03776,2,2,60481.42,4506.900000000001,30240.71,Repeat Customer,4719,1,Low Value
CUST03777,8,15,293150.04000000004,52963.21,36643.755000000005,Repeat Customer,928,9,Medium Value
CUST03778,8,15,130105.62,19475.93,16263.2025,Repeat Customer,3466,4,Low Value
CUST03779,9,15,115745.45,23073.92,12860.605555555556,Repeat Customer,3746,3,Low Value
CUST03780,7,14,159596.9,23862.26,22799.557142857142,Repeat Customer,2820,5,Low Value
CUST03781,10,17,212636.63,35705.700000000004,21263.663,Repeat Customer,1859,7,Medium Value
CUST03782,13,18,139185.05,17987.15,10706.542307692307,Repeat Customer,3253,4,Low Value
CUST03783,15,28,422439.11,60654.2,28162.607333333333,Repeat Customer,248,10,High Value
CUST03784,5,6,51124.61,6234.57,10224.922,Repeat Customer,4833,1,Low Value
CUST03785,12,21,313657.14999999997,50641.33,26138.09583333333,Repeat Customer,746,9,Medium Value
CUST03786,9,13,195880.03,17398.22,21764.44777777778,Repeat Customer,2119,6,Low Value
CUST03787,13,23,269666.77,45378.76,20743.597692307692,Repeat Customer,1161,8,Medium Value
CUST03788,4,6,65838.94,9946.23,16459.735,Repeat Customer,4652,1,Low Value
CUST03789,13,23,380598.45,49143.49,29276.803846153845,Repeat Customer,393,10,High Value
CUST03790,10,19,484496.23,95942.66,48449.623,Repeat Customer,122,10,High Value
CUST03791,14,29,503858.22000000003,71408.7,35989.87285714286,Repeat Customer,111,10,High Value
CUST03792,11,16,96889.16,16098.21,8808.105454545455,Repeat Customer,4119,2,Low Value
CUST03793,13,26,586753.95,73441.81,45134.91923076923,Repeat Customer,36,10,High Value
CUST03794,14,25,360467.83999999997,67251.02,25747.702857142856,Repeat Customer,490,10,High Value
CUST03795,10,16,156708.61,13249.220000000001,15670.860999999999,Repeat Customer,2882,5,Low Value
CUST03796,13,20,190560.53,27895.98,14658.502307692308,Repeat Customer,2215,6,Low Value
CUST03797,7,8,161495.75,37025.71,23070.821428571428,Repeat Customer,2773,5,Low Value
CUST03798,17,27,266007.91000000003,32225.75,15647.52411764706,Repeat Customer,1201,8,Medium Value
CUST03799,11,13,204227.66,29105.78,18566.15090909091,Repeat Customer,1974,7,Medium Value
CUST03800,8,9,55353.630000000005,9199.26,6919.203750000001,Repeat Customer,4792,1,Low Value
CUST03801,5,9,55940.369999999995,13553.66,11188.073999999999,Repeat Customer,4786,1,Low Value
CUST03802,12,17,98456.65000000001,17611.87,8204.720833333335,Repeat Customer,4090,2,Low Value
CUST03803,12,23,305290.30000000005,63637.32,25440.858333333337,Repeat Customer,822,9,Medium Value
CUST03804,5,8,79231.64,17841.03,15846.328,Repeat Customer,4441,2,Low Value
CUST03805,10,20,227976.52,40267.88,22797.652,Repeat Customer,1645,7,Medium Value
CUST03806,5,5,23850.95,4459.15,4770.1900000000005,Repeat Customer,4977,1,Low Value
CUST03807,13,15,107152.73,14951.87,8242.517692307692,Repeat Customer,3904,3,Low Value
CUST03808,9,17,402531.06,47876.49,44725.67333333333,Repeat Customer,318,10,High Value
CUST03809,3,4,68812.6,-1182.1400000000003,22937.533333333336,Repeat Customer,4613,1,Low Value
CUST03810,7,10,58227.67,11240.71,8318.238571428572,Repeat Customer,4762,1,Low Value
CUST03811,11,21,283433.22000000003,52394.39,25766.656363636368,Repeat Customer,1023,8,Medium Value
CUST03812,16,32,146011.82,20503.239999999998,9125.73875,Repeat Customer,3100,4,Low Value
CUST03813,12,25,426079.1,58177.41,35506.59166666667,Repeat Customer,240,10,High Value
CUST03814,12,15,227410.44,29312.13,18950.87,Repeat Customer,1653,7,Medium Value
CUST03815,13,22,157818.36000000002,20406.739999999998,12139.873846153847,Repeat Customer,2866,5,Low Value
CUST03816,8,10,130990.68,22602.37,16373.835,Repeat Customer,3447,4,Low Value
CUST03817,7,15,135239.25,19268.15,19319.89285714286,Repeat Customer,3351,4,Low Value
CUST03818,14,27,144764.93,27776.66,10340.352142857142,Repeat Customer,3129,4,Low Value
CUST03819,11,16,112114.13,23313.66,10192.193636363636,Repeat Customer,3820,3,Low Value
CUST03820,7,12,61767.090000000004,9629.76,8823.87,Repeat Customer,4702,1,Low Value
CUST03821,7,12,217761.68,50600.84,31108.81142857143,Repeat Customer,1796,7,Medium Value
CUST03822,11,18,153546.88,17991.12,13958.807272727274,Repeat Customer,2943,5,Low Value
CUST03823,15,34,324095.82,34403.159999999996,21606.388,Repeat Customer,682,9,Medium Value
CUST03824,7,15,222570.68,42317.21,31795.81142857143,Repeat Customer,1714,7,Medium Value
CUST03825,5,10,107051.27,15627.059999999998,21410.254,Repeat Customer,3907,3,Low Value
CUST03826,18,29,515977.35000000003,83425.69,28665.408333333336,Repeat Customer,93,10,High Value
CUST03827,9,17,114888.12,11758.420000000002,12765.346666666666,Repeat Customer,3760,3,Low Value
CUST03828,8,11,92089.12,13068.800000000001,11511.14,Repeat Customer,4217,2,Low Value
CUST03829,11,26,431189.88,67131.33,39199.08,Repeat Customer,221,10,High Value
CUST03830,2,6,24742.23,4288.32,12371.115,Repeat Customer,4975,1,Low Value
CUST03831,7,11,76878.95999999999,7503.150000000001,10982.70857142857,Repeat Customer,4482,2,Low Value
CUST03832,6,7,170086.63,24508.780000000002,28347.771666666667,Repeat Customer,2600,5,Low Value
CUST03833,7,11,98562.37,21886.53,14080.33857142857,Repeat Customer,4086,2,Low Value
CUST03834,9,20,285939.51,44006.909999999996,31771.056666666667,Repeat Customer,1001,8,Medium Value
CUST03835,11,17,237869.43,10260.73,21624.493636363637,Repeat Customer,1512,7,Medium Value
CUST03836,10,19,189859.52,30572.85,18985.951999999997,Repeat Customer,2228,6,Low Value
CUST03837,12,15,273381.67,39803.869999999995,22781.805833333332,Repeat Customer,1124,8,Medium Value
CUST03838,11,21,308035.26,49256.520000000004,28003.205454545456,Repeat Customer,801,9,Medium Value
CUST03839,14,22,204723.63999999998,44883.130000000005,14623.117142857142,Repeat Customer,1967,7,Medium Value
CUST03840,15,27,318036.33,45614.86,21202.422000000002,Repeat Customer,721,9,Medium Value
CUST03841,9,21,127583.32,21616.55,14175.924444444445,Repeat Customer,3519,3,Low Value
CUST03842,3,4,10742.099999999999,2036.18,3580.6999999999994,Repeat Customer,4994,1,Low Value
CUST03843,10,20,103393.57,18754.04,10339.357,Repeat Customer,3983,3,Low Value
CUST03844,6,11,118518.51,25942.59,19753.085,Repeat Customer,3694,3,Low Value
CUST03845,12,18,214249.88,36926.54,17854.156666666666,Repeat Customer,1839,7,Medium Value
CUST03846,8,15,69547.64,9557.18,8693.455,Repeat Customer,4600,1,Low Value
CUST03847,6,15,156916.1,30026.059999999998,26152.683333333334,Repeat Customer,2880,5,Low Value
CUST03848,7,9,52207.28,5334.32,7458.182857142857,Repeat Customer,4822,1,Low Value
CUST03849,6,12,152541.86,24033.89,25423.64333333333,Repeat Customer,2969,5,Low Value
CUST03850,4,5,50518.200000000004,10641.65,12629.550000000001,Repeat Customer,4836,1,Low Value
CUST03851,5,10,177241.36,30451.550000000003,35448.272,Repeat Customer,2481,6,Low Value
CUST03852,9,13,92528.55,15803.15,10280.95,Repeat Customer,4209,2,Low Value
CUST03853,6,11,138773.56,20286.25,23128.926666666666,Repeat Customer,3265,4,Low Value
CUST03854,11,17,304877.13,37188.13,27716.102727272726,Repeat Customer,826,9,Medium Value
CUST03855,9,20,437677.89,76544.85,48630.87666666667,Repeat Customer,207,10,High Value
CUST03856,8,13,187735.86,27367.54,23466.9825,Repeat Customer,2269,6,Low Value
CUST03857,11,20,378540.24,72905.81999999999,34412.74909090909,Repeat Customer,405,10,High Value
CUST03858,4,6,64708.27,8322.220000000001,16177.0675,Repeat Customer,4668,1,Low Value
CUST03859,11,21,128008.8,12227.77,11637.163636363637,Repeat Customer,3510,3,Low Value
CUST03860,13,20,137124.9,19019.670000000002,10548.06923076923,Repeat Customer,3299,4,Low Value
CUST03861,8,11,152602.0,34043.83,19075.25,Repeat Customer,2968,5,Low Value
CUST03862,17,32,276548.6,37500.65,16267.564705882352,Repeat Customer,1094,8,Medium Value
CUST03863,9,12,279507.94,49221.1,31056.437777777777,Repeat Customer,1059,8,Medium Value
CUST03864,11,14,220324.68,40285.08,20029.51636363636,Repeat Customer,1749,7,Medium Value
CUST03865,8,11,163812.04,27670.019999999997,20476.505,Repeat Customer,2735,5,Low Value
CUST03866,9,13,129452.47,22340.48,14383.607777777777,Repeat Customer,3480,4,Low Value
CUST03867,11,20,185442.05,25110.12,16858.36818181818,Repeat Customer,2319,6,Low Value
CUST03868,3,3,89756.77,16067.25,29918.923333333336,Repeat Customer,4257,2,Low Value
CUST03869,16,28,436167.07,80766.98999999999,27260.441875,Repeat Customer,209,10,High Value
CUST03870,14,29,161159.72,25123.18,11511.408571428572,Repeat Customer,2784,5,Low Value
CUST03871,15,24,319357.94,30284.35,21290.529333333332,Repeat Customer,711,9,Medium Value
CUST03872,4,6,49704.990000000005,11060.79,12426.247500000001,Repeat Customer,4839,1,Low Value
CUST03873,6,8,203831.88,27830.969999999998,33971.98,Repeat Customer,1982,7,Medium Value
CUST03874,8,15,153419.07,31858.03,19177.38375,Repeat Customer,2947,5,Low Value
CUST03875,9,13,157386.05000000002,33325.86,17487.33888888889,Repeat Customer,2874,5,Low Value
CUST03876,14,21,228244.53,38065.7,16303.180714285714,Repeat Customer,1643,7,Medium Value
CUST03877,9,12,51709.74,8839.87,5745.526666666667,Repeat Customer,4824,1,Low Value
CUST03878,6,13,185445.72,23949.769999999997,30907.62,Repeat Customer,2318,6,Low Value
CUST03879,10,20,311366.24,54087.11,31136.624,Repeat Customer,769,9,Medium Value
CUST03880,8,16,250025.38,21351.54,31253.1725,Repeat Customer,1377,8,Medium Value
CUST03881,10,14,139600.03,21276.84,13960.003,Repeat Customer,3246,4,Low Value
CUST03882,10,18,116746.98000000001,18332.84,11674.698,Repeat Customer,3722,3,Low Value
CUST03883,14,19,183025.55,31187.1,13073.253571428571,Repeat Customer,2368,6,Low Value
CUST03884,9,11,137462.29,21690.379999999997,15273.587777777779,Repeat Customer,3291,4,Low Value
CUST03885,11,24,279480.77,40229.84,25407.342727272728,Repeat Customer,1061,8,Medium Value
CUST03886,8,16,137207.54,3140.87,17150.9425,Repeat Customer,3295,4,Low Value
CUST03887,8,12,144273.83,21923.350000000002,18034.22875,Repeat Customer,3140,4,Low Value
CUST03888,10,17,181182.55,22677.11,18118.254999999997,Repeat Customer,2407,6,Low Value
CUST03889,5,12,76897.63,12110.91,15379.526000000002,Repeat Customer,4481,2,Low Value
CUST03890,11,21,292588.08,39768.55,26598.916363636366,Repeat Customer,934,9,Medium Value
CUST03891,10,15,131235.36,19135.19,13123.535999999998,Repeat Customer,3439,4,Low Value
CUST03892,10,21,129776.23999999999,24874.149999999998,12977.624,Repeat Customer,3474,4,Low Value
CUST03893,11,23,165885.48,29620.21,15080.498181818182,Repeat Customer,2689,5,Low Value
CUST03894,12,19,185883.02,32701.4,15490.251666666665,Repeat Customer,2309,6,Low Value
CUST03895,16,28,412968.83,67626.32,25810.551875,Repeat Customer,282,10,High Value
CUST03896,7,18,159718.27000000002,22718.61,22816.895714285718,Repeat Customer,2819,5,Low Value
CUST03897,15,22,311862.44,45052.44,20790.829333333335,Repeat Customer,763,9,Medium Value
CUST03898,9,20,195442.85,35405.840000000004,21715.872222222224,Repeat Customer,2129,6,Low Value
CUST03899,12,25,256822.56,46525.75,21401.88,Repeat Customer,1290,8,Medium Value
CUST03900,8,16,103881.02,18814.14,12985.1275,Repeat Customer,3970,3,Low Value
CUST03901,11,15,245677.3,42951.96,22334.3,Repeat Customer,1428,8,Medium Value
CUST03902,8,9,71048.95,13616.09,8881.11875,Repeat Customer,4577,1,Low Value
CUST03903,14,26,268707.51,40437.96,19193.393571428573,Repeat Customer,1179,8,Medium Value
CUST03904,10,14,119554.07,14681.56,11955.407000000001,Repeat Customer,3673,3,Low Value
CUST03905,8,12,321662.78,62610.16,40207.8475,Repeat Customer,694,9,Medium Value
CUST03906,6,10,64241.67,12111.5,10706.945,Repeat Customer,4675,1,Low Value
CUST03907,6,13,108729.07,18131.449999999997,18121.51166666667,Repeat Customer,3874,3,Low Value
CUST03908,10,21,288422.11,46689.08,28842.211,Repeat Customer,976,9,Medium Value
CUST03909,10,13,116569.68,17218.28,11656.967999999999,Repeat Customer,3725,3,Low Value
CUST03910,10,28,332329.74,56793.54,33232.974,Repeat Customer,630,9,Medium Value
CUST03911,12,18,279168.82,23895.84,23264.068333333333,Repeat Customer,1063,8,Medium Value
CUST03912,10,17,345293.63,51290.39,34529.363,Repeat Customer,557,9,Medium Value
CUST03913,14,28,195662.63,16890.91,13975.902142857143,Repeat Customer,2124,6,Low Value
CUST03914,10,17,123939.51000000001,21689.59,12393.951000000001,Repeat Customer,3584,3,Low Value
CUST03915,11,20,150203.99,26468.01,13654.90818181818,Repeat Customer,3002,4,Low Value
CUST03916,10,17,140222.52,31116.56,14022.251999999999,Repeat Customer,3234,4,Low Value
CUST03917,7,16,208993.54,31996.010000000002,29856.22,Repeat Customer,1909,7,Medium Value
CUST03918,14,19,279038.61,51965.12,19931.329285714284,Repeat Customer,1064,8,Medium Value
CUST03919,11,18,145979.09,23380.83,13270.826363636363,Repeat Customer,3102,4,Low Value
CUST03920,11,20,123060.41,14512.22,11187.31,Repeat Customer,3603,3,Low Value
CUST03921,12,23,127789.04000000001,23650.61,10649.086666666668,Repeat Customer,3514,3,Low Value
CUST03922,12,16,306959.46,47610.229999999996,25579.955,Repeat Customer,812,9,Medium Value
CUST03923,7,9,54699.270000000004,8079.5,7814.181428571429,Repeat Customer,4799,1,Low Value
CUST03924,8,14,138336.59,20109.29,17292.07375,Repeat Customer,3273,4,Low Value
CUST03925,9,16,143007.07,26718.92,15889.674444444445,Repeat Customer,3172,4,Low Value
CUST03926,12,15,122330.95,20943.2,10194.245833333332,Repeat Customer,3621,3,Low Value
CUST03927,9,16,80158.68,10068.11,8906.519999999999,Repeat Customer,4419,2,Low Value
CUST03928,12,15,116003.18,16438.190000000002,9666.931666666665,Repeat Customer,3736,3,Low Value
CUST03929,11,19,153799.00999999998,26274.83,13981.72818181818,Repeat Customer,2934,5,Low Value
CUST03930,10,15,249710.93,41509.76,24971.093,Repeat Customer,1379,8,Medium Value
CUST03931,12,23,268314.83999999997,22083.120000000003,22359.569999999996,Repeat Customer,1181,8,Medium Value
CUST03932,11,18,144054.47,19791.170000000002,13095.860909090909,Repeat Customer,3146,4,Low Value
CUST03933,13,19,184167.38999999998,24944.21,14166.722307692307,Repeat Customer,2348,6,Low Value
CUST03934,9,12,104184.04000000001,16031.140000000001,11576.004444444445,Repeat Customer,3962,3,Low Value
CUST03935,9,16,372350.55,44601.74,41372.28333333333,Repeat Customer,430,10,High Value
CUST03936,10,12,133802.68,26520.67,13380.268,Repeat Customer,3386,4,Low Value
CUST03937,10,17,162623.9,34326.719999999994,16262.39,Repeat Customer,2758,5,Low Value
CUST03938,8,12,163005.07,35424.38,20375.63375,Repeat Customer,2750,5,Low Value
CUST03939,14,25,308443.49,54667.09,22031.677857142855,Repeat Customer,797,9,Medium Value
CUST03940,14,31,196594.15,40378.05,14042.439285714285,Repeat Customer,2101,6,Low Value
CUST03941,6,13,80139.41,10050.800000000001,13356.568333333335,Repeat Customer,4420,2,Low Value
CUST03942,8,12,179509.82,19921.36,22438.7275,Repeat Customer,2437,6,Low Value
CUST03943,11,24,277797.21,44311.61,25254.29181818182,Repeat Customer,1079,8,Medium Value
CUST03944,6,14,308988.10000000003,59809.72,51498.01666666667,Repeat Customer,790,9,Medium Value
CUST03945,11,18,104763.41,16370.13,9523.946363636363,Repeat Customer,3951,3,Low Value
CUST03946,12,21,271851.60000000003,50849.79,22654.300000000003,Repeat Customer,1137,8,Medium Value
CUST03947,7,11,129699.56999999999,18310.600000000002,18528.51,Repeat Customer,3477,4,Low Value
CUST03948,10,17,221749.36000000002,34306.45,22174.936,Repeat Customer,1727,7,Medium Value
CUST03949,9,19,84143.26000000001,12474.45,9349.251111111113,Repeat Customer,4343,2,Low Value
CUST03950,6,13,65417.05,12586.220000000001,10902.841666666667,Repeat Customer,4655,1,Low Value
CUST03951,11,19,140934.34,23650.37,12812.212727272727,Repeat Customer,3215,4,Low Value
CUST03952,3,6,49389.72,12728.66,16463.24,Repeat Customer,4840,1,Low Value
CUST03953,10,12,110470.8,8307.43,11047.08,Repeat Customer,3851,3,Low Value
CUST03954,9,15,343653.61,54010.05,38183.734444444446,Repeat Customer,565,9,Medium Value
CUST03955,7,10,112037.2,12823.48,16005.314285714285,Repeat Customer,3824,3,Low Value
CUST03956,11,24,257473.34,32138.61,23406.66727272727,Repeat Customer,1285,8,Medium Value
CUST03957,12,20,120725.84000000001,16703.86,10060.486666666668,Repeat Customer,3647,3,Low Value
CUST03958,9,9,109528.29000000001,16385.07,12169.810000000001,Repeat Customer,3865,3,Low Value
CUST03959,11,27,403800.68,72069.51,36709.152727272725,Repeat Customer,314,10,High Value
CUST03960,12,19,117332.28,23261.129999999997,9777.69,Repeat Customer,3715,3,Low Value
CUST03961,17,25,318807.95,57775.96,18753.40882352941,Repeat Customer,714,9,Medium Value
CUST03962,4,9,94992.84,18404.16,23748.21,Repeat Customer,4160,2,Low Value
CUST03963,4,8,56650.34,11872.67,14162.585,Repeat Customer,4780,1,Low Value
CUST03964,9,10,70361.41,10256.2,7817.934444444445,Repeat Customer,4589,1,Low Value
CUST03965,8,15,182298.63,33413.67,22787.32875,Repeat Customer,2384,6,Low Value
CUST03966,14,26,166115.87,25316.1,11865.419285714286,Repeat Customer,2684,5,Low Value
CUST03967,12,19,187225.28,32634.84,15602.106666666667,Repeat Customer,2284,6,Low Value
CUST03968,12,27,410517.23,75537.77,34209.769166666665,Repeat Customer,290,10,High Value
CUST03969,9,17,366581.38,57424.98,40731.264444444445,Repeat Customer,456,10,High Value
CUST03970,13,23,360559.27,44899.33,27735.328461538462,Repeat Customer,489,10,High Value
CUST03971,9,17,282337.22,48465.32,31370.80222222222,Repeat Customer,1035,8,Medium Value
CUST03972,6,8,84529.64,13021.55,14088.273333333333,Repeat Customer,4337,2,Low Value
CUST03973,7,14,74901.31,10034.400000000001,10700.187142857143,Repeat Customer,4514,1,Low Value
CUST03974,12,19,186576.88,30048.109999999997,15548.073333333334,Repeat Customer,2298,6,Low Value
CUST03975,10,16,184554.66999999998,25436.239999999998,18455.466999999997,Repeat Customer,2335,6,Low Value
CUST03976,8,16,81297.16,15093.94,10162.145,Repeat Customer,4392,2,Low Value
CUST03977,14,30,452984.82,109416.61,32356.058571428573,Repeat Customer,171,10,High Value
CUST03978,6,9,200832.11,22522.84,33472.01833333333,Repeat Customer,2034,6,Low Value
CUST03979,14,30,348258.31,53344.08,24875.59357142857,Repeat Customer,541,9,Medium Value
CUST03980,9,14,173014.56,28764.43,19223.84,Repeat Customer,2555,5,Low Value
CUST03981,7,11,112619.3,20380.100000000002,16088.471428571429,Repeat Customer,3813,3,Low Value
CUST03982,13,30,585184.29,138473.53999999998,45014.17615384616,Repeat Customer,39,10,High Value
CUST03983,14,22,505691.45999999996,86701.73,36120.81857142857,Repeat Customer,109,10,High Value
CUST03984,12,16,138670.69,28120.25,11555.890833333333,Repeat Customer,3266,4,Low Value
CUST03985,7,19,335682.08,61195.68,47954.58285714286,Repeat Customer,610,9,Medium Value
CUST03986,4,5,216946.26,20836.6,54236.565,Repeat Customer,1806,7,Medium Value
CUST03987,15,26,507539.79,83042.91,33835.986,Repeat Customer,105,10,High Value
CUST03988,11,12,87063.49,11049.34,7914.862727272728,Repeat Customer,4299,2,Low Value
CUST03989,9,16,91295.41,12853.59,10143.934444444445,Repeat Customer,4228,2,Low Value
CUST03990,7,11,87204.11,18566.85,12457.73,Repeat Customer,4297,2,Low Value
CUST03991,12,27,189059.31,25854.7,15754.9425,Repeat Customer,2247,6,Low Value
CUST03992,11,17,117045.25,25099.73,10640.477272727272,Repeat Customer,3719,3,Low Value
CUST03993,11,26,280884.51,50851.68,25534.955454545456,Repeat Customer,1044,8,Medium Value
CUST03994,9,15,151693.47,23930.91,16854.83,Repeat Customer,2985,5,Low Value
CUST03995,11,21,128724.9,24834.16,11702.263636363636,Repeat Customer,3499,4,Low Value
CUST03996,9,16,76529.57,10263.16,8503.285555555556,Repeat Customer,4488,2,Low Value
CUST03997,11,28,302686.53,50630.81,27516.957272727275,Repeat Customer,846,9,Medium Value
CUST03998,6,8,113309.51999999999,13074.69,18884.92,Repeat Customer,3796,3,Low Value
CUST03999,18,33,671031.87,62643.31,37279.54833333333,Repeat Customer,11,10,High Value
CUST04000,11,21,245128.04,38261.38,22284.367272727275,Repeat Customer,1434,8,Medium Value
CUST04001,15,32,700135.32,117311.43,46675.687999999995,Repeat Customer,8,10,High Value
CUST04002,11,18,286489.29,43636.7,26044.480909090908,Repeat Customer,995,9,Medium Value
CUST04003,9,13,173856.3,47.49999999999977,19317.366666666665,Repeat Customer,2536,5,Low Value
CUST04004,10,19,200218.4,36651.88,20021.84,Repeat Customer,2042,6,Low Value
CUST04005,8,10,130768.76000000001,15051.58,16346.095000000001,Repeat Customer,3456,4,Low Value
CUST04006,11,29,268834.72000000003,35849.659999999996,24439.520000000004,Repeat Customer,1178,8,Medium Value
CUST04007,14,24,319835.68,56275.590000000004,22845.405714285713,Repeat Customer,706,9,Medium Value
CUST04008,15,20,269894.33,52349.67,17992.955333333335,Repeat Customer,1152,8,Medium Value
CUST04009,9,15,104038.74,13187.279999999999,11559.86,Repeat Customer,3966,3,Low Value
CUST04010,9,18,159077.08000000002,21020.86,17675.231111111112,Repeat Customer,2833,5,Low Value
CUST04011,5,12,312580.19,75714.95,62516.038,Repeat Customer,756,9,Medium Value
CUST04012,11,19,291546.84,50741.43,26504.258181818182,Repeat Customer,945,9,Medium Value
CUST04013,13,28,300467.38,53070.88,23112.875384615385,Repeat Customer,869,9,Medium Value
CUST04014,8,15,97609.96,16236.939999999999,12201.245,Repeat Customer,4100,2,Low Value
CUST04015,4,7,22501.27,2619.15,5625.3175,Repeat Customer,4979,1,Low Value
CUST04016,7,9,95434.66,15519.550000000001,13633.522857142858,Repeat Customer,4150,2,Low Value
CUST04017,14,21,148972.8,15790.89,10640.914285714285,Repeat Customer,3033,4,Low Value
CUST04018,13,15,131805.02,23335.96,10138.847692307692,Repeat Customer,3427,4,Low Value
CUST04019,8,16,125335.11,19349.36,15666.88875,Repeat Customer,3559,3,Low Value
CUST04020,9,19,171272.99,19459.52,19030.33222222222,Repeat Customer,2582,5,Low Value
CUST04021,12,17,269812.75,40696.119999999995,22484.395833333332,Repeat Customer,1154,8,Medium Value
CUST04022,13,23,243568.58,28438.39,18736.044615384613,Repeat Customer,1448,8,Medium Value
CUST04023,15,25,366416.43,54920.92,24427.762,Repeat Customer,459,10,High Value
CUST04024,8,10,54765.86,10366.03,6845.7325,Repeat Customer,4798,1,Low Value
CUST04025,9,22,227103.14,42783.17,25233.682222222225,Repeat Customer,1658,7,Medium Value
CUST04026,13,18,172178.18,34943.909999999996,13244.475384615384,Repeat Customer,2564,5,Low Value
CUST04027,8,12,154012.5,23542.44,19251.5625,Repeat Customer,2928,5,Low Value
CUST04028,14,28,229079.21000000002,38466.72,16362.800714285715,Repeat Customer,1630,7,Medium Value
CUST04029,14,23,162333.63999999998,23018.71,11595.259999999998,Repeat Customer,2762,5,Low Value
CUST04030,9,13,89101.61,15876.12,9900.17888888889,Repeat Customer,4264,2,Low Value
CUST04031,8,21,182600.47,41729.7,22825.05875,Repeat Customer,2379,6,Low Value
CUST04032,11,23,337479.13,63235.28999999999,30679.92090909091,Repeat Customer,596,9,Medium Value
CUST04033,11,15,140599.57,22606.41,12781.77909090909,Repeat Customer,3222,4,Low Value
CUST04034,11,18,233155.74000000002,32699.02,21195.976363636364,Repeat Customer,1567,7,Medium Value
CUST04035,3,6,79294.45,6972.12,26431.483333333334,Repeat Customer,4439,2,Low Value
CUST04036,8,11,130546.14,29645.600000000002,16318.2675,Repeat Customer,3461,4,Low Value
CUST04037,8,15,105466.94,19335.49,13183.3675,Repeat Customer,3938,3,Low Value
CUST04038,11,18,245664.18000000002,55717.88,22333.107272727273,Repeat Customer,1429,8,Medium Value
CUST04039,14,19,120460.86,28240.37,8604.347142857143,Repeat Customer,3651,3,Low Value
CUST04040,9,17,437699.77999999997,17328.56,48633.30888888889,Repeat Customer,206,10,High Value
CUST04041,12,22,210379.07,24977.02,17531.58916666667,Repeat Customer,1889,7,Medium Value
CUST04042,12,22,354843.73,60232.62,29570.310833333333,Repeat Customer,508,9,Medium Value
CUST04043,10,12,98641.35,16257.98,9864.135,Repeat Customer,4084,2,Low Value
CUST04044,15,30,239248.87,30644.82,15949.924666666666,Repeat Customer,1494,8,Medium Value
CUST04045,14,20,262256.27999999997,39555.06,18732.591428571428,Repeat Customer,1236,8,Medium Value
CUST04046,8,15,166875.69,31228.14,20859.46125,Repeat Customer,2670,5,Low Value
CUST04047,2,2,62508.17,14697.46,31254.085,Repeat Customer,4697,1,Low Value
CUST04048,9,14,290951.98,17291.31,32327.997777777775,Repeat Customer,957,9,Medium Value
CUST04049,12,21,203379.66,29398.96,16948.305,Repeat Customer,1992,7,Medium Value
CUST04050,11,14,189516.84,44654.61,17228.803636363635,Repeat Customer,2235,6,Low Value
CUST04051,10,16,223539.78,39442.86,22353.978,Repeat Customer,1696,7,Medium Value
CUST04052,5,6,123911.65000000001,15952.93,24782.33,Repeat Customer,3585,3,Low Value
CUST04053,8,16,136448.22999999998,24952.17,17056.028749999998,Repeat Customer,3319,4,Low Value
CUST04054,8,12,148761.06,13180.01,18595.1325,Repeat Customer,3040,4,Low Value
CUST04055,7,15,166786.98,4145.6900000000005,23826.71142857143,Repeat Customer,2672,5,Low Value
CUST04056,10,14,266023.70999999996,45175.14,26602.370999999996,Repeat Customer,1200,8,Medium Value
CUST04057,4,6,102774.9,20306.31,25693.725,Repeat Customer,3990,3,Low Value
CUST04058,6,6,62519.09,14751.31,10419.848333333333,Repeat Customer,4696,1,Low Value
CUST04059,7,8,57705.96,10500.25,8243.708571428571,Repeat Customer,4767,1,Low Value
CUST04060,12,14,184431.17,27744.62,15369.264166666668,Repeat Customer,2338,6,Low Value
CUST04061,7,9,130559.01999999999,14416.18,18651.28857142857,Repeat Customer,3460,4,Low Value
CUST04062,7,11,88005.84999999999,15910.339999999998,12572.264285714284,Repeat Customer,4277,2,Low Value
CUST04063,10,19,290126.22,27761.67,29012.621999999996,Repeat Customer,964,9,Medium Value
CUST04064,12,21,185916.88999999998,31285.07,15493.074166666665,Repeat Customer,2307,6,Low Value
CUST04065,9,18,172489.49,26142.45,19165.498888888887,Repeat Customer,2562,5,Low Value
CUST04066,7,18,294746.02,34062.92,42106.57428571429,Repeat Customer,910,9,Medium Value
CUST04067,7,8,56790.13,9534.41,8112.875714285714,Repeat Customer,4778,1,Low Value
CUST04068,13,33,526004.4400000001,99136.42,40461.880000000005,Repeat Customer,85,10,High Value
CUST04069,13,27,192378.63,36945.58,14798.356153846154,Repeat Customer,2190,6,Low Value
CUST04070,9,25,215833.44999999998,37505.7,23981.49444444444,Repeat Customer,1820,7,Medium Value
CUST04071,12,20,128273.61,25279.35,10689.4675,Repeat Customer,3507,3,Low Value
CUST04072,10,11,135752.68,23327.59,13575.268,Repeat Customer,3335,4,Low Value
CUST04073,8,12,197780.43,29913.46,24722.55375,Repeat Customer,2082,6,Low Value
CUST04074,7,12,74293.9,9721.91,10613.414285714285,Repeat Customer,4526,1,Low Value
CUST04075,12,16,187071.26,36098.25,15589.271666666667,Repeat Customer,2287,6,Low Value
CUST04076,7,14,112638.08,11358.21,16091.154285714287,Repeat Customer,3812,3,Low Value
CUST04077,7,15,421719.79,57201.53,60245.684285714284,Repeat Customer,252,10,High Value
CUST04078,13,25,456790.31000000006,71662.37000000001,35137.71615384616,Repeat Customer,165,10,High Value
CUST04079,10,17,156719.93,21565.100000000002,15671.992999999999,Repeat Customer,2881,5,Low Value
CUST04080,11,16,176346.9,28456.27,16031.536363636364,Repeat Customer,2494,6,Low Value
CUST04081,12,15,108321.74,16985.54,9026.811666666666,Repeat Customer,3884,3,Low Value
CUST04082,12,27,399806.7,85782.66,33317.225,Repeat Customer,331,10,High Value
CUST04083,10,19,250671.25999999998,37884.61,25067.125999999997,Repeat Customer,1373,8,Medium Value
CUST04084,11,12,170817.68,40544.299999999996,15528.88,Repeat Customer,2587,5,Low Value
CUST04085,18,26,207855.82,24880.260000000002,11547.545555555556,Repeat Customer,1924,7,Medium Value
CUST04086,8,13,168344.56,31398.81,21043.07,Repeat Customer,2636,5,Low Value
CUST04087,9,19,184191.59,23418.48,20465.73222222222,Repeat Customer,2347,6,Low Value
CUST04088,11,16,237945.65,44399.229999999996,21631.422727272726,Repeat Customer,1510,7,Medium Value
CUST04089,8,13,192257.52000000002,36287.409999999996,24032.190000000002,Repeat Customer,2193,6,Low Value
CUST04090,12,24,357176.17,46557.03,29764.680833333332,Repeat Customer,503,9,Medium Value
CUST04091,9,17,131497.27,11922.59,14610.807777777776,Repeat Customer,3434,4,Low Value
CUST04092,8,14,77097.77,5473.41,9637.22125,Repeat Customer,4480,2,Low Value
CUST04093,11,19,89592.29,7382.3099999999995,8144.753636363635,Repeat Customer,4259,2,Low Value
CUST04094,9,15,168612.08,16861.1,18734.675555555554,Repeat Customer,2629,5,Low Value
CUST04095,9,21,125422.29000000001,25788.05,13935.810000000001,Repeat Customer,3558,3,Low Value
CUST04096,12,21,260018.41999999998,52679.159999999996,21668.201666666664,Repeat Customer,1264,8,Medium Value
CUST04097,10,15,174049.7,31706.3,17404.97,Repeat Customer,2534,5,Low Value
CUST04098,9,12,102964.38,16436.27,11440.486666666668,Repeat Customer,3987,3,Low Value
CUST04099,5,10,58355.73,8253.8,11671.146,Repeat Customer,4760,1,Low Value
CUST04100,11,19,179218.74000000002,29446.86,16292.61272727273,Repeat Customer,2444,6,Low Value
CUST04101,12,28,154872.21,26888.35,12906.0175,Repeat Customer,2915,5,Low Value
CUST04102,8,13,82007.31,10962.78,10250.91375,Repeat Customer,4384,2,Low Value
CUST04103,14,20,409701.39,79111.34999999999,29264.385000000002,Repeat Customer,291,10,High Value
CUST04104,14,24,282943.38,31623.7,20210.24142857143,Repeat Customer,1030,8,Medium Value
CUST04105,9,14,124218.52,20680.340000000004,13802.057777777778,Repeat Customer,3579,3,Low Value
CUST04106,9,19,585126.3,98683.01999999999,65014.03333333334,Repeat Customer,40,10,High Value
CUST04107,9,13,96572.23,9305.369999999999,10730.247777777777,Repeat Customer,4131,2,Low Value
CUST04108,8,11,192741.65,33869.06,24092.70625,Repeat Customer,2185,6,Low Value
CUST04109,10,22,197205.94,27317.83,19720.594,Repeat Customer,2093,6,Low Value
CUST04110,10,12,73955.95999999999,12372.91,7395.596,Repeat Customer,4532,1,Low Value
CUST04111,5,7,69262.37999999999,13694.45,13852.475999999999,Repeat Customer,4606,1,Low Value
CUST04112,11,25,204316.6,27704.54,18574.236363636363,Repeat Customer,1973,7,Medium Value
CUST04113,11,15,112647.71,20957.65,10240.70090909091,Repeat Customer,3811,3,Low Value
CUST04114,6,12,125564.20999999999,21373.09,20927.368333333332,Repeat Customer,3553,3,Low Value
CUST04115,9,14,127811.64,22025.11,14201.293333333333,Repeat Customer,3513,3,Low Value
CUST04116,11,21,138990.61,29004.91,12635.509999999998,Repeat Customer,3261,4,Low Value
CUST04117,9,13,98492.56,20485.68,10943.617777777778,Repeat Customer,4089,2,Low Value
CUST04118,7,14,95565.92,17005.29,13652.274285714286,Repeat Customer,4149,2,Low Value
CUST04119,4,6,55991.18,7212.49,13997.795,Repeat Customer,4785,1,Low Value
CUST04120,14,27,144432.56,25351.579999999998,10316.611428571428,Repeat Customer,3136,4,Low Value
CUST04121,6,10,83558.97,10595.66,13926.495,Repeat Customer,4355,2,Low Value
CUST04122,7,10,67878.19,11932.0,9696.884285714286,Repeat Customer,4632,1,Low Value
CUST04123,11,17,272329.4,39544.22,24757.218181818185,Repeat Customer,1135,8,Medium Value
CUST04124,16,27,332008.57,58660.53,20750.535625,Repeat Customer,633,9,Medium Value
CUST04125,7,12,137695.05,21573.75,19670.721428571425,Repeat Customer,3284,4,Low Value
CUST04126,10,20,121417.7,20971.14,12141.77,Repeat Customer,3638,3,Low Value
CUST04127,10,20,379496.55,47159.55,37949.655,Repeat Customer,399,10,High Value
CUST04128,11,17,195406.9,26091.62,17764.263636363637,Repeat Customer,2131,6,Low Value
CUST04129,7,9,158605.74,27740.48,22657.962857142855,Repeat Customer,2846,5,Low Value
CUST04130,12,18,260091.54,44723.08,21674.295000000002,Repeat Customer,1263,8,Medium Value
CUST04131,12,22,212290.41,35744.39,17690.8675,Repeat Customer,1863,7,Medium Value
CUST04132,12,21,152531.23,26166.77,12710.935833333335,Repeat Customer,2970,5,Low Value
CUST04133,15,36,478275.51,76709.39,31885.034,Repeat Customer,132,10,High Value
CUST04134,10,12,102368.46,17435.95,10236.846000000001,Repeat Customer,4002,2,Low Value
CUST04135,8,13,310522.77,45756.6,38815.34625,Repeat Customer,774,9,Medium Value
CUST04136,15,26,375065.73,38951.450000000004,25004.381999999998,Repeat Customer,418,10,High Value
CUST04137,7,12,113862.73999999999,17976.65,16266.105714285713,Repeat Customer,3784,3,Low Value
CUST04138,8,15,128665.97,15922.0,16083.24625,Repeat Customer,3500,4,Low Value
CUST04139,4,8,114019.7,23155.86,28504.925,Repeat Customer,3778,3,Low Value
CUST04140,10,17,111038.77,8391.18,11103.877,Repeat Customer,3841,3,Low Value
CUST04141,5,5,17207.78,2175.62,3441.5559999999996,Repeat Customer,4988,1,Low Value
CUST04142,6,10,74484.23,7467.48,12414.038333333332,Repeat Customer,4521,1,Low Value
CUST04143,14,21,201705.02000000002,31607.61,14407.50142857143,Repeat Customer,2021,6,Low Value
CUST04144,8,13,213417.79,42854.310000000005,26677.22375,Repeat Customer,1849,7,Medium Value
CUST04145,10,12,161641.0,23206.14,16164.1,Repeat Customer,2771,5,Low Value
CUST04146,9,20,202696.92,37238.43,22521.88,Repeat Customer,2004,6,Low Value
CUST04147,5,12,234127.0,58708.61,46825.4,Repeat Customer,1555,7,Medium Value
CUST04148,4,6,26703.89,5217.69,6675.9725,Repeat Customer,4971,1,Low Value
CUST04149,7,8,261112.41,40571.88,37301.77285714286,Repeat Customer,1248,8,Medium Value
CUST04150,11,14,190412.88,20704.65,17310.261818181818,Repeat Customer,2220,6,Low Value
CUST04151,6,7,44131.64,8048.32,7355.2733333333335,Repeat Customer,4882,1,Low Value
CUST04152,10,23,402530.68,71151.27,40253.068,Repeat Customer,319,10,High Value
CUST04153,13,24,294465.81,65780.79000000001,22651.216153846155,Repeat Customer,916,9,Medium Value
CUST04154,13,23,124707.25,15790.710000000001,9592.865384615385,Repeat Customer,3571,3,Low Value
CUST04155,7,11,239244.16999999998,27876.08,34177.73857142857,Repeat Customer,1495,8,Medium Value
CUST04156,5,8,35273.43,3674.9,7054.686,Repeat Customer,4932,1,Low Value
CUST04157,6,7,59561.340000000004,10681.34,9926.890000000001,Repeat Customer,4737,1,Low Value
CUST04158,11,21,277862.61,52281.78,25260.23727272727,Repeat Customer,1076,8,Medium Value
CUST04159,9,11,67563.68000000001,11059.59,7507.075555555556,Repeat Customer,4636,1,Low Value
CUST04160,5,6,93081.27,13573.03,18616.254,Repeat Customer,4194,2,Low Value
CUST04161,11,15,112980.69,17546.25,10270.971818181819,Repeat Customer,3802,3,Low Value
CUST04162,10,14,306477.93,62585.4,30647.792999999998,Repeat Customer,815,9,Medium Value
CUST04163,3,8,64843.770000000004,14870.359999999999,21614.59,Repeat Customer,4663,1,Low Value
CUST04164,7,9,60602.49,9964.869999999999,8657.49857142857,Repeat Customer,4716,1,Low Value
CUST04165,10,15,122262.70999999999,19372.09,12226.270999999999,Repeat Customer,3623,3,Low Value
CUST04166,7,21,260716.41999999998,55948.63,37245.20285714285,Repeat Customer,1256,8,Medium Value
CUST04167,9,12,187093.95,26212.67,20788.216666666667,Repeat Customer,2286,6,Low Value
CUST04168,12,19,413269.27999999997,-553.6800000000003,34439.10666666667,Repeat Customer,280,10,High Value
CUST04169,5,13,62124.72,9675.6,12424.944,Repeat Customer,4699,1,Low Value
CUST04170,9,20,179523.08,34466.52,19947.008888888886,Repeat Customer,2436,6,Low Value
CUST04171,9,16,143512.57,21817.85,15945.841111111113,Repeat Customer,3164,4,Low Value
CUST04172,7,15,100042.24,13451.14,14291.748571428572,Repeat Customer,4051,2,Low Value
CUST04173,14,23,241060.37,37246.62,17218.597857142857,Repeat Customer,1472,8,Medium Value
CUST04174,4,9,246756.92,37329.51,61689.23,Repeat Customer,1415,8,Medium Value
CUST04175,11,27,341652.16000000003,35656.56,31059.287272727277,Repeat Customer,575,9,Medium Value
CUST04176,9,12,212345.27000000002,35616.58,23593.91888888889,Repeat Customer,1862,7,Medium Value
CUST04177,9,15,198950.9,21725.64,22105.655555555553,Repeat Customer,2060,6,Low Value
CUST04178,9,18,424579.35000000003,73623.48999999999,47175.48333333334,Repeat Customer,245,10,High Value
CUST04179,7,10,38444.97,4992.3,5492.138571428572,Repeat Customer,4916,1,Low Value
CUST04180,12,15,175888.64,39062.590000000004,14657.386666666667,Repeat Customer,2500,6,Low Value
CUST04181,7,12,108641.13,8188.08,15520.16142857143,Repeat Customer,3877,3,Low Value
CUST04182,6,10,87820.51000000001,11707.95,14636.751666666669,Repeat Customer,4279,2,Low Value
CUST04183,9,16,253626.11999999997,53891.00000000001,28180.679999999997,Repeat Customer,1330,8,Medium Value
CUST04184,8,8,105797.45,21658.19,13224.68125,Repeat Customer,3928,3,Low Value
CUST04185,3,3,8845.77,2003.0500000000002,2948.59,Repeat Customer,4997,1,Low Value
CUST04186,17,35,865930.14,113070.35,50937.06705882353,Repeat Customer,1,10,High Value
CUST04187,10,17,138642.1,15716.8,13864.210000000001,Repeat Customer,3270,4,Low Value
CUST04188,7,17,262556.67,32230.31,37508.095714285715,Repeat Customer,1233,8,Medium Value
CUST04189,13,23,456827.06,25005.100000000002,35140.54307692307,Repeat Customer,164,10,High Value
CUST04190,12,19,197850.27,36606.38,16487.5225,Repeat Customer,2080,6,Low Value
CUST04191,6,11,87565.28,14963.23,14594.213333333333,Repeat Customer,4286,2,Low Value
CUST04192,10,15,336333.65,68100.23000000001,33633.365000000005,Repeat Customer,606,9,Medium Value
CUST04193,9,11,101265.39,12080.37,11251.71,Repeat Customer,4031,2,Low Value
CUST04194,11,18,207876.35,40286.94,18897.850000000002,Repeat Customer,1923,7,Medium Value
CUST04195,13,26,179897.46,36645.72,13838.266153846153,Repeat Customer,2423,6,Low Value
CUST04196,8,12,87238.79,8185.4400000000005,10904.84875,Repeat Customer,4296,2,Low Value
CUST04197,11,21,310565.24,32377.86,28233.203636363636,Repeat Customer,773,9,Medium Value
CUST04198,13,17,196088.93000000002,35550.4,15083.763846153848,Repeat Customer,2113,6,Low Value
CUST04199,12,16,77899.98,9251.49,6491.665,Repeat Customer,4464,2,Low Value
CUST04200,14,18,206413.68,45867.97,14743.834285714285,Repeat Customer,1947,7,Medium Value
CUST04201,12,21,152688.76,20007.89,12724.063333333334,Repeat Customer,2965,5,Low Value
CUST04202,5,12,129479.34,19006.47,25895.868,Repeat Customer,3479,4,Low Value
CUST04203,5,8,187700.1,25229.9,37540.020000000004,Repeat Customer,2273,6,Low Value
CUST04204,16,32,398767.67,62737.149999999994,24922.979375,Repeat Customer,334,10,High Value
CUST04205,11,14,166251.32,21181.0,15113.756363636365,Repeat Customer,2680,5,Low Value
CUST04206,10,22,90056.87,13574.4,9005.687,Repeat Customer,4252,2,Low Value
CUST04207,7,9,161399.23,-343.39000000000055,23057.032857142858,Repeat Customer,2777,5,Low Value
CUST04208,15,24,235506.51,38563.25,15700.434000000001,Repeat Customer,1540,7,Medium Value
CUST04209,7,14,407258.77,45975.0,58179.82428571429,Repeat Customer,300,10,High Value
CUST04210,11,18,447691.07,22789.69,40699.18818181818,Repeat Customer,179,10,High Value
CUST04211,4,5,150636.36000000002,30583.620000000003,37659.090000000004,Repeat Customer,2998,5,Low Value
CUST04212,11,18,221720.72000000003,51230.57,20156.429090909092,Repeat Customer,1728,7,Medium Value
CUST04213,8,11,130986.45,26602.489999999998,16373.30625,Repeat Customer,3448,4,Low Value
CUST04214,14,22,352735.26,77794.45,25195.375714285714,Repeat Customer,519,9,Medium Value
CUST04215,7,14,143202.79,16660.86,20457.54142857143,Repeat Customer,3169,4,Low Value
CUST04216,6,13,195551.47,31710.949999999997,32591.911666666667,Repeat Customer,2126,6,Low Value
CUST04217,8,13,296146.54000000004,71467.20999999999,37018.317500000005,Repeat Customer,902,9,Medium Value
CUST04218,7,13,102061.73000000001,22052.88,14580.247142857144,Repeat Customer,4011,2,Low Value
CUST04219,5,8,69338.45999999999,11160.380000000001,13867.692,Repeat Customer,4604,1,Low Value
CUST04220,14,25,226022.72999999998,29847.129999999997,16144.480714285713,Repeat Customer,1667,7,Medium Value
CUST04221,7,12,143513.01,31394.809999999998,20501.858571428573,Repeat Customer,3163,4,Low Value
CUST04222,9,17,131945.8,19670.969999999998,14660.644444444442,Repeat Customer,3421,4,Low Value
CUST04223,16,30,626581.03,95562.5,39161.314375,Repeat Customer,23,10,High Value
CUST04224,13,15,163846.67,30819.829999999998,12603.59,Repeat Customer,2734,5,Low Value
CUST04225,11,19,243017.97999999998,47750.91,22092.543636363636,Repeat Customer,1452,8,Medium Value
CUST04226,10,18,309583.49000000005,42681.31,30958.349000000006,Repeat Customer,781,9,Medium Value
CUST04227,9,15,250074.37,44218.4,27786.04111111111,Repeat Customer,1376,8,Medium Value
CUST04228,13,20,275339.16000000003,46688.2,21179.935384615386,Repeat Customer,1106,8,Medium Value
CUST04229,7,9,34265.28,5348.47,4895.04,Repeat Customer,4939,1,Low Value
CUST04230,9,16,206657.5,29468.920000000002,22961.944444444445,Repeat Customer,1943,7,Medium Value
CUST04231,13,25,368517.93,64417.85,28347.533076923075,Repeat Customer,446,10,High Value
CUST04232,7,11,70577.17,12854.11,10082.452857142856,Repeat Customer,4587,1,Low Value
CUST04233,9,14,61534.05,10358.26,6837.116666666667,Repeat Customer,4706,1,Low Value
CUST04234,9,13,145916.03,17518.64,16212.892222222223,Repeat Customer,3104,4,Low Value
CUST04235,12,23,247626.22,44489.06,20635.518333333333,Repeat Customer,1405,8,Medium Value
CUST04236,7,13,257514.56,25798.04,36787.794285714284,Repeat Customer,1284,8,Medium Value
CUST04237,11,23,195442.0,30809.61,17767.454545454544,Repeat Customer,2130,6,Low Value
CUST04238,7,11,125244.32,24317.75,17892.045714285716,Repeat Customer,3560,3,Low Value
CUST04239,9,15,98802.45,10163.1,10978.05,Repeat Customer,4082,2,Low Value
CUST04240,12,21,196121.9,33761.33,16343.491666666667,Repeat Customer,2112,6,Low Value
CUST04241,8,10,134974.94,7999.12,16871.8675,Repeat Customer,3362,4,Low Value
CUST04242,10,16,131808.91,25489.31,13180.891,Repeat Customer,3426,4,Low Value
CUST04243,14,31,425379.48,94685.79000000001,30384.24857142857,Repeat Customer,243,10,High Value
CUST04244,9,15,141089.27,16914.5,15676.585555555554,Repeat Customer,3211,4,Low Value
CUST04245,15,26,306980.12,47636.63,20465.341333333334,Repeat Customer,811,9,Medium Value
CUST04246,9,14,102254.11,17243.93,11361.567777777778,Repeat Customer,4005,2,Low Value
CUST04247,12,18,273680.51,39968.54,22806.709166666667,Repeat Customer,1120,8,Medium Value
CUST04248,5,8,165411.16999999998,34319.74,33082.234,Repeat Customer,2706,5,Low Value
CUST04249,10,19,486139.02,58382.81,48613.902,Repeat Customer,120,10,High Value
CUST04250,6,10,95604.84,18220.53,15934.14,Repeat Customer,4147,2,Low Value
CUST04251,9,18,131635.3,22441.22,14626.144444444442,Repeat Customer,3431,4,Low Value
CUST04252,10,18,165751.7,21026.44,16575.170000000002,Repeat Customer,2695,5,Low Value
CUST04253,10,14,241603.43,31464.5,24160.343,Repeat Customer,1464,8,Medium Value
CUST04254,10,12,151651.26,16952.899999999998,15165.126,Repeat Customer,2986,5,Low Value
CUST04255,13,21,201465.24,26891.92,15497.326153846154,Repeat Customer,2025,6,Low Value
CUST04256,18,27,326458.28,52400.09,18136.571111111112,Repeat Customer,664,9,Medium Value
CUST04257,16,29,254659.93000000002,46726.27,15916.245625000001,Repeat Customer,1318,8,Medium Value
CUST04258,14,22,229552.01,13726.3,16396.572142857145,Repeat Customer,1621,7,Medium Value
CUST04259,8,15,175714.12,22818.62,21964.265,Repeat Customer,2503,5,Low Value
CUST04260,8,11,78428.2,11356.14,9803.525,Repeat Customer,4454,2,Low Value
CUST04261,9,11,238103.51,45001.09,26455.945555555558,Repeat Customer,1506,7,Medium Value
CUST04262,13,19,327045.27,48957.049999999996,25157.328461538462,Repeat Customer,662,9,Medium Value
CUST04263,4,12,210640.0,47864.079999999994,52660.0,Repeat Customer,1883,7,Medium Value
CUST04264,8,15,136628.55,21389.31,17078.56875,Repeat Customer,3310,4,Low Value
CUST04265,7,14,106488.7,14574.96,15212.671428571428,Repeat Customer,3917,3,Low Value
CUST04266,6,9,70608.3,11471.51,11768.050000000001,Repeat Customer,4585,1,Low Value
CUST04267,6,9,136562.52,13911.669999999998,22760.42,Repeat Customer,3313,4,Low Value
CUST04268,10,16,212823.41999999998,35005.54,21282.341999999997,Repeat Customer,1854,7,Medium Value
CUST04269,9,17,211869.66999999998,35345.55,23541.074444444443,Repeat Customer,1870,7,Medium Value
CUST04270,11,25,186847.4,38149.57,16986.127272727274,Repeat Customer,2292,6,Low Value
CUST04271,9,13,34650.07,4763.63,3850.007777777778,Repeat Customer,4935,1,Low Value
CUST04272,4,7,94217.43,6505.540000000001,23554.3575,Repeat Customer,4179,2,Low Value
CUST04273,10,18,244664.81,36925.810000000005,24466.481,Repeat Customer,1438,8,Medium Value
CUST04274,10,15,73225.89,15187.279999999999,7322.589,Repeat Customer,4546,1,Low Value
CUST04275,8,16,265162.75,50542.54,33145.34375,Repeat Customer,1208,8,Medium Value
CUST04276,14,23,187352.4,35416.2,13382.314285714285,Repeat Customer,2283,6,Low Value
CUST04277,21,38,499786.88,73634.91,23799.37523809524,Repeat Customer,113,10,High Value
CUST04278,11,17,203023.1,18989.86,18456.645454545454,Repeat Customer,2000,7,Medium Value
CUST04279,11,23,152751.83,23815.76,13886.529999999999,Repeat Customer,2961,5,Low Value
CUST04280,11,22,328992.29,25053.07,29908.39,Repeat Customer,652,9,Medium Value
CUST04281,6,10,131664.49,13176.15,21944.081666666665,Repeat Customer,3430,4,Low Value
CUST04282,7,17,187064.78,32140.579999999998,26723.54,Repeat Customer,2288,6,Low Value
CUST04283,11,21,333284.09,49600.090000000004,30298.55363636364,Repeat Customer,622,9,Medium Value
CUST04284,14,18,135357.72,21249.06,9668.408571428572,Repeat Customer,3346,4,Low Value
CUST04285,7,8,60817.979999999996,11654.94,8688.282857142856,Repeat Customer,4712,1,Low Value
CUST04286,14,26,343351.33,51640.719999999994,24525.095,Repeat Customer,567,9,Medium Value
CUST04287,10,10,165829.04,35352.0,16582.904000000002,Repeat Customer,2691,5,Low Value
CUST04288,5,8,143297.87,35889.99,28659.574,Repeat Customer,3167,4,Low Value
CUST04289,11,16,277586.76,60573.0,25235.16,Repeat Customer,1082,8,Medium Value
CUST04290,11,18,148337.85,23813.53,13485.259090909092,Repeat Customer,3054,4,Low Value
CUST04291,8,11,189728.68,26679.690000000002,23716.085,Repeat Customer,2230,6,Low Value
CUST04292,8,12,188286.75999999998,22165.34,23535.844999999998,Repeat Customer,2260,6,Low Value
CUST04293,4,6,51429.89,6900.33,12857.4725,Repeat Customer,4828,1,Low Value
CUST04294,10,19,256227.15999999997,49997.100000000006,25622.715999999997,Repeat Customer,1297,8,Medium Value
CUST04295,12,16,426430.63,80591.68,35535.885833333334,Repeat Customer,239,10,High Value
CUST04296,14,25,395600.39,73093.0,28257.170714285716,Repeat Customer,344,10,High Value
CUST04297,10,16,152984.81,25301.109999999997,15298.481,Repeat Customer,2958,5,Low Value
CUST04298,7,12,113898.17,16816.24,16271.167142857143,Repeat Customer,3782,3,Low Value
CUST04299,8,19,258644.4,44045.06,32330.55,Repeat Customer,1272,8,Medium Value
CUST04300,8,14,64411.89,10050.07,8051.48625,Repeat Customer,4671,1,Low Value
CUST04301,15,20,270169.2,34120.92,18011.280000000002,Repeat Customer,1149,8,Medium Value
CUST04302,13,21,181487.54,29776.81,13960.58,Repeat Customer,2400,6,Low Value
CUST04303,7,18,79112.75,14173.41,11301.82142857143,Repeat Customer,4443,2,Low Value
CUST04304,12,21,177430.53,24403.56,14785.8775,Repeat Customer,2473,6,Low Value
CUST04305,14,22,209921.75,40692.229999999996,14994.410714285714,Repeat Customer,1897,7,Medium Value
CUST04306,11,25,213147.21,44440.97,19377.01909090909,Repeat Customer,1851,7,Medium Value
CUST04307,3,11,90269.54000000001,9131.73,30089.846666666668,Repeat Customer,4248,2,Low Value
CUST04308,9,14,148371.65,23452.870000000003,16485.73888888889,Repeat Customer,3052,4,Low Value
CUST04309,7,17,193474.09,35439.259999999995,27639.155714285713,Repeat Customer,2170,6,Low Value
CUST04310,18,36,246480.88999999998,30167.3,13693.382777777777,Repeat Customer,1419,8,Medium Value
CUST04311,11,21,103467.99,14024.71,9406.18090909091,Repeat Customer,3980,3,Low Value
CUST04312,9,10,132733.37,21179.34,14748.152222222221,Repeat Customer,3410,4,Low Value
CUST04313,12,16,311505.8,54745.17,25958.816666666666,Repeat Customer,768,9,Medium Value
CUST04314,9,19,137790.25,27725.839999999997,15310.027777777777,Repeat Customer,3281,4,Low Value
CUST04315,14,21,236409.98,16270.41,16886.427142857145,Repeat Customer,1531,7,Medium Value
CUST04316,12,22,317158.46,54150.229999999996,26429.87166666667,Repeat Customer,729,9,Medium Value
CUST04317,11,17,195717.42,28248.14,17792.49272727273,Repeat Customer,2123,6,Low Value
CUST04318,10,18,444537.12,106916.38,44453.712,Repeat Customer,188,10,High Value
CUST04319,13,25,180633.28,33198.85,13894.867692307693,Repeat Customer,2414,6,Low Value
CUST04320,12,20,184451.98,32133.54,15370.998333333335,Repeat Customer,2337,6,Low Value
CUST04321,7,21,356831.56,41807.78,50975.93714285714,Repeat Customer,504,9,Medium Value
CUST04322,11,15,341229.78,48938.659999999996,31020.889090909095,Repeat Customer,579,9,Medium Value
CUST04323,7,9,125061.32,28544.22,17865.902857142857,Repeat Customer,3562,3,Low Value
CUST04324,9,12,167491.05,26254.79,18610.116666666665,Repeat Customer,2654,5,Low Value
CUST04325,6,14,180046.99,44668.21000000001,30007.831666666665,Repeat Customer,2419,6,Low Value
CUST04326,13,19,192530.11,32563.67,14810.00846153846,Repeat Customer,2186,6,Low Value
CUST04327,16,23,207803.53,31677.88,12987.720625,Repeat Customer,1926,7,Medium Value
CUST04328,12,20,129175.84,19323.14,10764.653333333334,Repeat Customer,3488,4,Low Value
CUST04329,11,24,142926.1,23647.7,12993.281818181818,Repeat Customer,3176,4,Low Value
CUST04330,8,11,64452.7,13959.91,8056.5875,Repeat Customer,4670,1,Low Value
CUST04331,15,31,362104.36000000004,52548.770000000004,24140.29066666667,Repeat Customer,476,10,High Value
CUST04332,13,20,428339.95,44518.72,32949.22692307692,Repeat Customer,229,10,High Value
CUST04333,10,18,147968.24,28826.81,14796.823999999999,Repeat Customer,3064,4,Low Value
CUST04334,9,22,242462.28,44853.53,26940.253333333334,Repeat Customer,1455,8,Medium Value
CUST04335,9,14,293676.99,39614.73,32630.776666666665,Repeat Customer,924,9,Medium Value
CUST04336,13,20,245915.36000000002,35201.1,18916.566153846154,Repeat Customer,1423,8,Medium Value
CUST04337,17,25,282820.26,51857.22,16636.485882352943,Repeat Customer,1031,8,Medium Value
CUST04338,14,20,184259.15,28438.7,13161.367857142857,Repeat Customer,2345,6,Low Value
CUST04339,10,14,60618.27,8474.97,6061.826999999999,Repeat Customer,4715,1,Low Value
CUST04340,8,17,140163.55,13114.710000000001,17520.44375,Repeat Customer,3236,4,Low Value
CUST04341,8,18,102913.08,16335.08,12864.135,Repeat Customer,3988,3,Low Value
CUST04342,10,14,166431.4,26753.640000000003,16643.14,Repeat Customer,2676,5,Low Value
CUST04343,14,28,161437.52,24788.68,11531.251428571428,Repeat Customer,2775,5,Low Value
CUST04344,10,16,91632.89,16681.79,9163.289,Repeat Customer,4223,2,Low Value
CUST04345,8,12,83686.34,15773.060000000001,10460.7925,Repeat Customer,4352,2,Low Value
CUST04346,13,20,318227.56,65462.76,24479.043076923077,Repeat Customer,716,9,Medium Value
CUST04347,17,27,315634.29,48955.33,18566.72294117647,Repeat Customer,732,9,Medium Value
CUST04348,13,22,195234.24,28782.260000000002,15018.01846153846,Repeat Customer,2132,6,Low Value
CUST04349,9,15,84109.43,15857.73,9345.492222222221,Repeat Customer,4344,2,Low Value
CUST04350,5,8,99772.29000000001,1928.6799999999998,19954.458000000002,Repeat Customer,4056,2,Low Value
CUST04351,10,15,179543.75,28107.5,17954.375,Repeat Customer,2434,6,Low Value
CUST04352,7,10,80090.86,18229.41,11441.551428571429,Repeat Customer,4422,2,Low Value
CUST04353,11,18,235160.65,27999.43,21378.24090909091,Repeat Customer,1543,7,Medium Value
CUST04354,4,8,78508.83,17743.55,19627.2075,Repeat Customer,4453,2,Low Value
CUST04355,13,23,220702.8,36424.22,16977.13846153846,Repeat Customer,1741,7,Medium Value
CUST04356,11,19,220033.19,23618.2,20003.017272727273,Repeat Customer,1754,7,Medium Value
CUST04357,11,18,227258.5,26451.68,20659.863636363636,Repeat Customer,1655,7,Medium Value
CUST04358,7,14,47323.61,7249.18,6760.515714285714,Repeat Customer,4854,1,Low Value
CUST04359,4,5,36303.58,7357.81,9075.895,Repeat Customer,4927,1,Low Value
CUST04360,8,13,223121.82,37477.79,27890.2275,Repeat Customer,1704,7,Medium Value
CUST04361,10,23,191483.91,26575.86,19148.391,Repeat Customer,2204,6,Low Value
CUST04362,3,7,329992.91000000003,63262.899999999994,109997.63666666667,Repeat Customer,645,9,Medium Value
CUST04363,6,12,101298.37,18301.37,16883.061666666665,Repeat Customer,4030,2,Low Value
CUST04364,7,17,185151.57,33241.9,26450.22428571429,Repeat Customer,2327,6,Low Value
CUST04365,8,15,132693.84,23427.88,16586.73,Repeat Customer,3413,4,Low Value
CUST04366,5,5,96116.73,5671.23,19223.345999999998,Repeat Customer,4139,2,Low Value
CUST04367,7,16,218191.1,17570.12,31170.157142857144,Repeat Customer,1791,7,Medium Value
CUST04368,4,7,193830.88,23289.16,48457.72,Repeat Customer,2158,6,Low Value
CUST04369,11,16,221658.94,49353.35,20150.81272727273,Repeat Customer,1729,7,Medium Value
CUST04370,7,8,68256.63,14907.35,9750.947142857143,Repeat Customer,4621,1,Low Value
CUST04371,13,16,170670.18,29336.780000000002,13128.475384615384,Repeat Customer,2591,5,Low Value
CUST04372,10,24,547339.71,112485.98,54733.971,Repeat Customer,63,10,High Value
CUST04373,7,17,511501.29,103611.62000000001,73071.61285714286,Repeat Customer,102,10,High Value
CUST04374,10,19,269708.63,33386.86,26970.863,Repeat Customer,1159,8,Medium Value
CUST04375,6,9,195197.32,34997.52,32532.88666666667,Repeat Customer,2135,6,Low Value
CUST04376,10,20,145143.16,23071.22,14514.316,Repeat Customer,3123,4,Low Value
CUST04377,3,5,27868.18,5589.83,9289.393333333333,Repeat Customer,4966,1,Low Value
CUST04378,9,19,132713.07,16294.18,14745.896666666667,Repeat Customer,3412,4,Low Value
CUST04379,5,6,41248.770000000004,3838.81,8249.754,Repeat Customer,4898,1,Low Value
CUST04380,10,18,140759.25,24492.42,14075.925,Repeat Customer,3219,4,Low Value
CUST04381,10,21,173282.8,21037.09,17328.28,Repeat Customer,2549,5,Low Value
CUST04382,7,10,152183.22,27411.64,21740.46,Repeat Customer,2979,5,Low Value
CUST04383,11,20,390643.49,50618.03,35513.04454545455,Repeat Customer,361,10,High Value
CUST04384,5,8,33432.28999999999,4228.58,6686.457999999999,Repeat Customer,4944,1,Low Value
CUST04385,10,18,181231.35,26025.760000000002,18123.135000000002,Repeat Customer,2406,6,Low Value
CUST04386,4,7,118963.67000000001,30832.260000000002,29740.917500000003,Repeat Customer,3686,3,Low Value
CUST04387,16,34,570372.24,105778.45,35648.265,Repeat Customer,47,10,High Value
CUST04388,9,20,212040.28,32169.089999999997,23560.03111111111,Repeat Customer,1868,7,Medium Value
CUST04389,8,13,67854.18,7760.13,8481.7725,Repeat Customer,4633,1,Low Value
CUST04390,16,23,354026.82,71599.88,22126.67625,Repeat Customer,515,9,Medium Value
CUST04391,7,17,201635.33000000002,20518.239999999998,28805.047142857144,Repeat Customer,2022,6,Low Value
CUST04392,16,25,325982.45,63838.439999999995,20373.903125,Repeat Customer,668,9,Medium Value
CUST04393,13,21,381982.15,79524.95999999999,29383.242307692308,Repeat Customer,388,10,High Value
CUST04394,5,8,78114.05,14104.710000000001,15622.810000000001,Repeat Customer,4461,2,Low Value
CUST04395,7,22,255385.56,9714.21,36483.65142857143,Repeat Customer,1307,8,Medium Value
CUST04396,6,6,117336.17,10625.3,19556.028333333332,Repeat Customer,3714,3,Low Value
CUST04397,11,23,247556.0,40025.87,22505.090909090908,Repeat Customer,1406,8,Medium Value
CUST04398,12,20,441335.88000000006,56388.36,36777.990000000005,Repeat Customer,197,10,High Value
CUST04399,10,16,102514.99,20227.34,10251.499,Repeat Customer,3997,3,Low Value
CUST04400,12,16,126305.2,15281.11,10525.433333333332,Repeat Customer,3540,3,Low Value
CUST04401,8,10,109540.28,16294.61,13692.535,Repeat Customer,3864,3,Low Value
CUST04402,8,15,100376.36,16588.79,12547.045,Repeat Customer,4042,2,Low Value
CUST04403,9,16,231547.69,33377.979999999996,25727.521111111113,Repeat Customer,1594,7,Medium Value
CUST04404,10,24,186271.47,34609.380000000005,18627.147,Repeat Customer,2301,6,Low Value
CUST04405,10,13,122645.03,23228.2,12264.503,Repeat Customer,3612,3,Low Value
CUST04406,11,23,134573.83,23753.28,12233.984545454545,Repeat Customer,3376,4,Low Value
CUST04407,13,21,158352.9,26427.12,12180.992307692308,Repeat Customer,2852,5,Low Value
CUST04408,11,27,396682.84,34748.38,36062.07636363636,Repeat Customer,342,10,High Value
CUST04409,5,5,92583.92,17535.38,18516.784,Repeat Customer,4205,2,Low Value
CUST04410,11,22,252079.29,53579.3,22916.29909090909,Repeat Customer,1352,8,Medium Value
CUST04411,14,17,186124.47,24608.68,13294.605,Repeat Customer,2303,6,Low Value
CUST04412,16,33,362479.75,41125.33,22654.984375,Repeat Customer,473,10,High Value
CUST04413,10,17,185334.01,22639.45,18533.401,Repeat Customer,2322,6,Low Value
CUST04414,9,16,121705.54,15438.61,13522.837777777777,Repeat Customer,3632,3,Low Value
CUST04415,8,11,58475.84,11398.58,7309.48,Repeat Customer,4754,1,Low Value
CUST04416,8,12,74018.87,12231.009999999998,9252.35875,Repeat Customer,4531,1,Low Value
CUST04417,10,15,232024.49,15283.69,23202.449,Repeat Customer,1585,7,Medium Value
CUST04418,12,21,218512.16,41387.05,18209.346666666668,Repeat Customer,1785,7,Medium Value
CUST04419,10,20,148218.01,28325.71,14821.801000000001,Repeat Customer,3056,4,Low Value
CUST04420,12,19,298500.0,32417.059999999998,24875.0,Repeat Customer,885,9,Medium Value
CUST04421,9,15,236910.06,34896.310000000005,26323.34,Repeat Customer,1525,7,Medium Value
CUST04422,9,10,144893.08,25622.989999999998,16099.23111111111,Repeat Customer,3127,4,Low Value
CUST04423,8,16,143625.44,24212.01,17953.18,Repeat Customer,3159,4,Low Value
CUST04424,10,14,153133.79,21868.48,15313.379,Repeat Customer,2955,5,Low Value
CUST04425,11,23,276571.51,42216.240000000005,25142.864545454548,Repeat Customer,1093,8,Medium Value
CUST04426,5,7,47140.13,5026.889999999999,9428.026,Repeat Customer,4855,1,Low Value
CUST04427,15,27,334401.83,54508.53,22293.455333333335,Repeat Customer,615,9,Medium Value
CUST04428,8,12,155088.06,35610.11,19386.0075,Repeat Customer,2911,5,Low Value
CUST04429,15,25,399252.55,83419.53,26616.836666666666,Repeat Customer,333,10,High Value
CUST04430,6,11,148648.47,30423.32,24774.745,Repeat Customer,3045,4,Low Value
CUST04431,7,14,630558.94,101947.65,90079.84857142856,Repeat Customer,22,10,High Value
CUST04432,9,13,108434.05,19189.21,12048.227777777778,Repeat Customer,3882,3,Low Value
CUST04433,15,34,514643.79000000004,47960.950000000004,34309.586,Repeat Customer,95,10,High Value
CUST04434,7,8,73306.36,14162.59,10472.337142857143,Repeat Customer,4543,1,Low Value
CUST04435,13,28,303234.32,43403.44,23325.716923076925,Repeat Customer,839,9,Medium Value
CUST04436,21,33,586758.9299999999,95728.39,27940.901428571426,Repeat Customer,35,10,High Value
CUST04437,6,13,247668.33000000002,55011.14,41278.055,Repeat Customer,1404,8,Medium Value
CUST04438,9,13,175367.31,24451.43,19485.256666666668,Repeat Customer,2509,5,Low Value
CUST04439,7,14,100497.73,12116.320000000002,14356.81857142857,Repeat Customer,4039,2,Low Value
CUST04440,10,16,99866.98,15484.86,9986.698,Repeat Customer,4054,2,Low Value
CUST04441,5,8,158806.97,35282.72,31761.394,Repeat Customer,2841,5,Low Value
CUST04442,6,11,343868.60000000003,51908.0,57311.43333333334,Repeat Customer,563,9,Medium Value
CUST04443,14,24,322655.16000000003,39868.61,23046.797142857144,Repeat Customer,691,9,Medium Value
CUST04444,9,12,244985.82,26902.16,27220.646666666667,Repeat Customer,1435,8,Medium Value
CUST04445,15,33,555923.35,115621.97,37061.556666666664,Repeat Customer,56,10,High Value
CUST04446,11,17,372458.13,68659.57,33859.83,Repeat Customer,429,10,High Value
CUST04447,15,28,506730.17,96863.56,33782.011333333336,Repeat Customer,107,10,High Value
CUST04448,10,17,160034.18,18948.760000000002,16003.418,Repeat Customer,2812,5,Low Value
CUST04449,8,9,98566.97,17739.3,12320.87125,Repeat Customer,4085,2,Low Value
CUST04450,11,18,107598.69,19327.489999999998,9781.699090909091,Repeat Customer,3895,3,Low Value
CUST04451,17,34,248019.32,26644.75,14589.371764705882,Repeat Customer,1400,8,Medium Value
CUST04452,12,24,227195.22,36167.54,18932.935,Repeat Customer,1656,7,Medium Value
CUST04453,7,7,60515.490000000005,6742.48,8645.070000000002,Repeat Customer,4718,1,Low Value
CUST04454,7,14,299465.39,59145.99,42780.770000000004,Repeat Customer,878,9,Medium Value
CUST04455,5,8,63916.520000000004,9195.87,12783.304,Repeat Customer,4677,1,Low Value
CUST04456,9,21,141962.16,25069.659999999996,15773.573333333334,Repeat Customer,3191,4,Low Value
CUST04457,8,16,128932.95,24362.63,16116.61875,Repeat Customer,3492,4,Low Value
CUST04458,12,20,185556.08000000002,29960.46,15463.006666666668,Repeat Customer,2316,6,Low Value
CUST04459,9,10,101424.42,22806.49,11269.38,Repeat Customer,4027,2,Low Value
CUST04460,15,36,382916.89,56768.82,25527.792666666668,Repeat Customer,385,10,High Value
CUST04461,6,10,164608.22,33592.49,27434.703333333335,Repeat Customer,2722,5,Low Value
CUST04462,14,24,325956.06999999995,42849.04,23282.576428571425,Repeat Customer,670,9,Medium Value
CUST04463,10,17,246307.63,39268.44,24630.763,Repeat Customer,1421,8,Medium Value
CUST04464,6,11,111268.29,6405.38,18544.715,Repeat Customer,3836,3,Low Value
CUST04465,15,23,202054.03,34379.33,13470.268666666667,Repeat Customer,2012,6,Low Value
CUST04466,11,19,291503.38,36083.27,26500.307272727274,Repeat Customer,946,9,Medium Value
CUST04467,11,18,235616.1,43413.46,21419.645454545454,Repeat Customer,1539,7,Medium Value
CUST04468,9,18,208639.38,33526.93,23182.153333333335,Repeat Customer,1915,7,Medium Value
CUST04469,18,35,368628.54000000004,54663.89,20479.363333333335,Repeat Customer,445,10,High Value
CUST04470,9,10,54819.439999999995,7105.52,6091.0488888888885,Repeat Customer,4797,1,Low Value
CUST04471,12,19,342881.42000000004,72224.33,28573.45166666667,Repeat Customer,571,9,Medium Value
CUST04472,8,10,120056.28,23784.11,15007.035,Repeat Customer,3663,3,Low Value
CUST04473,9,20,304628.11,32187.45,33847.567777777775,Repeat Customer,827,9,Medium Value
CUST04474,6,9,55913.979999999996,10539.36,9318.996666666666,Repeat Customer,4787,1,Low Value
CUST04475,9,18,81124.06,11672.95,9013.784444444444,Repeat Customer,4400,2,Low Value
CUST04476,11,15,138098.03,17173.510000000002,12554.366363636364,Repeat Customer,3275,4,Low Value
CUST04477,4,8,40055.8,8157.35,10013.95,Repeat Customer,4908,1,Low Value
CUST04478,10,13,107318.0,16079.45,10731.8,Repeat Customer,3901,3,Low Value
CUST04479,8,13,199113.42,33162.93,24889.1775,Repeat Customer,2058,6,Low Value
CUST04480,8,9,92443.07,12489.26,11555.38375,Repeat Customer,4212,2,Low Value
CUST04481,15,25,230126.38999999998,36404.81,15341.759333333332,Repeat Customer,1614,7,Medium Value
CUST04482,10,11,163691.63,34636.33,16369.163,Repeat Customer,2740,5,Low Value
CUST04483,11,22,280800.98,44771.95,25527.361818181816,Repeat Customer,1046,8,Medium Value
CUST04484,8,17,165547.13,24814.489999999998,20693.39125,Repeat Customer,2699,5,Low Value
CUST04485,10,22,370726.0,51586.77,37072.6,Repeat Customer,439,10,High Value
CUST04486,10,14,182985.62,30704.809999999998,18298.561999999998,Repeat Customer,2370,6,Low Value
CUST04487,7,9,185648.32,36472.08,26521.18857142857,Repeat Customer,2314,6,Low Value
CUST04488,9,16,424252.44999999995,46974.8,47139.161111111105,Repeat Customer,246,10,High Value
CUST04489,8,13,203087.25,51101.31,25385.90625,Repeat Customer,1999,7,Medium Value
CUST04490,11,21,216403.09,37078.25,19673.008181818182,Repeat Customer,1812,7,Medium Value
CUST04491,11,21,162889.94,31382.15,14808.176363636363,Repeat Customer,2752,5,Low Value
CUST04492,8,14,159118.47,26175.1,19889.80875,Repeat Customer,2832,5,Low Value
CUST04493,6,9,67355.29,9809.3,11225.881666666666,Repeat Customer,4638,1,Low Value
CUST04494,7,12,118197.82,14885.050000000001,16885.402857142857,Repeat Customer,3699,3,Low Value
CUST04495,12,21,333289.61,46497.86,27774.134166666667,Repeat Customer,621,9,Medium Value
CUST04496,10,17,369477.27,72255.62,36947.727,Repeat Customer,442,10,High Value
CUST04497,8,13,237153.75999999998,44939.48,29644.219999999998,Repeat Customer,1520,7,Medium Value
CUST04498,13,22,281658.07,48373.44,21666.005384615386,Repeat Customer,1040,8,Medium Value
CUST04499,4,9,61952.65,6718.26,15488.1625,Repeat Customer,4700,1,Low Value
CUST04500,13,24,226014.87000000002,48008.57,17385.759230769232,Repeat Customer,1668,7,Medium Value
CUST04501,13,21,237425.32,31485.08,18263.486153846156,Repeat Customer,1518,7,Medium Value
CUST04502,18,27,284396.94,58469.04,15799.83,Repeat Customer,1014,8,Medium Value
CUST04503,9,18,160143.18,25155.54,17793.686666666665,Repeat Customer,2808,5,Low Value
CUST04504,3,7,60353.600000000006,13633.4,20117.86666666667,Repeat Customer,4721,1,Low Value
CUST04505,8,12,95077.74,14627.24,11884.7175,Repeat Customer,4159,2,Low Value
CUST04506,10,11,101704.7,13004.34,10170.47,Repeat Customer,4020,2,Low Value
CUST04507,7,14,99489.06999999999,14936.42,14212.724285714285,Repeat Customer,4064,2,Low Value
CUST04508,4,5,29019.73,3319.1,7254.9325,Repeat Customer,4957,1,Low Value
CUST04509,13,23,161525.8,29711.33,12425.061538461538,Repeat Customer,2772,5,Low Value
CUST04510,7,14,173627.0,35347.89,24803.85714285714,Repeat Customer,2543,5,Low Value
CUST04511,10,17,102015.3,16274.13,10201.53,Repeat Customer,4012,2,Low Value
CUST04512,10,17,129741.55,14969.970000000001,12974.155,Repeat Customer,3476,4,Low Value
CUST04513,2,2,44761.600000000006,9092.76,22380.800000000003,Repeat Customer,4875,1,Low Value
CUST04514,5,8,44467.89,3782.06,8893.578,Repeat Customer,4879,1,Low Value
CUST04515,13,24,473690.38,89557.93,36437.72153846154,Repeat Customer,142,10,High Value
CUST04516,9,16,137728.51,21532.73,15303.167777777779,Repeat Customer,3283,4,Low Value
CUST04517,17,29,354367.93,35692.19,20845.172352941176,Repeat Customer,512,9,Medium Value
CUST04518,8,11,135791.52000000002,24954.16,16973.940000000002,Repeat Customer,3333,4,Low Value
CUST04519,10,18,112191.15000000001,15248.900000000001,11219.115000000002,Repeat Customer,3819,3,Low Value
CUST04520,17,32,304442.83,58078.92,17908.401764705883,Repeat Customer,828,9,Medium Value
CUST04521,13,29,458595.83999999997,67419.75,35276.60307692307,Repeat Customer,163,10,High Value
CUST04522,13,15,153208.28,20255.38,11785.252307692308,Repeat Customer,2953,5,Low Value
CUST04523,11,25,217100.54,30691.949999999997,19736.412727272727,Repeat Customer,1803,7,Medium Value
CUST04524,10,17,328608.91000000003,48645.44,32860.891,Repeat Customer,654,9,Medium Value
CUST04525,8,14,164578.65,26769.88,20572.33125,Repeat Customer,2723,5,Low Value
CUST04526,11,24,300876.58,67311.23000000001,27352.416363636366,Repeat Customer,865,9,Medium Value
CUST04527,9,19,199504.71,41823.45,22167.19,Repeat Customer,2052,6,Low Value
CUST04528,16,26,325072.26999999996,39048.14,20317.016874999998,Repeat Customer,675,9,Medium Value
CUST04529,7,15,366209.75,53530.86,52315.67857142857,Repeat Customer,461,10,High Value
CUST04530,9,17,252211.31,24704.66,28023.478888888887,Repeat Customer,1350,8,Medium Value
CUST04531,14,24,135211.97999999998,24653.149999999998,9657.99857142857,Repeat Customer,3353,4,Low Value
CUST04532,8,18,197060.44,32420.239999999998,24632.555,Repeat Customer,2095,6,Low Value
CUST04533,8,14,116120.61,9860.08,14515.07625,Repeat Customer,3734,3,Low Value
CUST04534,6,8,59669.06,9498.92,9944.843333333332,Repeat Customer,4735,1,Low Value
CUST04535,15,18,266193.11,37850.48,17746.207333333332,Repeat Customer,1196,8,Medium Value
CUST04536,12,23,413421.2,59249.54,34451.76666666667,Repeat Customer,278,10,High Value
CUST04537,16,33,333126.05,67665.62,20820.378125,Repeat Customer,623,9,Medium Value
CUST04538,8,13,119286.31,26147.42,14910.78875,Repeat Customer,3678,3,Low Value
CUST04539,13,19,321193.68,46754.89,24707.206153846153,Repeat Customer,699,9,Medium Value
CUST04540,13,21,143713.28,17946.6,11054.867692307693,Repeat Customer,3158,4,Low Value
CUST04541,13,18,195768.7,27490.87,15059.130769230771,Repeat Customer,2122,6,Low Value
CUST04542,16,25,392940.83,58740.46000000001,24558.801875,Repeat Customer,353,10,High Value
CUST04543,6,9,76515.27,9885.69,12752.545,Repeat Customer,4489,2,Low Value
CUST04544,12,15,149408.89,24442.97,12450.740833333335,Repeat Customer,3018,4,Low Value
CUST04545,14,24,179903.09,31012.71,12850.220714285713,Repeat Customer,2421,6,Low Value
CUST04546,11,15,87280.94,16693.06,7934.630909090909,Repeat Customer,4293,2,Low Value
CUST04547,10,19,287421.93,43431.33,28742.193,Repeat Customer,985,9,Medium Value
CUST04548,12,21,767790.6,172987.44,63982.549999999996,Repeat Customer,4,10,High Value
CUST04549,12,19,267045.5,41813.58,22253.791666666668,Repeat Customer,1189,8,Medium Value
CUST04550,8,13,90148.5,18517.53,11268.5625,Repeat Customer,4250,2,Low Value
CUST04551,10,17,221355.19,19468.260000000002,22135.519,Repeat Customer,1732,7,Medium Value
CUST04552,11,33,290300.58,44127.479999999996,26390.96181818182,Repeat Customer,963,9,Medium Value
CUST04553,7,10,100266.89,16304.65,14323.841428571428,Repeat Customer,4046,2,Low Value
CUST04554,5,7,115253.93,17336.06,23050.786,Repeat Customer,3755,3,Low Value
CUST04555,10,18,304238.68,56236.259999999995,30423.868,Repeat Customer,830,9,Medium Value
CUST04556,8,16,278559.04,39554.98,34819.88,Repeat Customer,1068,8,Medium Value
CUST04557,13,24,238378.99999999997,48864.950000000004,18336.846153846152,Repeat Customer,1503,7,Medium Value
CUST04558,8,15,166901.86,14719.7,20862.7325,Repeat Customer,2668,5,Low Value
CUST04559,11,15,136176.07,18069.06,12379.642727272729,Repeat Customer,3326,4,Low Value
CUST04560,10,16,171826.82,27799.35,17182.682,Repeat Customer,2572,5,Low Value
CUST04561,6,15,99067.55,16459.41,16511.258333333335,Repeat Customer,4074,2,Low Value
CUST04562,9,17,115971.45,20985.949999999997,12885.716666666667,Repeat Customer,3737,3,Low Value
CUST04563,8,13,133189.91,23694.19,16648.73875,Repeat Customer,3398,4,Low Value
CUST04564,9,14,201068.24,32418.22,22340.915555555555,Repeat Customer,2031,6,Low Value
CUST04565,4,4,36654.130000000005,3250.75,9163.532500000001,Repeat Customer,4922,1,Low Value
CUST04566,10,14,223261.95,42400.17,22326.195,Repeat Customer,1702,7,Medium Value
CUST04567,10,11,107292.56999999999,17327.1,10729.257,Repeat Customer,3902,3,Low Value
CUST04568,10,15,149951.73,17640.53,14995.173,Repeat Customer,3008,4,Low Value
CUST04569,12,17,216890.47,26705.97,18074.205833333333,Repeat Customer,1808,7,Medium Value
CUST04570,11,18,160733.38,28319.23,14612.125454545456,Repeat Customer,2796,5,Low Value
CUST04571,8,11,52312.29,10264.85,6539.03625,Repeat Customer,4821,1,Low Value
CUST04572,15,29,132881.58,18626.44,8858.771999999999,Repeat Customer,3403,4,Low Value
CUST04573,10,14,108201.72,16021.61,10820.172,Repeat Customer,3887,3,Low Value
CUST04574,8,14,99437.64,18283.93,12429.705,Repeat Customer,4065,2,Low Value
CUST04575,11,18,137152.73,19747.61,12468.43,Repeat Customer,3296,4,Low Value
CUST04576,10,15,167688.73,11333.23,16768.873,Repeat Customer,2649,5,Low Value
CUST04577,11,16,114349.27,21777.84,10395.388181818182,Repeat Customer,3771,3,Low Value
CUST04578,4,9,165419.75999999998,43743.79,41354.939999999995,Repeat Customer,2705,5,Low Value
CUST04579,7,10,154395.85,28309.1,22056.55,Repeat Customer,2923,5,Low Value
CUST04580,8,10,116083.18000000001,22463.19,14510.397500000001,Repeat Customer,3735,3,Low Value
CUST04581,10,15,168332.91999999998,27183.78,16833.291999999998,Repeat Customer,2637,5,Low Value
CUST04582,15,28,277498.8,38314.899999999994,18499.92,Repeat Customer,1083,8,Medium Value
CUST04583,13,20,132834.4,19335.02,10218.030769230769,Repeat Customer,3406,4,Low Value
CUST04584,14,20,128945.29000000001,21637.08,9210.377857142857,Repeat Customer,3491,4,Low Value
CUST04585,7,10,124686.54,25108.51,17812.362857142856,Repeat Customer,3572,3,Low Value
CUST04586,4,6,43336.18,7250.08,10834.045,Repeat Customer,4885,1,Low Value
CUST04587,6,12,126050.65000000001,30460.22,21008.44166666667,Repeat Customer,3546,3,Low Value
CUST04588,11,20,141784.97,16213.95,12889.542727272727,Repeat Customer,3195,4,Low Value
CUST04589,8,15,179674.16,37203.21,22459.27,Repeat Customer,2431,6,Low Value
CUST04590,9,16,218806.23,39814.97,24311.803333333333,Repeat Customer,1777,7,Medium Value
CUST04591,9,14,122033.98999999999,16872.239999999998,13559.332222222221,Repeat Customer,3626,3,Low Value
CUST04592,11,25,336966.21,75463.35,30633.29181818182,Repeat Customer,599,9,Medium Value
CUST04593,10,16,167878.79,25075.95,16787.879,Repeat Customer,2647,5,Low Value
CUST04594,11,22,163764.16999999998,19884.57,14887.651818181817,Repeat Customer,2737,5,Low Value
CUST04595,7,12,96989.15000000001,18406.85,13855.592857142858,Repeat Customer,4116,2,Low Value
CUST04596,11,26,253031.75,44192.9,23002.886363636364,Repeat Customer,1334,8,Medium Value
CUST04597,11,15,249059.34,54290.65,22641.758181818182,Repeat Customer,1387,8,Medium Value
CUST04598,7,13,68567.38,10279.18,9795.34,Repeat Customer,4618,1,Low Value
CUST04599,5,13,165045.51,29517.0,33009.102,Repeat Customer,2715,5,Low Value
CUST04600,11,18,100367.44,19813.7,9124.312727272727,Repeat Customer,4043,2,Low Value
CUST04601,7,14,78391.81,10141.44,11198.83,Repeat Customer,4455,2,Low Value
CUST04602,6,13,189484.71,36664.58,31580.785,Repeat Customer,2237,6,Low Value
CUST04603,17,33,397213.68,78331.09000000001,23365.510588235295,Repeat Customer,341,10,High Value
CUST04604,8,21,86888.36,12163.16,10861.045,Repeat Customer,4304,2,Low Value
CUST04605,9,23,233044.96000000002,43722.54,25893.884444444448,Repeat Customer,1569,7,Medium Value
CUST04606,5,5,72617.90000000001,17883.5,14523.580000000002,Repeat Customer,4556,1,Low Value
CUST04607,10,23,222826.95,35289.78,22282.695,Repeat Customer,1711,7,Medium Value
CUST04608,7,13,97314.69,16288.369999999999,13902.098571428573,Repeat Customer,4109,2,Low Value
CUST04609,8,12,116402.29000000001,14629.94,14550.286250000001,Repeat Customer,3730,3,Low Value
CUST04610,14,19,212759.21000000002,16657.51,15197.08642857143,Repeat Customer,1855,7,Medium Value
CUST04611,12,22,190442.22,32075.620000000003,15870.185,Repeat Customer,2218,6,Low Value
CUST04612,9,10,55080.52,9292.33,6120.057777777777,Repeat Customer,4795,1,Low Value
CUST04613,11,24,291088.26,53368.549999999996,26462.56909090909,Repeat Customer,954,9,Medium Value
CUST04614,15,28,283063.31,47573.71,18870.887333333332,Repeat Customer,1029,8,Medium Value
CUST04615,10,26,207791.72999999998,40438.78,20779.173,Repeat Customer,1927,7,Medium Value
CUST04616,11,21,269451.19,35715.31,24495.56272727273,Repeat Customer,1166,8,Medium Value
CUST04617,8,14,68021.17,12890.48,8502.64625,Repeat Customer,4627,1,Low Value
CUST04618,15,28,412301.16000000003,73101.82,27486.744000000002,Repeat Customer,286,10,High Value
CUST04619,8,10,114486.16,11186.56,14310.77,Repeat Customer,3768,3,Low Value
CUST04620,9,20,102855.31999999999,17161.14,11428.368888888888,Repeat Customer,3989,3,Low Value
CUST04621,9,15,71496.58,5307.83,7944.064444444444,Repeat Customer,4573,1,Low Value
CUST04622,9,13,142062.81,25199.05,15784.756666666666,Repeat Customer,3189,4,Low Value
CUST04623,10,12,126002.38,20383.329999999998,12600.238000000001,Repeat Customer,3547,3,Low Value
CUST04624,10,16,137517.61000000002,27469.079999999998,13751.761000000002,Repeat Customer,3289,4,Low Value
CUST04625,12,25,196074.94999999998,20367.2,16339.579166666665,Repeat Customer,2114,6,Low Value
CUST04626,11,17,105456.59,14528.869999999999,9586.962727272727,Repeat Customer,3939,3,Low Value
CUST04627,10,20,154976.25,19731.58,15497.625,Repeat Customer,2913,5,Low Value
CUST04628,14,18,137404.71,25688.05,9814.622142857143,Repeat Customer,3292,4,Low Value
CUST04629,10,15,432605.07,63150.42,43260.507,Repeat Customer,218,10,High Value
CUST04630,9,11,163720.74000000002,42736.200000000004,18191.193333333336,Repeat Customer,2738,5,Low Value
CUST04631,5,10,165275.47,40973.55,33055.094,Repeat Customer,2710,5,Low Value
CUST04632,18,44,420956.76,46971.62,23386.486666666668,Repeat Customer,254,10,High Value
CUST04633,4,7,127537.84,27644.93,31884.46,Repeat Customer,3520,3,Low Value
CUST04634,7,14,155076.3,24119.63,22153.757142857143,Repeat Customer,2912,5,Low Value
CUST04635,12,26,198278.06,31770.56,16523.171666666665,Repeat Customer,2070,6,Low Value
CUST04636,13,16,97544.69,14239.51,7503.4376923076925,Repeat Customer,4102,2,Low Value
CUST04637,4,6,99426.15,20258.979999999996,24856.5375,Repeat Customer,4067,2,Low Value
CUST04638,12,23,415298.01,96597.45000000001,34608.1675,Repeat Customer,273,10,High Value
CUST04639,8,14,85040.75,11473.07,10630.09375,Repeat Customer,4330,2,Low Value
CUST04640,13,19,193112.22999999998,29671.129999999997,14854.786923076921,Repeat Customer,2178,6,Low Value
CUST04641,15,25,227699.32,35778.82,15179.954666666667,Repeat Customer,1650,7,Medium Value
CUST04642,11,19,109654.28,16816.66,9968.57090909091,Repeat Customer,3863,3,Low Value
CUST04643,6,10,61720.28999999999,6125.42,10286.714999999998,Repeat Customer,4704,1,Low Value
CUST04644,10,17,206397.75,39578.28,20639.775,Repeat Customer,1948,7,Medium Value
CUST04645,8,12,71774.79000000001,8128.5,8971.848750000001,Repeat Customer,4571,1,Low Value
CUST04646,8,12,268300.8,32770.01,33537.6,Repeat Customer,1182,8,Medium Value
CUST04647,7,18,121367.15,19397.52,17338.164285714283,Repeat Customer,3639,3,Low Value
CUST04648,10,20,648373.0599999999,108394.49,64837.306,Repeat Customer,16,10,High Value
CUST04649,10,17,202042.4,33473.74,20204.239999999998,Repeat Customer,2013,6,Low Value
CUST04650,9,13,88431.6,14776.759999999998,9825.733333333334,Repeat Customer,4272,2,Low Value
CUST04651,7,11,85751.75,15592.02,12250.25,Repeat Customer,4322,2,Low Value
CUST04652,9,14,144322.24000000002,22987.74,16035.804444444446,Repeat Customer,3139,4,Low Value
CUST04653,10,16,232434.24000000002,60401.81,23243.424000000003,Repeat Customer,1576,7,Medium Value
CUST04654,8,13,85117.68,11386.38,10639.71,Repeat Customer,4328,2,Low Value
CUST04655,8,17,191883.47999999998,24289.989999999998,23985.434999999998,Repeat Customer,2198,6,Low Value
CUST04656,9,13,252292.68999999997,33342.48,28032.52111111111,Repeat Customer,1349,8,Medium Value
CUST04657,5,7,102984.01,21080.82,20596.802,Repeat Customer,3986,3,Low Value
CUST04658,6,12,70792.0,14056.23,11798.666666666666,Repeat Customer,4582,1,Low Value
CUST04659,14,25,413523.65,86820.98,29537.403571428575,Repeat Customer,277,10,High Value
CUST04660,13,25,179784.21,27715.94,13829.554615384615,Repeat Customer,2428,6,Low Value
CUST04661,8,15,94397.68,13406.09,11799.71,Repeat Customer,4174,2,Low Value
CUST04662,12,16,157130.41,26802.1,13094.200833333334,Repeat Customer,2877,5,Low Value
CUST04663,12,18,145683.97999999998,27114.68,12140.331666666665,Repeat Customer,3108,4,Low Value
CUST04664,11,18,204833.05000000002,27258.22,18621.186363636367,Repeat Customer,1965,7,Medium Value
CUST04665,10,24,424715.79000000004,94365.08,42471.579000000005,Repeat Customer,244,10,High Value
CUST04666,11,16,133079.8,27681.53,12098.163636363635,Repeat Customer,3399,4,Low Value
CUST04667,5,8,144717.85,23453.489999999998,28943.57,Repeat Customer,3130,4,Low Value
CUST04668,8,12,63841.45,7666.24,7980.18125,Repeat Customer,4679,1,Low Value
CUST04669,10,14,166263.32,8091.47,16626.332000000002,Repeat Customer,2679,5,Low Value
CUST04670,8,9,148343.68,27561.29,18542.96,Repeat Customer,3053,4,Low Value
CUST04671,10,14,199561.2,29154.35,19956.120000000003,Repeat Customer,2047,6,Low Value
CUST04672,9,15,62894.35,7320.21,6988.261111111111,Repeat Customer,4693,1,Low Value
CUST04673,10,21,311360.14,44318.4,31136.014000000003,Repeat Customer,770,9,Medium Value
CUST04674,13,24,460479.37,66681.78,35421.49,Repeat Customer,161,10,High Value
CUST04675,11,20,234765.56,41384.01,21342.323636363635,Repeat Customer,1546,7,Medium Value
CUST04676,14,20,279479.63,55107.26,19962.830714285716,Repeat Customer,1062,8,Medium Value
CUST04677,19,23,238636.40000000002,20844.53,12559.81052631579,Repeat Customer,1500,8,Medium Value
CUST04678,9,16,193180.69,31040.43,21464.521111111113,Repeat Customer,2176,6,Low Value
CUST04679,6,9,57107.96,6123.77,9517.993333333334,Repeat Customer,4772,1,Low Value
CUST04680,19,33,232694.39,35895.94,12247.073157894738,Repeat Customer,1573,7,Medium Value
CUST04681,14,20,147024.65,26979.94,10501.760714285714,Repeat Customer,3087,4,Low Value
CUST04682,9,23,319023.29,60124.97,35447.03222222222,Repeat Customer,713,9,Medium Value
CUST04683,6,13,158089.59,26992.14,26348.265,Repeat Customer,2861,5,Low Value
CUST04684,6,13,99120.54,18209.48,16520.09,Repeat Customer,4072,2,Low Value
CUST04685,4,7,58459.67999999999,9957.49,14614.919999999998,Repeat Customer,4755,1,Low Value
CUST04686,7,14,81135.14,10791.85,11590.734285714285,Repeat Customer,4399,2,Low Value
CUST04687,11,21,174454.63,31954.53,15859.511818181818,Repeat Customer,2526,5,Low Value
CUST04688,8,20,139551.55,8661.43,17443.94375,Repeat Customer,3248,4,Low Value
CUST04689,9,14,80757.53,12896.66,8973.058888888889,Repeat Customer,4406,2,Low Value
CUST04690,13,19,184396.04,18800.57,14184.31076923077,Repeat Customer,2340,6,Low Value
CUST04691,9,12,163341.01,28921.2,18149.001111111113,Repeat Customer,2745,5,Low Value
CUST04692,11,16,148429.34,29371.53,13493.576363636363,Repeat Customer,3050,4,Low Value
CUST04693,13,23,232591.34,46183.24,17891.64153846154,Repeat Customer,1575,7,Medium Value
CUST04694,9,10,72259.39,5494.4,8028.821111111111,Repeat Customer,4560,1,Low Value
CUST04695,7,14,179937.59,24076.34,25705.37,Repeat Customer,2420,6,Low Value
CUST04696,15,22,219887.03,30717.15,14659.135333333334,Repeat Customer,1757,7,Medium Value
CUST04697,9,11,137965.66,23732.89,15329.517777777779,Repeat Customer,3278,4,Low Value
CUST04698,14,23,336865.93,20346.57,24061.852142857144,Repeat Customer,602,9,Medium Value
CUST04699,9,13,210498.97999999998,-2477.1000000000004,23388.775555555552,Repeat Customer,1886,7,Medium Value
CUST04700,14,20,154558.63,21858.8,11039.902142857143,Repeat Customer,2918,5,Low Value
CUST04701,17,22,251550.76,40704.909999999996,14797.103529411765,Repeat Customer,1362,8,Medium Value
CUST04702,6,9,82578.0,17539.25,13763.0,Repeat Customer,4377,2,Low Value
CUST04703,13,21,178673.34,35032.63,13744.103076923077,Repeat Customer,2458,6,Low Value
CUST04704,11,17,261847.25,38910.06,23804.295454545456,Repeat Customer,1239,8,Medium Value
CUST04705,10,15,124152.53,20718.09,12415.253,Repeat Customer,3582,3,Low Value
CUST04706,16,20,263229.53,34309.77,16451.845625,Repeat Customer,1227,8,Medium Value
CUST04707,7,20,391833.85000000003,63795.38,55976.26428571429,Repeat Customer,357,10,High Value
CUST04708,10,26,192333.8,30771.42,19233.379999999997,Repeat Customer,2192,6,Low Value
CUST04709,4,10,119511.39,15847.85,29877.8475,Repeat Customer,3674,3,Low Value
CUST04710,16,20,230508.3,37232.18,14406.76875,Repeat Customer,1604,7,Medium Value
CUST04711,6,8,156334.69,20456.37,26055.781666666666,Repeat Customer,2890,5,Low Value
CUST04712,8,11,72985.16,13932.65,9123.145,Repeat Customer,4548,1,Low Value
CUST04713,10,21,291981.21,48450.2,29198.121000000003,Repeat Customer,939,9,Medium Value
CUST04714,13,21,445373.32,74802.44,34259.486153846156,Repeat Customer,183,10,High Value
CUST04715,7,15,90701.2,15362.31,12957.314285714285,Repeat Customer,4241,2,Low Value
CUST04716,8,11,90910.38,18049.72,11363.7975,Repeat Customer,4233,2,Low Value
CUST04717,11,18,156589.28,26817.64,14235.389090909091,Repeat Customer,2884,5,Low Value
CUST04718,5,5,19947.010000000002,3462.72,3989.4020000000005,Repeat Customer,4984,1,Low Value
CUST04719,8,20,274267.26,46669.76,34283.4075,Repeat Customer,1113,8,Medium Value
CUST04720,13,17,176286.12,37089.42,13560.47076923077,Repeat Customer,2495,6,Low Value
CUST04721,10,15,99031.19,16165.779999999999,9903.119,Repeat Customer,4076,2,Low Value
CUST04722,9,14,105981.46,21268.95,11775.717777777778,Repeat Customer,3926,3,Low Value
CUST04723,9,13,140443.81,28051.79,15604.867777777778,Repeat Customer,3229,4,Low Value
CUST04724,6,11,130950.59,18545.269999999997,21825.09833333333,Repeat Customer,3449,4,Low Value
CUST04725,4,7,82853.98000000001,18194.9,20713.495000000003,Repeat Customer,4370,2,Low Value
CUST04726,16,29,455826.53,50888.69,28489.158125,Repeat Customer,166,10,High Value
CUST04727,17,29,286470.21,27934.79,16851.188823529414,Repeat Customer,997,9,Medium Value
CUST04728,14,21,197805.03,28895.39,14128.930714285714,Repeat Customer,2081,6,Low Value
CUST04729,8,11,158776.25,29174.52,19847.03125,Repeat Customer,2843,5,Low Value
CUST04730,11,18,524018.14,90721.09,47638.012727272726,Repeat Customer,88,10,High Value
CUST04731,10,20,275072.56,30191.37,27507.256,Repeat Customer,1107,8,Medium Value
CUST04732,10,15,128744.22,21159.45,12874.422,Repeat Customer,3498,4,Low Value
CUST04733,11,21,296585.43,62015.97,26962.311818181817,Repeat Customer,901,9,Medium Value
CUST04734,12,23,484917.7,79604.94,40409.808333333334,Repeat Customer,121,10,High Value
CUST04735,11,19,212053.31,30974.03,19277.573636363635,Repeat Customer,1867,7,Medium Value
CUST04736,10,25,221093.74000000002,15925.49,22109.374000000003,Repeat Customer,1736,7,Medium Value
CUST04737,10,18,145659.54,15587.24,14565.954000000002,Repeat Customer,3111,4,Low Value
CUST04738,8,19,315336.32,51021.25,39417.04,Repeat Customer,737,9,Medium Value
CUST04739,10,16,97452.41,15766.83,9745.241,Repeat Customer,4105,2,Low Value
CUST04740,8,13,104099.04000000001,16419.77,13012.380000000001,Repeat Customer,3964,3,Low Value
CUST04741,13,26,394658.6,62036.35,30358.353846153845,Repeat Customer,350,10,High Value
CUST04742,16,34,297468.47000000003,49069.12,18591.779375000002,Repeat Customer,893,9,Medium Value
CUST04743,6,6,29547.64,4477.7,4924.606666666667,Repeat Customer,4955,1,Low Value
CUST04744,15,20,248421.97,44579.86,16561.464666666667,Repeat Customer,1395,8,Medium Value
CUST04745,8,17,307416.35,62229.6,38427.04375,Repeat Customer,807,9,Medium Value
CUST04746,9,13,94671.86,11997.63,10519.095555555556,Repeat Customer,4167,2,Low Value
CUST04747,6,7,90771.31,18024.33,15128.551666666666,Repeat Customer,4239,2,Low Value
CUST04748,8,10,61918.58,12101.07,7739.8225,Repeat Customer,4701,1,Low Value
CUST04749,7,14,160792.68,28074.99,22970.382857142857,Repeat Customer,2794,5,Low Value
CUST04750,12,23,218739.06,41704.27,18228.255,Repeat Customer,1779,7,Medium Value
CUST04751,11,18,428020.8,87650.31999999999,38910.98181818182,Repeat Customer,231,10,High Value
CUST04752,14,29,181932.0,32879.67,12995.142857142857,Repeat Customer,2391,6,Low Value
CUST04753,7,13,80501.11,11041.95,11500.158571428572,Repeat Customer,4411,2,Low Value
CUST04754,8,14,124785.08,19895.71,15598.135,Repeat Customer,3569,3,Low Value
CUST04755,12,17,223829.02000000002,39694.35,18652.418333333335,Repeat Customer,1693,7,Medium Value
CUST04756,10,12,230269.16999999998,38738.369999999995,23026.916999999998,Repeat Customer,1609,7,Medium Value
CUST04757,17,34,348783.08,53459.08,20516.651764705883,Repeat Customer,539,9,Medium Value
CUST04758,11,19,147914.3,9271.36,13446.754545454545,Repeat Customer,3068,4,Low Value
CUST04759,6,14,90456.22,13220.81,15076.036666666667,Repeat Customer,4246,2,Low Value
CUST04760,3,6,36530.53999999999,9367.18,12176.846666666665,Repeat Customer,4924,1,Low Value
CUST04761,9,18,187601.28000000003,36338.91,20844.58666666667,Repeat Customer,2278,6,Low Value
CUST04762,15,29,261333.86000000002,31596.68,17422.257333333335,Repeat Customer,1246,8,Medium Value
CUST04763,15,28,148922.0,21795.94,9928.133333333333,Repeat Customer,3036,4,Low Value
CUST04764,14,23,149829.89,20905.32,10702.135,Repeat Customer,3011,4,Low Value
CUST04765,11,24,431134.7,63983.39000000001,39194.06363636364,Repeat Customer,222,10,High Value
CUST04766,7,15,49197.15,9669.44,7028.164285714286,Repeat Customer,4841,1,Low Value
CUST04767,9,16,280221.7,52153.51,31135.744444444445,Repeat Customer,1051,8,Medium Value
CUST04768,10,17,382056.87,52809.950000000004,38205.687,Repeat Customer,387,10,High Value
CUST04769,10,11,136512.81,27496.15,13651.280999999999,Repeat Customer,3316,4,Low Value
CUST04770,6,8,68948.43,11762.81,11491.404999999999,Repeat Customer,4610,1,Low Value
CUST04771,12,21,339622.01,54159.5,28301.834166666667,Repeat Customer,581,9,Medium Value
CUST04772,13,23,346701.49,58847.99,26669.345384615382,Repeat Customer,547,9,Medium Value
CUST04773,11,19,146798.15,26372.82,13345.286363636364,Repeat Customer,3090,4,Low Value
CUST04774,11,22,406513.77,68801.57,36955.79727272727,Repeat Customer,302,10,High Value
CUST04775,11,18,139881.31,24069.09,12716.482727272727,Repeat Customer,3242,4,Low Value
CUST04776,13,23,345381.77,44422.23,26567.828461538462,Repeat Customer,556,9,Medium Value
CUST04777,10,13,90562.70999999999,11202.01,9056.270999999999,Repeat Customer,4245,2,Low Value
CUST04778,7,11,117931.75,18702.88,16847.39285714286,Repeat Customer,3707,3,Low Value
CUST04779,8,15,145522.12,15390.79,18190.265,Repeat Customer,3116,4,Low Value
CUST04780,10,15,261997.39,56738.82,26199.739,Repeat Customer,1237,8,Medium Value
CUST04781,13,21,118780.4,19685.36,9136.953846153845,Repeat Customer,3689,3,Low Value
CUST04782,14,32,402348.24,60133.46,28739.16,Repeat Customer,321,10,High Value
CUST04783,12,23,323053.04,53293.13,26921.086666666666,Repeat Customer,689,9,Medium Value
CUST04784,13,37,218416.64,26688.86,16801.280000000002,Repeat Customer,1788,7,Medium Value
CUST04785,5,12,58652.5,11065.12,11730.5,Repeat Customer,4752,1,Low Value
CUST04786,5,10,126183.46,30060.37,25236.692000000003,Repeat Customer,3541,3,Low Value
CUST04787,9,12,206516.47,35035.47,22946.274444444443,Repeat Customer,1945,7,Medium Value
CUST04788,14,26,272410.04,27542.82,19457.859999999997,Repeat Customer,1134,8,Medium Value
CUST04789,7,11,107587.06,13853.68,15369.58,Repeat Customer,3896,3,Low Value
CUST04790,9,19,179022.27,25974.8,19891.36333333333,Repeat Customer,2448,6,Low Value
CUST04791,6,14,96455.89,15163.630000000001,16075.981666666667,Repeat Customer,4133,2,Low Value
CUST04792,7,7,42859.72,7363.33,6122.817142857143,Repeat Customer,4890,1,Low Value
CUST04793,10,16,59249.07,12436.210000000001,5924.907,Repeat Customer,4744,1,Low Value
CUST04794,8,14,184304.21000000002,31041.260000000002,23038.026250000003,Repeat Customer,2344,6,Low Value
CUST04795,6,15,90678.23,19889.86,15113.038333333332,Repeat Customer,4242,2,Low Value
CUST04796,9,15,282677.45,43881.65,31408.605555555558,Repeat Customer,1032,8,Medium Value
CUST04797,19,38,413283.39999999997,66236.97,21751.757894736842,Repeat Customer,279,10,High Value
CUST04798,13,18,147078.49,27948.230000000003,11313.73,Repeat Customer,3085,4,Low Value
CUST04799,12,26,368152.12,55355.48,30679.343333333334,Repeat Customer,450,10,High Value
CUST04800,9,19,219649.5,44178.89,24405.5,Repeat Customer,1762,7,Medium Value
CUST04801,13,22,366478.45,60708.81,28190.65,Repeat Customer,458,10,High Value
CUST04802,6,12,70842.54000000001,14331.8,11807.090000000002,Repeat Customer,4581,1,Low Value
CUST04803,11,28,482891.76999999996,76084.21,43899.251818181816,Repeat Customer,125,10,High Value
CUST04804,11,26,353216.99,49507.490000000005,32110.635454545452,Repeat Customer,518,9,Medium Value
CUST04805,8,13,131382.05,16552.8,16422.75625,Repeat Customer,3437,4,Low Value
CUST04806,12,27,141713.4,15796.46,11809.449999999999,Repeat Customer,3198,4,Low Value
CUST04807,11,17,229359.54,27712.52,20850.867272727275,Repeat Customer,1624,7,Medium Value
CUST04808,6,11,77567.73,16629.64,12927.955,Repeat Customer,4472,2,Low Value
CUST04809,9,19,271653.89,41495.85,30183.765555555558,Repeat Customer,1139,8,Medium Value
CUST04810,13,25,480348.85000000003,64283.98,36949.91153846154,Repeat Customer,130,10,High Value
CUST04811,10,18,162803.02,17148.44,16280.302,Repeat Customer,2753,5,Low Value
CUST04812,9,13,62948.64,11860.96,6994.293333333333,Repeat Customer,4692,1,Low Value
CUST04813,6,10,141404.78,23962.51,23567.463333333333,Repeat Customer,3204,4,Low Value
CUST04814,14,19,318544.56,41947.77,22753.182857142856,Repeat Customer,715,9,Medium Value
CUST04815,10,17,290914.95,39080.130000000005,29091.495000000003,Repeat Customer,959,9,Medium Value
CUST04816,12,20,354343.96,16128.419999999998,29528.663333333334,Repeat Customer,513,9,Medium Value
CUST04817,14,19,202243.81,36313.73,14445.986428571428,Repeat Customer,2010,6,Low Value
CUST04818,12,14,223305.62,39866.08,18608.801666666666,Repeat Customer,1700,7,Medium Value
CUST04819,10,19,190190.7,29462.5,19019.07,Repeat Customer,2226,6,Low Value
CUST04820,11,15,184878.22999999998,19626.57,16807.111818181816,Repeat Customer,2331,6,Low Value
CUST04821,19,29,619034.7,99585.38,32580.773684210522,Repeat Customer,25,10,High Value
CUST04822,7,14,118808.62,18160.89,16972.66,Repeat Customer,3688,3,Low Value
CUST04823,8,11,144515.04,22405.21,18064.38,Repeat Customer,3134,4,Low Value
CUST04824,10,23,292895.18,34516.43,29289.518,Repeat Customer,931,9,Medium Value
CUST04825,16,22,284670.38,57984.85,17791.89875,Repeat Customer,1010,8,Medium Value
CUST04826,15,31,532237.11,66362.24,35482.474,Repeat Customer,77,10,High Value
CUST04827,7,14,215688.11,22778.63,30812.58714285714,Repeat Customer,1824,7,Medium Value
CUST04828,14,28,215781.2,32348.13,15412.942857142858,Repeat Customer,1822,7,Medium Value
CUST04829,15,31,360042.04,17822.57,24002.802666666666,Repeat Customer,493,10,High Value
CUST04830,11,16,126378.83,14916.619999999999,11488.984545454545,Repeat Customer,3537,3,Low Value
CUST04831,8,10,136319.07,19041.09,17039.88375,Repeat Customer,3324,4,Low Value
CUST04832,11,25,186235.73,32922.0,16930.52090909091,Repeat Customer,2302,6,Low Value
CUST04833,12,26,344805.48,54611.58,28733.789999999997,Repeat Customer,561,9,Medium Value
CUST04834,6,12,311510.93,43674.200000000004,51918.488333333335,Repeat Customer,766,9,Medium Value
CUST04835,11,23,283526.21,39648.11,25775.11,Repeat Customer,1022,8,Medium Value
CUST04836,8,16,160046.26,3493.16,20005.7825,Repeat Customer,2811,5,Low Value
CUST04837,13,18,160095.11,21548.03,12315.00846153846,Repeat Customer,2810,5,Low Value
CUST04838,12,18,211084.73,33468.130000000005,17590.39416666667,Repeat Customer,1877,7,Medium Value
CUST04839,11,23,293931.23,19631.46,26721.02090909091,Repeat Customer,923,9,Medium Value
CUST04840,11,16,162469.53,30107.79,14769.957272727273,Repeat Customer,2760,5,Low Value
CUST04841,5,5,170031.57,29784.120000000003,34006.314,Repeat Customer,2603,5,Low Value
CUST04842,13,18,105105.03,14439.61,8085.002307692308,Repeat Customer,3946,3,Low Value
CUST04843,5,7,68020.58,8367.09,13604.116,Repeat Customer,4628,1,Low Value
CUST04844,15,25,374894.25,55989.81,24992.95,Repeat Customer,419,10,High Value
CUST04845,11,25,189230.98,28657.19,17202.816363636364,Repeat Customer,2240,6,Low Value
CUST04846,6,6,51223.32,8776.28,8537.22,Repeat Customer,4831,1,Low Value
CUST04847,15,27,237904.97,48913.280000000006,15860.331333333334,Repeat Customer,1511,7,Medium Value
CUST04848,9,23,87332.51000000001,15271.619999999999,9703.612222222224,Repeat Customer,4292,2,Low Value
CUST04849,11,20,165798.75,29668.87,15072.613636363636,Repeat Customer,2693,5,Low Value
CUST04850,12,17,198241.72,28367.31,16520.143333333333,Repeat Customer,2071,6,Low Value
CUST04851,13,15,135220.31,24266.58,10401.562307692308,Repeat Customer,3352,4,Low Value
CUST04852,9,9,103074.7,3714.33,11452.744444444445,Repeat Customer,3985,3,Low Value
CUST04853,10,22,148924.29,26195.37,14892.429,Repeat Customer,3035,4,Low Value
CUST04854,12,17,132442.4,24834.84,11036.866666666667,Repeat Customer,3414,4,Low Value
CUST04855,7,20,195854.8,32528.739999999998,27979.257142857143,Repeat Customer,2120,6,Low Value
CUST04856,13,20,167231.18,28540.23,12863.936923076923,Repeat Customer,2659,5,Low Value
CUST04857,5,14,167531.84,42567.21,33506.368,Repeat Customer,2652,5,Low Value
CUST04858,3,3,71992.86,15289.820000000002,23997.62,Repeat Customer,4564,1,Low Value
CUST04859,9,13,167406.77,23038.05,18600.75222222222,Repeat Customer,2657,5,Low Value
CUST04860,12,20,92772.03,7475.64,7731.0025,Repeat Customer,4199,2,Low Value
CUST04861,9,19,152209.73,21719.17,16912.192222222224,Repeat Customer,2978,5,Low Value
CUST04862,14,21,181343.8,25607.33,12953.128571428571,Repeat Customer,2403,6,Low Value
CUST04863,8,17,317579.64999999997,51274.829999999994,39697.456249999996,Repeat Customer,724,9,Medium Value
CUST04864,10,22,425674.16,90803.83,42567.416,Repeat Customer,241,10,High Value
CUST04865,12,17,107088.72,15671.4,8924.06,Repeat Customer,3905,3,Low Value
CUST04866,11,26,289153.94,37164.67,26286.721818181817,Repeat Customer,969,9,Medium Value
CUST04867,10,18,109271.41,23325.780000000002,10927.141,Repeat Customer,3868,3,Low Value
CUST04868,11,17,158269.83,16488.149999999998,14388.166363636363,Repeat Customer,2855,5,Low Value
CUST04869,6,14,69603.39,11425.34,11600.565,Repeat Customer,4598,1,Low Value
CUST04870,12,17,186704.13,27140.920000000002,15558.6775,Repeat Customer,2294,6,Low Value
CUST04871,11,17,124751.74,25883.07,11341.067272727274,Repeat Customer,3570,3,Low Value
CUST04872,9,20,430842.3,86237.40000000001,47871.36666666667,Repeat Customer,223,10,High Value
CUST04873,13,25,255385.61,27544.74,19645.046923076923,Repeat Customer,1306,8,Medium Value
CUST04874,16,26,244322.28,29886.670000000002,15270.1425,Repeat Customer,1441,8,Medium Value
CUST04875,7,13,150993.69999999998,26589.72,21570.528571428567,Repeat Customer,2994,5,Low Value
CUST04876,5,11,84403.48000000001,12435.279999999999,16880.696000000004,Repeat Customer,4338,2,Low Value
CUST04877,8,13,180998.09,26050.98,22624.76125,Repeat Customer,2409,6,Low Value
CUST04878,16,32,512623.39,104922.01000000001,32038.961875,Repeat Customer,101,10,High Value
CUST04879,5,10,379018.31,50566.77,75803.662,Repeat Customer,403,10,High Value
CUST04880,11,19,96847.02,14150.65,8804.274545454546,Repeat Customer,4123,2,Low Value
CUST04881,11,21,173227.47,25583.47,15747.951818181818,Repeat Customer,2551,5,Low Value
CUST04882,9,21,254445.19999999998,49783.68,28271.688888888886,Repeat Customer,1320,8,Medium Value
CUST04883,15,25,260838.4,30361.82,17389.226666666666,Repeat Customer,1251,8,Medium Value
CUST04884,12,20,279561.1,24551.01,23296.75833333333,Repeat Customer,1057,8,Medium Value
CUST04885,16,31,250801.04,43816.23,15675.065,Repeat Customer,1370,8,Medium Value
CUST04886,13,22,160486.3,17516.61,12345.099999999999,Repeat Customer,2800,5,Low Value
CUST04887,14,19,204807.94999999998,32086.54,14629.139285714284,Repeat Customer,1966,7,Medium Value
CUST04888,11,20,305065.32,43637.85,27733.21090909091,Repeat Customer,825,9,Medium Value
CUST04889,12,18,147524.53,9332.98,12293.710833333333,Repeat Customer,3076,4,Low Value
CUST04890,11,24,444050.36000000004,84424.45999999999,40368.214545454546,Repeat Customer,189,10,High Value
CUST04891,11,16,109775.06,21591.37,9979.550909090909,Repeat Customer,3860,3,Low Value
CUST04892,7,11,82364.03,15072.859999999999,11766.289999999999,Repeat Customer,4380,2,Low Value
CUST04893,11,30,300047.55,31334.79,27277.05,Repeat Customer,873,9,Medium Value
CUST04894,12,18,326481.93,63661.94,27206.8275,Repeat Customer,663,9,Medium Value
CUST04895,8,11,57359.38,11402.04,7169.9225,Repeat Customer,4770,1,Low Value
CUST04896,14,24,420822.06000000006,62247.240000000005,30058.718571428577,Repeat Customer,255,10,High Value
CUST04897,14,24,303249.69,55492.619999999995,21660.692142857144,Repeat Customer,838,9,Medium Value
CUST04898,17,42,436749.18,70519.01000000001,25691.128235294116,Repeat Customer,208,10,High Value
CUST04899,12,22,292301.28,40504.71,24358.440000000002,Repeat Customer,936,9,Medium Value
CUST04900,6,6,96880.75,16985.41,16146.791666666666,Repeat Customer,4120,2,Low Value
CUST04901,9,12,141678.94,20830.54,15742.104444444445,Repeat Customer,3199,4,Low Value
CUST04902,11,18,165109.21,16345.0,15009.92818181818,Repeat Customer,2712,5,Low Value
CUST04903,10,22,236247.03999999998,49582.83,23624.703999999998,Repeat Customer,1533,7,Medium Value
CUST04904,11,19,99519.54000000001,18652.32,9047.23090909091,Repeat Customer,4063,2,Low Value
CUST04905,12,17,231919.22,43761.76,19326.601666666666,Repeat Customer,1587,7,Medium Value
CUST04906,11,16,247075.69999999998,53361.520000000004,22461.427272727273,Repeat Customer,1411,8,Medium Value
CUST04907,2,2,11031.0,1926.89,5515.5,Repeat Customer,4993,1,Low Value
CUST04908,12,24,201906.38,38356.95,16825.531666666666,Repeat Customer,2018,6,Low Value
CUST04909,12,14,147172.85,27111.719999999998,12264.404166666667,Repeat Customer,3082,4,Low Value
CUST04910,9,19,328731.57,79539.98,36525.73,Repeat Customer,653,9,Medium Value
CUST04911,12,19,309190.43,57586.869999999995,25765.869166666667,Repeat Customer,787,9,Medium Value
CUST04912,13,26,298187.73,62085.58,22937.51769230769,Repeat Customer,887,9,Medium Value
CUST04913,10,18,169380.82,11241.41,16938.082000000002,Repeat Customer,2619,5,Low Value
CUST04914,11,18,130077.96,18753.3,11825.26909090909,Repeat Customer,3467,4,Low Value
CUST04915,7,11,34511.68,5706.36,4930.24,Repeat Customer,4937,1,Low Value
CUST04916,11,20,265125.18,52570.32,24102.28909090909,Repeat Customer,1212,8,Medium Value
CUST04917,8,11,145519.18,13297.78,18189.8975,Repeat Customer,3117,4,Low Value
CUST04918,20,36,354711.42,56388.57,17735.571,Repeat Customer,511,9,Medium Value
CUST04919,15,21,113660.87999999999,19567.52,7577.391999999999,Repeat Customer,3791,3,Low Value
CUST04920,14,19,169534.32,17469.7,12109.594285714285,Repeat Customer,2616,5,Low Value
CUST04921,13,23,149084.48,29767.77,11468.036923076925,Repeat Customer,3026,4,Low Value
CUST04922,8,16,362694.26,58862.99,45336.7825,Repeat Customer,471,10,High Value
CUST04923,8,14,167104.6,24516.2,20888.075,Repeat Customer,2662,5,Low Value
CUST04924,16,27,221776.22999999998,34321.3,13861.014374999999,Repeat Customer,1726,7,Medium Value
CUST04925,15,27,171571.77,37508.63,11438.117999999999,Repeat Customer,2576,5,Low Value
CUST04926,8,14,174926.47,36558.34,21865.80875,Repeat Customer,2519,5,Low Value
CUST04927,11,16,196002.4,25725.1,17818.399999999998,Repeat Customer,2115,6,Low Value
CUST04928,8,14,132840.33000000002,20267.62,16605.041250000002,Repeat Customer,3405,4,Low Value
CUST04929,12,22,198453.44,30181.44,16537.786666666667,Repeat Customer,2068,6,Low Value
CUST04930,7,9,45302.83,8590.02,6471.832857142857,Repeat Customer,4869,1,Low Value
CUST04931,11,25,465173.5,56286.66,42288.5,Repeat Customer,152,10,High Value
CUST04932,8,17,249932.97,42545.32,31241.62125,Repeat Customer,1378,8,Medium Value
CUST04933,8,10,94807.77,9835.6,11850.97125,Repeat Customer,4164,2,Low Value
CUST04934,14,24,568753.98,132049.19,40625.28428571428,Repeat Customer,48,10,High Value
CUST04935,11,14,183693.42,37501.71,16699.40181818182,Repeat Customer,2360,6,Low Value
CUST04936,16,26,284281.86,39436.3,17767.61625,Repeat Customer,1015,8,Medium Value
CUST04937,15,25,179333.51,33958.67,11955.567333333334,Repeat Customer,2438,6,Low Value
CUST04938,9,17,134988.47,19537.22,14998.718888888889,Repeat Customer,3361,4,Low Value
CUST04939,15,27,257027.22,43853.14,17135.148,Repeat Customer,1287,8,Medium Value
CUST04940,7,8,56632.020000000004,9466.13,8090.288571428572,Repeat Customer,4781,1,Low Value
CUST04941,7,15,166715.93,13095.19,23816.56142857143,Repeat Customer,2674,5,Low Value
CUST04942,10,22,193175.66,42295.79,19317.566,Repeat Customer,2177,6,Low Value
CUST04943,12,27,473260.70999999996,67283.05,39438.392499999994,Repeat Customer,144,10,High Value
CUST04944,16,21,360323.73,62904.85,22520.233125,Repeat Customer,491,10,High Value
CUST04945,8,12,112201.51,21904.68,14025.18875,Repeat Customer,3818,3,Low Value
CUST04946,6,12,60058.4,9792.48,10009.733333333334,Repeat Customer,4728,1,Low Value
CUST04947,13,27,445288.17,81965.35,34252.93615384615,Repeat Customer,184,10,High Value
CUST04948,6,13,79853.37,12469.630000000001,13308.894999999999,Repeat Customer,4426,2,Low Value
CUST04949,11,19,276205.47,50844.32,25109.58818181818,Repeat Customer,1097,8,Medium Value
CUST04950,9,18,129669.81,23294.11,14407.756666666666,Repeat Customer,3478,4,Low Value
CUST04951,8,11,111223.44,20585.32,13902.93,Repeat Customer,3837,3,Low Value
CUST04952,13,24,166475.14,10175.890000000001,12805.78,Repeat Customer,2675,5,Low Value
CUST04953,8,12,233718.41,25657.6,29214.80125,Repeat Customer,1561,7,Medium Value
CUST04954,8,16,313444.13,49576.71,39180.51625,Repeat Customer,749,9,Medium Value
CUST04955,12,22,168063.79,22355.99,14005.315833333334,Repeat Customer,2644,5,Low Value
CUST04956,10,18,125570.90000000001,18119.48,12557.09,Repeat Customer,3552,3,Low Value
CUST04957,9,11,168594.78999999998,21100.54,18732.754444444443,Repeat Customer,2630,5,Low Value
CUST04958,10,20,198566.43,41205.369999999995,19856.643,Repeat Customer,2065,6,Low Value
CUST04959,11,17,178870.22,31588.05,16260.92909090909,Repeat Customer,2451,6,Low Value
CUST04960,6,7,80401.4,902.1200000000001,13400.233333333332,Repeat Customer,4414,2,Low Value
CUST04961,7,18,148463.75,22047.170000000002,21209.10714285714,Repeat Customer,3047,4,Low Value
CUST04962,12,17,157597.64,18310.61,13133.136666666667,Repeat Customer,2872,5,Low Value
CUST04963,10,15,77223.91,11854.81,7722.3910000000005,Repeat Customer,4478,2,Low Value
CUST04964,16,26,217218.72,36555.14,13576.17,Repeat Customer,1802,7,Medium Value
CUST04965,17,26,236087.61,30667.21,13887.506470588234,Repeat Customer,1535,7,Medium Value
CUST04966,8,16,292158.16000000003,60301.92,36519.770000000004,Repeat Customer,937,9,Medium Value
CUST04967,8,20,220139.41,31261.45,27517.42625,Repeat Customer,1753,7,Medium Value
CUST04968,21,34,406135.02,44564.69,19339.762857142858,Repeat Customer,303,10,High Value
CUST04969,10,15,129801.41,25605.21,12980.141,Repeat Customer,3471,4,Low Value
CUST04970,6,11,72712.03,18058.65,12118.671666666667,Repeat Customer,4552,1,Low Value
CUST04971,7,8,74365.73,13180.68,10623.675714285713,Repeat Customer,4525,1,Low Value
CUST04972,14,20,140073.55,22486.6,10005.253571428571,Repeat Customer,3237,4,Low Value
CUST04973,9,12,128512.9,21467.64,14279.21111111111,Repeat Customer,3504,3,Low Value
CUST04974,13,25,341953.92,57689.54,26304.14769230769,Repeat Customer,573,9,Medium Value
CUST04975,18,35,333979.8,64446.329999999994,18554.433333333334,Repeat Customer,618,9,Medium Value
CUST04976,10,22,176990.02,21781.379999999997,17699.002,Repeat Customer,2485,6,Low Value
CUST04977,16,24,184862.44,30964.11,11553.9025,Repeat Customer,2332,6,Low Value
CUST04978,5,9,69755.38,14095.92,13951.076000000001,Repeat Customer,4596,1,Low Value
CUST04979,13,17,190315.27000000002,40308.71000000001,14639.636153846155,Repeat Customer,2225,6,Low Value
CUST04980,9,19,475407.71,94188.36,52823.07888888889,Repeat Customer,138,10,High Value
CUST04981,4,6,30405.34,6786.34,7601.335,Repeat Customer,4952,1,Low Value
CUST04982,12,23,207277.38,35533.46000000001,17273.115,Repeat Customer,1935,7,Medium Value
CUST04983,11,18,157969.63,13914.710000000001,14360.875454545456,Repeat Customer,2864,5,Low Value
CUST04984,5,9,45027.939999999995,5573.95,9005.588,Repeat Customer,4872,1,Low Value
CUST04985,8,16,91060.39,17835.83,11382.54875,Repeat Customer,4231,2,Low Value
CUST04986,16,28,186115.69,26240.039999999997,11632.230625,Repeat Customer,2304,6,Low Value
CUST04987,14,27,513378.62,82754.22,36669.90142857143,Repeat Customer,99,10,High Value
CUST04988,12,25,222437.63,45660.81,18536.469166666666,Repeat Customer,1716,7,Medium Value
CUST04989,12,20,174141.21,30160.84,14511.7675,Repeat Customer,2531,5,Low Value
CUST04990,9,16,142480.78,22342.04,15831.197777777777,Repeat Customer,3179,4,Low Value
CUST04991,6,12,135429.06,15153.8,22571.51,Repeat Customer,3344,4,Low Value
CUST04992,4,7,45165.19,3542.81,11291.2975,Repeat Customer,4870,1,Low Value
CUST04993,2,4,26151.15,1966.1200000000001,13075.575,Repeat Customer,4972,1,Low Value
CUST04994,7,10,89843.39,8109.23,12834.77,Repeat Customer,4255,2,Low Value
CUST04995,10,16,301909.06,58710.85,30190.906,Repeat Customer,857,9,Medium Value
CUST04996,10,14,223971.01,26558.88,22397.101000000002,Repeat Customer,1691,7,Medium Value
CUST04997,9,23,233675.2,36446.76,25963.911111111112,Repeat Customer,1562,7,Medium Value
CUST04998,13,23,178840.97,42177.32000000001,13756.997692307692,Repeat Customer,2452,6,Low Value
CUST04999,11,18,124547.59999999999,18228.89,11322.50909090909,Repeat Customer,3575,3,Low Value
CUST05000,7,12,323662.32,48266.4,46237.474285714285,Repeat Customer,686,9,Medium Value
